month_end,condition,demographics_type,demographics_values,rate_per_100000_visits
2026-05,Anxiety Disorders,Age,12-17 years,2160
2026-05,Anxiety Disorders,Age,18-34 years,2864
2026-05,Anxiety Disorders,Age,35-64 years,3171
2026-05,Anxiety Disorders,Age,65+ years,2838
2026-05,Anxiety Disorders,Age,All,2636
2026-05,Anxiety Disorders,RaceEthnicity,AI/AN,2800
2026-05,Anxiety Disorders,RaceEthnicity,All,2636
2026-05,Anxiety Disorders,RaceEthnicity,Asian,1584
2026-05,Anxiety Disorders,RaceEthnicity,Black,1672
2026-05,Anxiety Disorders,RaceEthnicity,Hispanic,2158
2026-05,Anxiety Disorders,RaceEthnicity,Multiple/Other,2037
2026-05,Anxiety Disorders,RaceEthnicity,NHOPI,1275
2026-05,Anxiety Disorders,RaceEthnicity,White,3296
2026-05,Anxiety Disorders,Sex,All,2636
2026-05,Anxiety Disorders,Sex,Female,3072
2026-05,Anxiety Disorders,Sex,Male,2104
2026-05,Anxiety Disorders,Total,All,2636
2026-04,Anxiety Disorders,Age,12-17 years,2271
2026-04,Anxiety Disorders,Age,18-34 years,2925
2026-04,Anxiety Disorders,Age,35-64 years,3231
2026-04,Anxiety Disorders,Age,65+ years,2923
2026-04,Anxiety Disorders,Age,All,2688
2026-04,Anxiety Disorders,RaceEthnicity,AI/AN,2927
2026-04,Anxiety Disorders,RaceEthnicity,All,2688
2026-04,Anxiety Disorders,RaceEthnicity,Asian,1589
2026-04,Anxiety Disorders,RaceEthnicity,Black,1685
2026-04,Anxiety Disorders,RaceEthnicity,Hispanic,2190
2026-04,Anxiety Disorders,RaceEthnicity,Multiple/Other,1999
2026-04,Anxiety Disorders,RaceEthnicity,NHOPI,1362
2026-04,Anxiety Disorders,RaceEthnicity,White,3381
2026-04,Anxiety Disorders,Sex,All,2688
2026-04,Anxiety Disorders,Sex,Female,3114
2026-04,Anxiety Disorders,Sex,Male,2162
2026-04,Anxiety Disorders,Total,All,2688
2026-03,Anxiety Disorders,Age,12-17 years,2153
2026-03,Anxiety Disorders,Age,18-34 years,2893
2026-03,Anxiety Disorders,Age,35-64 years,3187
2026-03,Anxiety Disorders,Age,65+ years,2893
2026-03,Anxiety Disorders,Age,All,2626
2026-03,Anxiety Disorders,RaceEthnicity,AI/AN,2889
2026-03,Anxiety Disorders,RaceEthnicity,All,2626
2026-03,Anxiety Disorders,RaceEthnicity,Asian,1569
2026-03,Anxiety Disorders,RaceEthnicity,Black,1651
2026-03,Anxiety Disorders,RaceEthnicity,Hispanic,2113
2026-03,Anxiety Disorders,RaceEthnicity,Multiple/Other,1915
2026-03,Anxiety Disorders,RaceEthnicity,NHOPI,1322
2026-03,Anxiety Disorders,RaceEthnicity,White,3312
2026-03,Anxiety Disorders,Sex,All,2626
2026-03,Anxiety Disorders,Sex,Female,3030
2026-03,Anxiety Disorders,Sex,Male,2126
2026-03,Anxiety Disorders,Total,All,2626
2026-02,Anxiety Disorders,Age,12-17 years,2117
2026-02,Anxiety Disorders,Age,18-34 years,2848
2026-02,Anxiety Disorders,Age,35-64 years,3125
2026-02,Anxiety Disorders,Age,65+ years,2884
2026-02,Anxiety Disorders,Age,All,2584
2026-02,Anxiety Disorders,RaceEthnicity,AI/AN,2852
2026-02,Anxiety Disorders,RaceEthnicity,All,2584
2026-02,Anxiety Disorders,RaceEthnicity,Asian,1551
2026-02,Anxiety Disorders,RaceEthnicity,Black,1656
2026-02,Anxiety Disorders,RaceEthnicity,Hispanic,2053
2026-02,Anxiety Disorders,RaceEthnicity,Multiple/Other,1829
2026-02,Anxiety Disorders,RaceEthnicity,NHOPI,1310
2026-02,Anxiety Disorders,RaceEthnicity,White,3261
2026-02,Anxiety Disorders,Sex,All,2584
2026-02,Anxiety Disorders,Sex,Female,2971
2026-02,Anxiety Disorders,Sex,Male,2108
2026-02,Anxiety Disorders,Total,All,2584
2026-01,Anxiety Disorders,Age,12-17 years,2188
2026-01,Anxiety Disorders,Age,18-34 years,2736
2026-01,Anxiety Disorders,Age,35-64 years,3076
2026-01,Anxiety Disorders,Age,65+ years,2825
2026-01,Anxiety Disorders,Age,All,2556
2026-01,Anxiety Disorders,RaceEthnicity,AI/AN,2740
2026-01,Anxiety Disorders,RaceEthnicity,All,2556
2026-01,Anxiety Disorders,RaceEthnicity,Asian,1525
2026-01,Anxiety Disorders,RaceEthnicity,Black,1602
2026-01,Anxiety Disorders,RaceEthnicity,Hispanic,2093
2026-01,Anxiety Disorders,RaceEthnicity,Multiple/Other,1811
2026-01,Anxiety Disorders,RaceEthnicity,NHOPI,1266
2026-01,Anxiety Disorders,RaceEthnicity,White,3220
2026-01,Anxiety Disorders,Sex,All,2556
2026-01,Anxiety Disorders,Sex,Female,2922
2026-01,Anxiety Disorders,Sex,Male,2103
2026-01,Anxiety Disorders,Total,All,2556
2025-12,Anxiety Disorders,Age,12-17 years,1840
2025-12,Anxiety Disorders,Age,18-34 years,2585
2025-12,Anxiety Disorders,Age,35-64 years,2952
2025-12,Anxiety Disorders,Age,65+ years,2689
2025-12,Anxiety Disorders,Age,All,2384
2025-12,Anxiety Disorders,RaceEthnicity,AI/AN,2667
2025-12,Anxiety Disorders,RaceEthnicity,All,2384
2025-12,Anxiety Disorders,RaceEthnicity,Asian,1423
2025-12,Anxiety Disorders,RaceEthnicity,Black,1491
2025-12,Anxiety Disorders,RaceEthnicity,Hispanic,1930
2025-12,Anxiety Disorders,RaceEthnicity,Multiple/Other,1656
2025-12,Anxiety Disorders,RaceEthnicity,NHOPI,1292
2025-12,Anxiety Disorders,RaceEthnicity,White,3026
2025-12,Anxiety Disorders,Sex,All,2384
2025-12,Anxiety Disorders,Sex,Female,2729
2025-12,Anxiety Disorders,Sex,Male,1959
2025-12,Anxiety Disorders,Total,All,2384
2025-11,Anxiety Disorders,Age,12-17 years,2167
2025-11,Anxiety Disorders,Age,18-34 years,2874
2025-11,Anxiety Disorders,Age,35-64 years,3125
2025-11,Anxiety Disorders,Age,65+ years,2761
2025-11,Anxiety Disorders,Age,All,2570
2025-11,Anxiety Disorders,RaceEthnicity,AI/AN,2832
2025-11,Anxiety Disorders,RaceEthnicity,All,2570
2025-11,Anxiety Disorders,RaceEthnicity,Asian,1577
2025-11,Anxiety Disorders,RaceEthnicity,Black,1664
2025-11,Anxiety Disorders,RaceEthnicity,Hispanic,2117
2025-11,Anxiety Disorders,RaceEthnicity,Multiple/Other,1926
2025-11,Anxiety Disorders,RaceEthnicity,NHOPI,1385
2025-11,Anxiety Disorders,RaceEthnicity,White,3196
2025-11,Anxiety Disorders,Sex,All,2570
2025-11,Anxiety Disorders,Sex,Female,2955
2025-11,Anxiety Disorders,Sex,Male,2095
2025-11,Anxiety Disorders,Total,All,2570
2025-10,Anxiety Disorders,Age,12-17 years,2192
2025-10,Anxiety Disorders,Age,18-34 years,2914
2025-10,Anxiety Disorders,Age,35-64 years,3122
2025-10,Anxiety Disorders,Age,65+ years,2774
2025-10,Anxiety Disorders,Age,All,2608
2025-10,Anxiety Disorders,RaceEthnicity,AI/AN,2834
2025-10,Anxiety Disorders,RaceEthnicity,All,2608
2025-10,Anxiety Disorders,RaceEthnicity,Asian,1577
2025-10,Anxiety Disorders,RaceEthnicity,Black,1658
2025-10,Anxiety Disorders,RaceEthnicity,Hispanic,2134
2025-10,Anxiety Disorders,RaceEthnicity,Multiple/Other,1915
2025-10,Anxiety Disorders,RaceEthnicity,NHOPI,1468
2025-10,Anxiety Disorders,RaceEthnicity,White,3234
2025-10,Anxiety Disorders,Sex,All,2608
2025-10,Anxiety Disorders,Sex,Female,3024
2025-10,Anxiety Disorders,Sex,Male,2096
2025-10,Anxiety Disorders,Total,All,2608
2025-09,Anxiety Disorders,Age,12-17 years,2136
2025-09,Anxiety Disorders,Age,18-34 years,2880
2025-09,Anxiety Disorders,Age,35-64 years,3067
2025-09,Anxiety Disorders,Age,65+ years,2773
2025-09,Anxiety Disorders,Age,All,2585
2025-09,Anxiety Disorders,RaceEthnicity,AI/AN,2665
2025-09,Anxiety Disorders,RaceEthnicity,All,2585
2025-09,Anxiety Disorders,RaceEthnicity,Asian,1562
2025-09,Anxiety Disorders,RaceEthnicity,Black,1612
2025-09,Anxiety Disorders,RaceEthnicity,Hispanic,2096
2025-09,Anxiety Disorders,RaceEthnicity,Multiple/Other,1934
2025-09,Anxiety Disorders,RaceEthnicity,NHOPI,1403
2025-09,Anxiety Disorders,RaceEthnicity,White,3179
2025-09,Anxiety Disorders,Sex,All,2585
2025-09,Anxiety Disorders,Sex,Female,3003
2025-09,Anxiety Disorders,Sex,Male,2072
2025-09,Anxiety Disorders,Total,All,2585
2025-08,Anxiety Disorders,Age,12-17 years,2190
2025-08,Anxiety Disorders,Age,18-34 years,2885
2025-08,Anxiety Disorders,Age,35-64 years,3060
2025-08,Anxiety Disorders,Age,65+ years,2734
2025-08,Anxiety Disorders,Age,All,2606
2025-08,Anxiety Disorders,RaceEthnicity,AI/AN,2769
2025-08,Anxiety Disorders,RaceEthnicity,All,2606
2025-08,Anxiety Disorders,RaceEthnicity,Asian,1594
2025-08,Anxiety Disorders,RaceEthnicity,Black,1643
2025-08,Anxiety Disorders,RaceEthnicity,Hispanic,2137
2025-08,Anxiety Disorders,RaceEthnicity,Multiple/Other,1926
2025-08,Anxiety Disorders,RaceEthnicity,NHOPI,1472
2025-08,Anxiety Disorders,RaceEthnicity,White,3179
2025-08,Anxiety Disorders,Sex,All,2606
2025-08,Anxiety Disorders,Sex,Female,3034
2025-08,Anxiety Disorders,Sex,Male,2087
2025-08,Anxiety Disorders,Total,All,2606
2025-07,Anxiety Disorders,Age,12-17 years,2352
2025-07,Anxiety Disorders,Age,18-34 years,2917
2025-07,Anxiety Disorders,Age,35-64 years,3085
2025-07,Anxiety Disorders,Age,65+ years,2723
2025-07,Anxiety Disorders,Age,All,2651
2025-07,Anxiety Disorders,RaceEthnicity,AI/AN,2868
2025-07,Anxiety Disorders,RaceEthnicity,All,2651
2025-07,Anxiety Disorders,RaceEthnicity,Asian,1551
2025-07,Anxiety Disorders,RaceEthnicity,Black,1718
2025-07,Anxiety Disorders,RaceEthnicity,Hispanic,2193
2025-07,Anxiety Disorders,RaceEthnicity,Multiple/Other,1947
2025-07,Anxiety Disorders,RaceEthnicity,NHOPI,1509
2025-07,Anxiety Disorders,RaceEthnicity,White,3202
2025-07,Anxiety Disorders,Sex,All,2651
2025-07,Anxiety Disorders,Sex,Female,3082
2025-07,Anxiety Disorders,Sex,Male,2131
2025-07,Anxiety Disorders,Total,All,2651
2025-06,Anxiety Disorders,Age,12-17 years,2270
2025-06,Anxiety Disorders,Age,18-34 years,2925
2025-06,Anxiety Disorders,Age,35-64 years,3074
2025-06,Anxiety Disorders,Age,65+ years,2711
2025-06,Anxiety Disorders,Age,All,2620
2025-06,Anxiety Disorders,RaceEthnicity,AI/AN,2879
2025-06,Anxiety Disorders,RaceEthnicity,All,2620
2025-06,Anxiety Disorders,RaceEthnicity,Asian,1534
2025-06,Anxiety Disorders,RaceEthnicity,Black,1685
2025-06,Anxiety Disorders,RaceEthnicity,Hispanic,2148
2025-06,Anxiety Disorders,RaceEthnicity,Multiple/Other,1928
2025-06,Anxiety Disorders,RaceEthnicity,NHOPI,1437
2025-06,Anxiety Disorders,RaceEthnicity,White,3181
2025-06,Anxiety Disorders,Sex,All,2620
2025-06,Anxiety Disorders,Sex,Female,3049
2025-06,Anxiety Disorders,Sex,Male,2104
2025-06,Anxiety Disorders,Total,All,2620
2025-05,Anxiety Disorders,Age,12-17 years,2198
2025-05,Anxiety Disorders,Age,18-34 years,2895
2025-05,Anxiety Disorders,Age,35-64 years,3060
2025-05,Anxiety Disorders,Age,65+ years,2696
2025-05,Anxiety Disorders,Age,All,2556
2025-05,Anxiety Disorders,RaceEthnicity,AI/AN,2759
2025-05,Anxiety Disorders,RaceEthnicity,All,2556
2025-05,Anxiety Disorders,RaceEthnicity,Asian,1568
2025-05,Anxiety Disorders,RaceEthnicity,Black,1626
2025-05,Anxiety Disorders,RaceEthnicity,Hispanic,2025
2025-05,Anxiety Disorders,RaceEthnicity,Multiple/Other,1855
2025-05,Anxiety Disorders,RaceEthnicity,NHOPI,1340
2025-05,Anxiety Disorders,RaceEthnicity,White,3164
2025-05,Anxiety Disorders,Sex,All,2556
2025-05,Anxiety Disorders,Sex,Female,2966
2025-05,Anxiety Disorders,Sex,Male,2059
2025-05,Anxiety Disorders,Total,All,2556
2025-04,Anxiety Disorders,Age,12-17 years,2245
2025-04,Anxiety Disorders,Age,18-34 years,2904
2025-04,Anxiety Disorders,Age,35-64 years,3074
2025-04,Anxiety Disorders,Age,65+ years,2716
2025-04,Anxiety Disorders,Age,All,2566
2025-04,Anxiety Disorders,RaceEthnicity,AI/AN,2859
2025-04,Anxiety Disorders,RaceEthnicity,All,2566
2025-04,Anxiety Disorders,RaceEthnicity,Asian,1547
2025-04,Anxiety Disorders,RaceEthnicity,Black,1639
2025-04,Anxiety Disorders,RaceEthnicity,Hispanic,2014
2025-04,Anxiety Disorders,RaceEthnicity,Multiple/Other,1783
2025-04,Anxiety Disorders,RaceEthnicity,NHOPI,1237
2025-04,Anxiety Disorders,RaceEthnicity,White,3200
2025-04,Anxiety Disorders,Sex,All,2566
2025-04,Anxiety Disorders,Sex,Female,2974
2025-04,Anxiety Disorders,Sex,Male,2062
2025-04,Anxiety Disorders,Total,All,2566
2025-03,Anxiety Disorders,Age,12-17 years,2224
2025-03,Anxiety Disorders,Age,18-34 years,2882
2025-03,Anxiety Disorders,Age,35-64 years,3067
2025-03,Anxiety Disorders,Age,65+ years,2745
2025-03,Anxiety Disorders,Age,All,2552
2025-03,Anxiety Disorders,RaceEthnicity,AI/AN,2754
2025-03,Anxiety Disorders,RaceEthnicity,All,2552
2025-03,Anxiety Disorders,RaceEthnicity,Asian,1507
2025-03,Anxiety Disorders,RaceEthnicity,Black,1622
2025-03,Anxiety Disorders,RaceEthnicity,Hispanic,1973
2025-03,Anxiety Disorders,RaceEthnicity,Multiple/Other,1780
2025-03,Anxiety Disorders,RaceEthnicity,NHOPI,1448
2025-03,Anxiety Disorders,RaceEthnicity,White,3189
2025-03,Anxiety Disorders,Sex,All,2552
2025-03,Anxiety Disorders,Sex,Female,2950
2025-03,Anxiety Disorders,Sex,Male,2059
2025-03,Anxiety Disorders,Total,All,2552
2025-02,Anxiety Disorders,Age,12-17 years,1981
2025-02,Anxiety Disorders,Age,18-34 years,2695
2025-02,Anxiety Disorders,Age,35-64 years,2888
2025-02,Anxiety Disorders,Age,65+ years,2640
2025-02,Anxiety Disorders,Age,All,2398
2025-02,Anxiety Disorders,RaceEthnicity,AI/AN,2585
2025-02,Anxiety Disorders,RaceEthnicity,All,2398
2025-02,Anxiety Disorders,RaceEthnicity,Asian,1391
2025-02,Anxiety Disorders,RaceEthnicity,Black,1507
2025-02,Anxiety Disorders,RaceEthnicity,Hispanic,1866
2025-02,Anxiety Disorders,RaceEthnicity,Multiple/Other,1710
2025-02,Anxiety Disorders,RaceEthnicity,NHOPI,1110
2025-02,Anxiety Disorders,RaceEthnicity,White,2997
2025-02,Anxiety Disorders,Sex,All,2398
2025-02,Anxiety Disorders,Sex,Female,2763
2025-02,Anxiety Disorders,Sex,Male,1952
2025-02,Anxiety Disorders,Total,All,2398
2025-01,Anxiety Disorders,Age,12-17 years,2001
2025-01,Anxiety Disorders,Age,18-34 years,2579
2025-01,Anxiety Disorders,Age,35-64 years,2810
2025-01,Anxiety Disorders,Age,65+ years,2615
2025-01,Anxiety Disorders,Age,All,2335
2025-01,Anxiety Disorders,RaceEthnicity,AI/AN,2579
2025-01,Anxiety Disorders,RaceEthnicity,All,2335
2025-01,Anxiety Disorders,RaceEthnicity,Asian,1356
2025-01,Anxiety Disorders,RaceEthnicity,Black,1437
2025-01,Anxiety Disorders,RaceEthnicity,Hispanic,1809
2025-01,Anxiety Disorders,RaceEthnicity,Multiple/Other,1587
2025-01,Anxiety Disorders,RaceEthnicity,NHOPI,1134
2025-01,Anxiety Disorders,RaceEthnicity,White,2964
2025-01,Anxiety Disorders,Sex,All,2335
2025-01,Anxiety Disorders,Sex,Female,2675
2025-01,Anxiety Disorders,Sex,Male,1918
2025-01,Anxiety Disorders,Total,All,2335
2024-12,Anxiety Disorders,Age,12-17 years,1867
2024-12,Anxiety Disorders,Age,18-34 years,2593
2024-12,Anxiety Disorders,Age,35-64 years,2798
2024-12,Anxiety Disorders,Age,65+ years,2540
2024-12,Anxiety Disorders,Age,All,2273
2024-12,Anxiety Disorders,RaceEthnicity,AI/AN,2567
2024-12,Anxiety Disorders,RaceEthnicity,All,2273
2024-12,Anxiety Disorders,RaceEthnicity,Asian,1362
2024-12,Anxiety Disorders,RaceEthnicity,Black,1440
2024-12,Anxiety Disorders,RaceEthnicity,Hispanic,1778
2024-12,Anxiety Disorders,RaceEthnicity,Multiple/Other,1508
2024-12,Anxiety Disorders,RaceEthnicity,NHOPI,1124
2024-12,Anxiety Disorders,RaceEthnicity,White,2868
2024-12,Anxiety Disorders,Sex,All,2273
2024-12,Anxiety Disorders,Sex,Female,2602
2024-12,Anxiety Disorders,Sex,Male,1868
2024-12,Anxiety Disorders,Total,All,2273
2024-11,Anxiety Disorders,Age,12-17 years,2066
2024-11,Anxiety Disorders,Age,18-34 years,2840
2024-11,Anxiety Disorders,Age,35-64 years,3003
2024-11,Anxiety Disorders,Age,65+ years,2652
2024-11,Anxiety Disorders,Age,All,2458
2024-11,Anxiety Disorders,RaceEthnicity,AI/AN,2791
2024-11,Anxiety Disorders,RaceEthnicity,All,2458
2024-11,Anxiety Disorders,RaceEthnicity,Asian,1529
2024-11,Anxiety Disorders,RaceEthnicity,Black,1578
2024-11,Anxiety Disorders,RaceEthnicity,Hispanic,1943
2024-11,Anxiety Disorders,RaceEthnicity,Multiple/Other,1696
2024-11,Anxiety Disorders,RaceEthnicity,NHOPI,1259
2024-11,Anxiety Disorders,RaceEthnicity,White,3061
2024-11,Anxiety Disorders,Sex,All,2458
2024-11,Anxiety Disorders,Sex,Female,2831
2024-11,Anxiety Disorders,Sex,Male,1998
2024-11,Anxiety Disorders,Total,All,2458
2024-10,Anxiety Disorders,Age,12-17 years,2057
2024-10,Anxiety Disorders,Age,18-34 years,2905
2024-10,Anxiety Disorders,Age,35-64 years,2981
2024-10,Anxiety Disorders,Age,65+ years,2614
2024-10,Anxiety Disorders,Age,All,2483
2024-10,Anxiety Disorders,RaceEthnicity,AI/AN,2896
2024-10,Anxiety Disorders,RaceEthnicity,All,2483
2024-10,Anxiety Disorders,RaceEthnicity,Asian,1509
2024-10,Anxiety Disorders,RaceEthnicity,Black,1576
2024-10,Anxiety Disorders,RaceEthnicity,Hispanic,2027
2024-10,Anxiety Disorders,RaceEthnicity,Multiple/Other,1690
2024-10,Anxiety Disorders,RaceEthnicity,NHOPI,1381
2024-10,Anxiety Disorders,RaceEthnicity,White,3067
2024-10,Anxiety Disorders,Sex,All,2483
2024-10,Anxiety Disorders,Sex,Female,2878
2024-10,Anxiety Disorders,Sex,Male,2003
2024-10,Anxiety Disorders,Total,All,2483
2024-09,Anxiety Disorders,Age,12-17 years,2106
2024-09,Anxiety Disorders,Age,18-34 years,2898
2024-09,Anxiety Disorders,Age,35-64 years,2951
2024-09,Anxiety Disorders,Age,65+ years,2622
2024-09,Anxiety Disorders,Age,All,2492
2024-09,Anxiety Disorders,RaceEthnicity,AI/AN,2902
2024-09,Anxiety Disorders,RaceEthnicity,All,2492
2024-09,Anxiety Disorders,RaceEthnicity,Asian,1461
2024-09,Anxiety Disorders,RaceEthnicity,Black,1583
2024-09,Anxiety Disorders,RaceEthnicity,Hispanic,2064
2024-09,Anxiety Disorders,RaceEthnicity,Multiple/Other,1702
2024-09,Anxiety Disorders,RaceEthnicity,NHOPI,1386
2024-09,Anxiety Disorders,RaceEthnicity,White,3069
2024-09,Anxiety Disorders,Sex,All,2492
2024-09,Anxiety Disorders,Sex,Female,2896
2024-09,Anxiety Disorders,Sex,Male,2003
2024-09,Anxiety Disorders,Total,All,2492
2024-08,Anxiety Disorders,Age,12-17 years,2203
2024-08,Anxiety Disorders,Age,18-34 years,2913
2024-08,Anxiety Disorders,Age,35-64 years,2945
2024-08,Anxiety Disorders,Age,65+ years,2563
2024-08,Anxiety Disorders,Age,All,2522
2024-08,Anxiety Disorders,RaceEthnicity,AI/AN,2932
2024-08,Anxiety Disorders,RaceEthnicity,All,2522
2024-08,Anxiety Disorders,RaceEthnicity,Asian,1561
2024-08,Anxiety Disorders,RaceEthnicity,Black,1603
2024-08,Anxiety Disorders,RaceEthnicity,Hispanic,2130
2024-08,Anxiety Disorders,RaceEthnicity,Multiple/Other,1777
2024-08,Anxiety Disorders,RaceEthnicity,NHOPI,1655
2024-08,Anxiety Disorders,RaceEthnicity,White,3072
2024-08,Anxiety Disorders,Sex,All,2522
2024-08,Anxiety Disorders,Sex,Female,2928
2024-08,Anxiety Disorders,Sex,Male,2031
2024-08,Anxiety Disorders,Total,All,2522
2024-07,Anxiety Disorders,Age,12-17 years,2242
2024-07,Anxiety Disorders,Age,18-34 years,2900
2024-07,Anxiety Disorders,Age,35-64 years,2923
2024-07,Anxiety Disorders,Age,65+ years,2573
2024-07,Anxiety Disorders,Age,All,2534
2024-07,Anxiety Disorders,RaceEthnicity,AI/AN,2911
2024-07,Anxiety Disorders,RaceEthnicity,All,2534
2024-07,Anxiety Disorders,RaceEthnicity,Asian,1516
2024-07,Anxiety Disorders,RaceEthnicity,Black,1648
2024-07,Anxiety Disorders,RaceEthnicity,Hispanic,2144
2024-07,Anxiety Disorders,RaceEthnicity,Multiple/Other,1788
2024-07,Anxiety Disorders,RaceEthnicity,NHOPI,1449
2024-07,Anxiety Disorders,RaceEthnicity,White,3074
2024-07,Anxiety Disorders,Sex,All,2534
2024-07,Anxiety Disorders,Sex,Female,2929
2024-07,Anxiety Disorders,Sex,Male,2056
2024-07,Anxiety Disorders,Total,All,2534
2024-06,Anxiety Disorders,Age,12-17 years,2153
2024-06,Anxiety Disorders,Age,18-34 years,2849
2024-06,Anxiety Disorders,Age,35-64 years,2921
2024-06,Anxiety Disorders,Age,65+ years,2550
2024-06,Anxiety Disorders,Age,All,2485
2024-06,Anxiety Disorders,RaceEthnicity,AI/AN,2718
2024-06,Anxiety Disorders,RaceEthnicity,All,2485
2024-06,Anxiety Disorders,RaceEthnicity,Asian,1481
2024-06,Anxiety Disorders,RaceEthnicity,Black,1628
2024-06,Anxiety Disorders,RaceEthnicity,Hispanic,2078
2024-06,Anxiety Disorders,RaceEthnicity,Multiple/Other,1750
2024-06,Anxiety Disorders,RaceEthnicity,NHOPI,1402
2024-06,Anxiety Disorders,RaceEthnicity,White,3020
2024-06,Anxiety Disorders,Sex,All,2485
2024-06,Anxiety Disorders,Sex,Female,2887
2024-06,Anxiety Disorders,Sex,Male,2001
2024-06,Anxiety Disorders,Total,All,2485
2024-05,Anxiety Disorders,Age,12-17 years,2119
2024-05,Anxiety Disorders,Age,18-34 years,2822
2024-05,Anxiety Disorders,Age,35-64 years,2915
2024-05,Anxiety Disorders,Age,65+ years,2544
2024-05,Anxiety Disorders,Age,All,2425
2024-05,Anxiety Disorders,RaceEthnicity,AI/AN,2816
2024-05,Anxiety Disorders,RaceEthnicity,All,2425
2024-05,Anxiety Disorders,RaceEthnicity,Asian,1457
2024-05,Anxiety Disorders,RaceEthnicity,Black,1562
2024-05,Anxiety Disorders,RaceEthnicity,Hispanic,1963
2024-05,Anxiety Disorders,RaceEthnicity,Multiple/Other,1713
2024-05,Anxiety Disorders,RaceEthnicity,NHOPI,1264
2024-05,Anxiety Disorders,RaceEthnicity,White,2996
2024-05,Anxiety Disorders,Sex,All,2425
2024-05,Anxiety Disorders,Sex,Female,2819
2024-05,Anxiety Disorders,Sex,Male,1951
2024-05,Anxiety Disorders,Total,All,2425
2024-04,Anxiety Disorders,Age,12-17 years,2147
2024-04,Anxiety Disorders,Age,18-34 years,2841
2024-04,Anxiety Disorders,Age,35-64 years,2947
2024-04,Anxiety Disorders,Age,65+ years,2597
2024-04,Anxiety Disorders,Age,All,2448
2024-04,Anxiety Disorders,RaceEthnicity,AI/AN,2763
2024-04,Anxiety Disorders,RaceEthnicity,All,2448
2024-04,Anxiety Disorders,RaceEthnicity,Asian,1423
2024-04,Anxiety Disorders,RaceEthnicity,Black,1550
2024-04,Anxiety Disorders,RaceEthnicity,Hispanic,1964
2024-04,Anxiety Disorders,RaceEthnicity,Multiple/Other,1714
2024-04,Anxiety Disorders,RaceEthnicity,NHOPI,1349
2024-04,Anxiety Disorders,RaceEthnicity,White,3041
2024-04,Anxiety Disorders,Sex,All,2448
2024-04,Anxiety Disorders,Sex,Female,2837
2024-04,Anxiety Disorders,Sex,Male,1981
2024-04,Anxiety Disorders,Total,All,2448
2024-03,Anxiety Disorders,Age,12-17 years,2109
2024-03,Anxiety Disorders,Age,18-34 years,2866
2024-03,Anxiety Disorders,Age,35-64 years,2961
2024-03,Anxiety Disorders,Age,65+ years,2625
2024-03,Anxiety Disorders,Age,All,2447
2024-03,Anxiety Disorders,RaceEthnicity,AI/AN,2821
2024-03,Anxiety Disorders,RaceEthnicity,All,2447
2024-03,Anxiety Disorders,RaceEthnicity,Asian,1425
2024-03,Anxiety Disorders,RaceEthnicity,Black,1545
2024-03,Anxiety Disorders,RaceEthnicity,Hispanic,1936
2024-03,Anxiety Disorders,RaceEthnicity,Multiple/Other,1720
2024-03,Anxiety Disorders,RaceEthnicity,NHOPI,1320
2024-03,Anxiety Disorders,RaceEthnicity,White,3051
2024-03,Anxiety Disorders,Sex,All,2447
2024-03,Anxiety Disorders,Sex,Female,2825
2024-03,Anxiety Disorders,Sex,Male,1999
2024-03,Anxiety Disorders,Total,All,2447
2024-02,Anxiety Disorders,Age,12-17 years,2042
2024-02,Anxiety Disorders,Age,18-34 years,2859
2024-02,Anxiety Disorders,Age,35-64 years,2978
2024-02,Anxiety Disorders,Age,65+ years,2605
2024-02,Anxiety Disorders,Age,All,2438
2024-02,Anxiety Disorders,RaceEthnicity,AI/AN,2885
2024-02,Anxiety Disorders,RaceEthnicity,All,2438
2024-02,Anxiety Disorders,RaceEthnicity,Asian,1462
2024-02,Anxiety Disorders,RaceEthnicity,Black,1518
2024-02,Anxiety Disorders,RaceEthnicity,Hispanic,1947
2024-02,Anxiety Disorders,RaceEthnicity,Multiple/Other,1698
2024-02,Anxiety Disorders,RaceEthnicity,NHOPI,1299
2024-02,Anxiety Disorders,RaceEthnicity,White,3036
2024-02,Anxiety Disorders,Sex,All,2438
2024-02,Anxiety Disorders,Sex,Female,2810
2024-02,Anxiety Disorders,Sex,Male,1996
2024-02,Anxiety Disorders,Total,All,2438
2024-01,Anxiety Disorders,Age,12-17 years,2172
2024-01,Anxiety Disorders,Age,18-34 years,2768
2024-01,Anxiety Disorders,Age,35-64 years,2916
2024-01,Anxiety Disorders,Age,65+ years,2617
2024-01,Anxiety Disorders,Age,All,2442
2024-01,Anxiety Disorders,RaceEthnicity,AI/AN,2773
2024-01,Anxiety Disorders,RaceEthnicity,All,2442
2024-01,Anxiety Disorders,RaceEthnicity,Asian,1413
2024-01,Anxiety Disorders,RaceEthnicity,Black,1500
2024-01,Anxiety Disorders,RaceEthnicity,Hispanic,1945
2024-01,Anxiety Disorders,RaceEthnicity,Multiple/Other,1685
2024-01,Anxiety Disorders,RaceEthnicity,NHOPI,1450
2024-01,Anxiety Disorders,RaceEthnicity,White,3053
2024-01,Anxiety Disorders,Sex,All,2442
2024-01,Anxiety Disorders,Sex,Female,2803
2024-01,Anxiety Disorders,Sex,Male,2003
2024-01,Anxiety Disorders,Total,All,2442
2023-12,Anxiety Disorders,Age,12-17 years,1851
2023-12,Anxiety Disorders,Age,18-34 years,2647
2023-12,Anxiety Disorders,Age,35-64 years,2767
2023-12,Anxiety Disorders,Age,65+ years,2512
2023-12,Anxiety Disorders,Age,All,2238
2023-12,Anxiety Disorders,RaceEthnicity,AI/AN,2593
2023-12,Anxiety Disorders,RaceEthnicity,All,2238
2023-12,Anxiety Disorders,RaceEthnicity,Asian,1281
2023-12,Anxiety Disorders,RaceEthnicity,Black,1372
2023-12,Anxiety Disorders,RaceEthnicity,Hispanic,1755
2023-12,Anxiety Disorders,RaceEthnicity,Multiple/Other,1559
2023-12,Anxiety Disorders,RaceEthnicity,NHOPI,1347
2023-12,Anxiety Disorders,RaceEthnicity,White,2832
2023-12,Anxiety Disorders,Sex,All,2238
2023-12,Anxiety Disorders,Sex,Female,2575
2023-12,Anxiety Disorders,Sex,Male,1837
2023-12,Anxiety Disorders,Total,All,2238
2023-11,Anxiety Disorders,Age,12-17 years,2118
2023-11,Anxiety Disorders,Age,18-34 years,2812
2023-11,Anxiety Disorders,Age,35-64 years,2906
2023-11,Anxiety Disorders,Age,65+ years,2560
2023-11,Anxiety Disorders,Age,All,2360
2023-11,Anxiety Disorders,RaceEthnicity,AI/AN,2632
2023-11,Anxiety Disorders,RaceEthnicity,All,2360
2023-11,Anxiety Disorders,RaceEthnicity,Asian,1434
2023-11,Anxiety Disorders,RaceEthnicity,Black,1455
2023-11,Anxiety Disorders,RaceEthnicity,Hispanic,1860
2023-11,Anxiety Disorders,RaceEthnicity,Multiple/Other,1708
2023-11,Anxiety Disorders,RaceEthnicity,NHOPI,1279
2023-11,Anxiety Disorders,RaceEthnicity,White,2976
2023-11,Anxiety Disorders,Sex,All,2360
2023-11,Anxiety Disorders,Sex,Female,2737
2023-11,Anxiety Disorders,Sex,Male,1909
2023-11,Anxiety Disorders,Total,All,2360
2023-10,Anxiety Disorders,Age,12-17 years,2188
2023-10,Anxiety Disorders,Age,18-34 years,2952
2023-10,Anxiety Disorders,Age,35-64 years,3000
2023-10,Anxiety Disorders,Age,65+ years,2591
2023-10,Anxiety Disorders,Age,All,2475
2023-10,Anxiety Disorders,RaceEthnicity,AI/AN,2826
2023-10,Anxiety Disorders,RaceEthnicity,All,2475
2023-10,Anxiety Disorders,RaceEthnicity,Asian,1521
2023-10,Anxiety Disorders,RaceEthnicity,Black,1545
2023-10,Anxiety Disorders,RaceEthnicity,Hispanic,1969
2023-10,Anxiety Disorders,RaceEthnicity,Multiple/Other,1755
2023-10,Anxiety Disorders,RaceEthnicity,NHOPI,1540
2023-10,Anxiety Disorders,RaceEthnicity,White,3099
2023-10,Anxiety Disorders,Sex,All,2475
2023-10,Anxiety Disorders,Sex,Female,2900
2023-10,Anxiety Disorders,Sex,Male,1975
2023-10,Anxiety Disorders,Total,All,2475
2023-09,Anxiety Disorders,Age,12-17 years,2097
2023-09,Anxiety Disorders,Age,18-34 years,2936
2023-09,Anxiety Disorders,Age,35-64 years,2972
2023-09,Anxiety Disorders,Age,65+ years,2553
2023-09,Anxiety Disorders,Age,All,2476
2023-09,Anxiety Disorders,RaceEthnicity,AI/AN,2780
2023-09,Anxiety Disorders,RaceEthnicity,All,2476
2023-09,Anxiety Disorders,RaceEthnicity,Asian,1580
2023-09,Anxiety Disorders,RaceEthnicity,Black,1573
2023-09,Anxiety Disorders,RaceEthnicity,Hispanic,1996
2023-09,Anxiety Disorders,RaceEthnicity,Multiple/Other,1777
2023-09,Anxiety Disorders,RaceEthnicity,NHOPI,1505
2023-09,Anxiety Disorders,RaceEthnicity,White,3084
2023-09,Anxiety Disorders,Sex,All,2476
2023-09,Anxiety Disorders,Sex,Female,2909
2023-09,Anxiety Disorders,Sex,Male,1970
2023-09,Anxiety Disorders,Total,All,2476
2023-08,Anxiety Disorders,Age,12-17 years,2237
2023-08,Anxiety Disorders,Age,18-34 years,2968
2023-08,Anxiety Disorders,Age,35-64 years,2948
2023-08,Anxiety Disorders,Age,65+ years,2558
2023-08,Anxiety Disorders,Age,All,2530
2023-08,Anxiety Disorders,RaceEthnicity,AI/AN,2756
2023-08,Anxiety Disorders,RaceEthnicity,All,2530
2023-08,Anxiety Disorders,RaceEthnicity,Asian,1524
2023-08,Anxiety Disorders,RaceEthnicity,Black,1595
2023-08,Anxiety Disorders,RaceEthnicity,Hispanic,2115
2023-08,Anxiety Disorders,RaceEthnicity,Multiple/Other,1851
2023-08,Anxiety Disorders,RaceEthnicity,NHOPI,1642
2023-08,Anxiety Disorders,RaceEthnicity,White,3114
2023-08,Anxiety Disorders,Sex,All,2530
2023-08,Anxiety Disorders,Sex,Female,2976
2023-08,Anxiety Disorders,Sex,Male,2007
2023-08,Anxiety Disorders,Total,All,2530
2023-07,Anxiety Disorders,Age,12-17 years,2314
2023-07,Anxiety Disorders,Age,18-34 years,2981
2023-07,Anxiety Disorders,Age,35-64 years,2985
2023-07,Anxiety Disorders,Age,65+ years,2553
2023-07,Anxiety Disorders,Age,All,2564
2023-07,Anxiety Disorders,RaceEthnicity,AI/AN,2943
2023-07,Anxiety Disorders,RaceEthnicity,All,2564
2023-07,Anxiety Disorders,RaceEthnicity,Asian,1502
2023-07,Anxiety Disorders,RaceEthnicity,Black,1666
2023-07,Anxiety Disorders,RaceEthnicity,Hispanic,2169
2023-07,Anxiety Disorders,RaceEthnicity,Multiple/Other,1877
2023-07,Anxiety Disorders,RaceEthnicity,NHOPI,1541
2023-07,Anxiety Disorders,RaceEthnicity,White,3127
2023-07,Anxiety Disorders,Sex,All,2564
2023-07,Anxiety Disorders,Sex,Female,3004
2023-07,Anxiety Disorders,Sex,Male,2052
2023-07,Anxiety Disorders,Total,All,2564
2023-06,Anxiety Disorders,Age,12-17 years,2266
2023-06,Anxiety Disorders,Age,18-34 years,2959
2023-06,Anxiety Disorders,Age,35-64 years,2979
2023-06,Anxiety Disorders,Age,65+ years,2580
2023-06,Anxiety Disorders,Age,All,2529
2023-06,Anxiety Disorders,RaceEthnicity,AI/AN,2783
2023-06,Anxiety Disorders,RaceEthnicity,All,2529
2023-06,Anxiety Disorders,RaceEthnicity,Asian,1452
2023-06,Anxiety Disorders,RaceEthnicity,Black,1645
2023-06,Anxiety Disorders,RaceEthnicity,Hispanic,2093
2023-06,Anxiety Disorders,RaceEthnicity,Multiple/Other,1867
2023-06,Anxiety Disorders,RaceEthnicity,NHOPI,1576
2023-06,Anxiety Disorders,RaceEthnicity,White,3114
2023-06,Anxiety Disorders,Sex,All,2529
2023-06,Anxiety Disorders,Sex,Female,2963
2023-06,Anxiety Disorders,Sex,Male,2021
2023-06,Anxiety Disorders,Total,All,2529
2023-05,Anxiety Disorders,Age,12-17 years,2309
2023-05,Anxiety Disorders,Age,18-34 years,2956
2023-05,Anxiety Disorders,Age,35-64 years,2994
2023-05,Anxiety Disorders,Age,65+ years,2608
2023-05,Anxiety Disorders,Age,All,2482
2023-05,Anxiety Disorders,RaceEthnicity,AI/AN,2798
2023-05,Anxiety Disorders,RaceEthnicity,All,2482
2023-05,Anxiety Disorders,RaceEthnicity,Asian,1465
2023-05,Anxiety Disorders,RaceEthnicity,Black,1592
2023-05,Anxiety Disorders,RaceEthnicity,Hispanic,1988
2023-05,Anxiety Disorders,RaceEthnicity,Multiple/Other,1818
2023-05,Anxiety Disorders,RaceEthnicity,NHOPI,1416
2023-05,Anxiety Disorders,RaceEthnicity,White,3098
2023-05,Anxiety Disorders,Sex,All,2482
2023-05,Anxiety Disorders,Sex,Female,2920
2023-05,Anxiety Disorders,Sex,Male,1967
2023-05,Anxiety Disorders,Total,All,2482
2023-04,Anxiety Disorders,Age,12-17 years,2455
2023-04,Anxiety Disorders,Age,18-34 years,3029
2023-04,Anxiety Disorders,Age,35-64 years,3082
2023-04,Anxiety Disorders,Age,65+ years,2655
2023-04,Anxiety Disorders,Age,All,2549
2023-04,Anxiety Disorders,RaceEthnicity,AI/AN,2795
2023-04,Anxiety Disorders,RaceEthnicity,All,2549
2023-04,Anxiety Disorders,RaceEthnicity,Asian,1527
2023-04,Anxiety Disorders,RaceEthnicity,Black,1638
2023-04,Anxiety Disorders,RaceEthnicity,Hispanic,2056
2023-04,Anxiety Disorders,RaceEthnicity,Multiple/Other,1833
2023-04,Anxiety Disorders,RaceEthnicity,NHOPI,1400
2023-04,Anxiety Disorders,RaceEthnicity,White,3171
2023-04,Anxiety Disorders,Sex,All,2549
2023-04,Anxiety Disorders,Sex,Female,2986
2023-04,Anxiety Disorders,Sex,Male,2031
2023-04,Anxiety Disorders,Total,All,2549
2023-03,Anxiety Disorders,Age,12-17 years,2541
2023-03,Anxiety Disorders,Age,18-34 years,3061
2023-03,Anxiety Disorders,Age,35-64 years,3114
2023-03,Anxiety Disorders,Age,65+ years,2700
2023-03,Anxiety Disorders,Age,All,2573
2023-03,Anxiety Disorders,RaceEthnicity,AI/AN,2901
2023-03,Anxiety Disorders,RaceEthnicity,All,2573
2023-03,Anxiety Disorders,RaceEthnicity,Asian,1493
2023-03,Anxiety Disorders,RaceEthnicity,Black,1643
2023-03,Anxiety Disorders,RaceEthnicity,Hispanic,2097
2023-03,Anxiety Disorders,RaceEthnicity,Multiple/Other,1848
2023-03,Anxiety Disorders,RaceEthnicity,NHOPI,1445
2023-03,Anxiety Disorders,RaceEthnicity,White,3207
2023-03,Anxiety Disorders,Sex,All,2573
2023-03,Anxiety Disorders,Sex,Female,2986
2023-03,Anxiety Disorders,Sex,Male,2080
2023-03,Anxiety Disorders,Total,All,2573
2023-02,Anxiety Disorders,Age,12-17 years,2556
2023-02,Anxiety Disorders,Age,18-34 years,3097
2023-02,Anxiety Disorders,Age,35-64 years,3139
2023-02,Anxiety Disorders,Age,65+ years,2698
2023-02,Anxiety Disorders,Age,All,2596
2023-02,Anxiety Disorders,RaceEthnicity,AI/AN,2800
2023-02,Anxiety Disorders,RaceEthnicity,All,2596
2023-02,Anxiety Disorders,RaceEthnicity,Asian,1559
2023-02,Anxiety Disorders,RaceEthnicity,Black,1645
2023-02,Anxiety Disorders,RaceEthnicity,Hispanic,2130
2023-02,Anxiety Disorders,RaceEthnicity,Multiple/Other,1895
2023-02,Anxiety Disorders,RaceEthnicity,NHOPI,1441
2023-02,Anxiety Disorders,RaceEthnicity,White,3226
2023-02,Anxiety Disorders,Sex,All,2596
2023-02,Anxiety Disorders,Sex,Female,3022
2023-02,Anxiety Disorders,Sex,Male,2087
2023-02,Anxiety Disorders,Total,All,2596
2023-01,Anxiety Disorders,Age,12-17 years,2692
2023-01,Anxiety Disorders,Age,18-34 years,3160
2023-01,Anxiety Disorders,Age,35-64 years,3140
2023-01,Anxiety Disorders,Age,65+ years,2709
2023-01,Anxiety Disorders,Age,All,2662
2023-01,Anxiety Disorders,RaceEthnicity,AI/AN,3013
2023-01,Anxiety Disorders,RaceEthnicity,All,2662
2023-01,Anxiety Disorders,RaceEthnicity,Asian,1639
2023-01,Anxiety Disorders,RaceEthnicity,Black,1700
2023-01,Anxiety Disorders,RaceEthnicity,Hispanic,2221
2023-01,Anxiety Disorders,RaceEthnicity,Multiple/Other,1965
2023-01,Anxiety Disorders,RaceEthnicity,NHOPI,1508
2023-01,Anxiety Disorders,RaceEthnicity,White,3288
2023-01,Anxiety Disorders,Sex,All,2662
2023-01,Anxiety Disorders,Sex,Female,3076
2023-01,Anxiety Disorders,Sex,Male,2165
2023-01,Anxiety Disorders,Total,All,2662
2022-12,Anxiety Disorders,Age,12-17 years,2024
2022-12,Anxiety Disorders,Age,18-34 years,2725
2022-12,Anxiety Disorders,Age,35-64 years,2836
2022-12,Anxiety Disorders,Age,65+ years,2553
2022-12,Anxiety Disorders,Age,All,2303
2022-12,Anxiety Disorders,RaceEthnicity,AI/AN,2556
2022-12,Anxiety Disorders,RaceEthnicity,All,2303
2022-12,Anxiety Disorders,RaceEthnicity,Asian,1334
2022-12,Anxiety Disorders,RaceEthnicity,Black,1487
2022-12,Anxiety Disorders,RaceEthnicity,Hispanic,1850
2022-12,Anxiety Disorders,RaceEthnicity,Multiple/Other,1628
2022-12,Anxiety Disorders,RaceEthnicity,NHOPI,1305
2022-12,Anxiety Disorders,RaceEthnicity,White,2871
2022-12,Anxiety Disorders,Sex,All,2303
2022-12,Anxiety Disorders,Sex,Female,2678
2022-12,Anxiety Disorders,Sex,Male,1862
2022-12,Anxiety Disorders,Total,All,2303
2022-11,Anxiety Disorders,Age,12-17 years,1880
2022-11,Anxiety Disorders,Age,18-34 years,2681
2022-11,Anxiety Disorders,Age,35-64 years,2840
2022-11,Anxiety Disorders,Age,65+ years,2534
2022-11,Anxiety Disorders,Age,All,2199
2022-11,Anxiety Disorders,RaceEthnicity,AI/AN,2593
2022-11,Anxiety Disorders,RaceEthnicity,All,2199
2022-11,Anxiety Disorders,RaceEthnicity,Asian,1319
2022-11,Anxiety Disorders,RaceEthnicity,Black,1367
2022-11,Anxiety Disorders,RaceEthnicity,Hispanic,1701
2022-11,Anxiety Disorders,RaceEthnicity,Multiple/Other,1492
2022-11,Anxiety Disorders,RaceEthnicity,NHOPI,1132
2022-11,Anxiety Disorders,RaceEthnicity,White,2822
2022-11,Anxiety Disorders,Sex,All,2199
2022-11,Anxiety Disorders,Sex,Female,2570
2022-11,Anxiety Disorders,Sex,Male,1758
2022-11,Anxiety Disorders,Total,All,2199
2022-10,Anxiety Disorders,Age,12-17 years,2080
2022-10,Anxiety Disorders,Age,18-34 years,2898
2022-10,Anxiety Disorders,Age,35-64 years,2934
2022-10,Anxiety Disorders,Age,65+ years,2579
2022-10,Anxiety Disorders,Age,All,2342
2022-10,Anxiety Disorders,RaceEthnicity,AI/AN,2746
2022-10,Anxiety Disorders,RaceEthnicity,All,2342
2022-10,Anxiety Disorders,RaceEthnicity,Asian,1431
2022-10,Anxiety Disorders,RaceEthnicity,Black,1472
2022-10,Anxiety Disorders,RaceEthnicity,Hispanic,1925
2022-10,Anxiety Disorders,RaceEthnicity,Multiple/Other,1694
2022-10,Anxiety Disorders,RaceEthnicity,NHOPI,1466
2022-10,Anxiety Disorders,RaceEthnicity,White,2943
2022-10,Anxiety Disorders,Sex,All,2342
2022-10,Anxiety Disorders,Sex,Female,2769
2022-10,Anxiety Disorders,Sex,Male,1843
2022-10,Anxiety Disorders,Total,All,2342
2022-09,Anxiety Disorders,Age,12-17 years,2240
2022-09,Anxiety Disorders,Age,18-34 years,2967
2022-09,Anxiety Disorders,Age,35-64 years,2967
2022-09,Anxiety Disorders,Age,65+ years,2449
2022-09,Anxiety Disorders,Age,All,2409
2022-09,Anxiety Disorders,RaceEthnicity,AI/AN,2827
2022-09,Anxiety Disorders,RaceEthnicity,All,2409
2022-09,Anxiety Disorders,RaceEthnicity,Asian,1479
2022-09,Anxiety Disorders,RaceEthnicity,Black,1527
2022-09,Anxiety Disorders,RaceEthnicity,Hispanic,2046
2022-09,Anxiety Disorders,RaceEthnicity,Multiple/Other,1780
2022-09,Anxiety Disorders,RaceEthnicity,NHOPI,1540
2022-09,Anxiety Disorders,RaceEthnicity,White,3009
2022-09,Anxiety Disorders,Sex,All,2409
2022-09,Anxiety Disorders,Sex,Female,2858
2022-09,Anxiety Disorders,Sex,Male,1891
2022-09,Anxiety Disorders,Total,All,2409
2022-08,Anxiety Disorders,Age,12-17 years,2308
2022-08,Anxiety Disorders,Age,18-34 years,3003
2022-08,Anxiety Disorders,Age,35-64 years,2988
2022-08,Anxiety Disorders,Age,65+ years,2399
2022-08,Anxiety Disorders,Age,All,2484
2022-08,Anxiety Disorders,RaceEthnicity,AI/AN,2804
2022-08,Anxiety Disorders,RaceEthnicity,All,2484
2022-08,Anxiety Disorders,RaceEthnicity,Asian,1520
2022-08,Anxiety Disorders,RaceEthnicity,Black,1556
2022-08,Anxiety Disorders,RaceEthnicity,Hispanic,2168
2022-08,Anxiety Disorders,RaceEthnicity,Multiple/Other,1846
2022-08,Anxiety Disorders,RaceEthnicity,NHOPI,1511
2022-08,Anxiety Disorders,RaceEthnicity,White,3079
2022-08,Anxiety Disorders,Sex,All,2484
2022-08,Anxiety Disorders,Sex,Female,2938
2022-08,Anxiety Disorders,Sex,Male,1957
2022-08,Anxiety Disorders,Total,All,2484
2022-07,Anxiety Disorders,Age,12-17 years,2402
2022-07,Anxiety Disorders,Age,18-34 years,2989
2022-07,Anxiety Disorders,Age,35-64 years,2974
2022-07,Anxiety Disorders,Age,65+ years,2353
2022-07,Anxiety Disorders,Age,All,2491
2022-07,Anxiety Disorders,RaceEthnicity,AI/AN,2972
2022-07,Anxiety Disorders,RaceEthnicity,All,2491
2022-07,Anxiety Disorders,RaceEthnicity,Asian,1473
2022-07,Anxiety Disorders,RaceEthnicity,Black,1581
2022-07,Anxiety Disorders,RaceEthnicity,Hispanic,2210
2022-07,Anxiety Disorders,RaceEthnicity,Multiple/Other,1796
2022-07,Anxiety Disorders,RaceEthnicity,NHOPI,1384
2022-07,Anxiety Disorders,RaceEthnicity,White,3067
2022-07,Anxiety Disorders,Sex,All,2491
2022-07,Anxiety Disorders,Sex,Female,2933
2022-07,Anxiety Disorders,Sex,Male,1975
2022-07,Anxiety Disorders,Total,All,2491
2022-06,Anxiety Disorders,Age,12-17 years,2346
2022-06,Anxiety Disorders,Age,18-34 years,3017
2022-06,Anxiety Disorders,Age,35-64 years,3042
2022-06,Anxiety Disorders,Age,65+ years,2401
2022-06,Anxiety Disorders,Age,All,2501
2022-06,Anxiety Disorders,RaceEthnicity,AI/AN,3015
2022-06,Anxiety Disorders,RaceEthnicity,All,2501
2022-06,Anxiety Disorders,RaceEthnicity,Asian,1416
2022-06,Anxiety Disorders,RaceEthnicity,Black,1606
2022-06,Anxiety Disorders,RaceEthnicity,Hispanic,2155
2022-06,Anxiety Disorders,RaceEthnicity,Multiple/Other,1872
2022-06,Anxiety Disorders,RaceEthnicity,NHOPI,1459
2022-06,Anxiety Disorders,RaceEthnicity,White,3100
2022-06,Anxiety Disorders,Sex,All,2501
2022-06,Anxiety Disorders,Sex,Female,2950
2022-06,Anxiety Disorders,Sex,Male,1961
2022-06,Anxiety Disorders,Total,All,2501
2022-05,Anxiety Disorders,Age,12-17 years,2424
2022-05,Anxiety Disorders,Age,18-34 years,3079
2022-05,Anxiety Disorders,Age,35-64 years,3088
2022-05,Anxiety Disorders,Age,65+ years,2411
2022-05,Anxiety Disorders,Age,All,2493
2022-05,Anxiety Disorders,RaceEthnicity,AI/AN,2911
2022-05,Anxiety Disorders,RaceEthnicity,All,2493
2022-05,Anxiety Disorders,RaceEthnicity,Asian,1398
2022-05,Anxiety Disorders,RaceEthnicity,Black,1605
2022-05,Anxiety Disorders,RaceEthnicity,Hispanic,2108
2022-05,Anxiety Disorders,RaceEthnicity,Multiple/Other,1815
2022-05,Anxiety Disorders,RaceEthnicity,NHOPI,1644
2022-05,Anxiety Disorders,RaceEthnicity,White,3117
2022-05,Anxiety Disorders,Sex,All,2493
2022-05,Anxiety Disorders,Sex,Female,2943
2022-05,Anxiety Disorders,Sex,Male,1957
2022-05,Anxiety Disorders,Total,All,2493
2022-04,Anxiety Disorders,Age,12-17 years,2570
2022-04,Anxiety Disorders,Age,18-34 years,3249
2022-04,Anxiety Disorders,Age,35-64 years,3269
2022-04,Anxiety Disorders,Age,65+ years,2534
2022-04,Anxiety Disorders,Age,All,2655
2022-04,Anxiety Disorders,RaceEthnicity,AI/AN,3146
2022-04,Anxiety Disorders,RaceEthnicity,All,2655
2022-04,Anxiety Disorders,RaceEthnicity,Asian,1535
2022-04,Anxiety Disorders,RaceEthnicity,Black,1719
2022-04,Anxiety Disorders,RaceEthnicity,Hispanic,2218
2022-04,Anxiety Disorders,RaceEthnicity,Multiple/Other,1909
2022-04,Anxiety Disorders,RaceEthnicity,NHOPI,1594
2022-04,Anxiety Disorders,RaceEthnicity,White,3316
2022-04,Anxiety Disorders,Sex,All,2655
2022-04,Anxiety Disorders,Sex,Female,3145
2022-04,Anxiety Disorders,Sex,Male,2088
2022-04,Anxiety Disorders,Total,All,2655
2022-03,Anxiety Disorders,Age,12-17 years,2902
2022-03,Anxiety Disorders,Age,18-34 years,3397
2022-03,Anxiety Disorders,Age,35-64 years,3381
2022-03,Anxiety Disorders,Age,65+ years,2583
2022-03,Anxiety Disorders,Age,All,2774
2022-03,Anxiety Disorders,RaceEthnicity,AI/AN,3340
2022-03,Anxiety Disorders,RaceEthnicity,All,2774
2022-03,Anxiety Disorders,RaceEthnicity,Asian,1676
2022-03,Anxiety Disorders,RaceEthnicity,Black,1775
2022-03,Anxiety Disorders,RaceEthnicity,Hispanic,2364
2022-03,Anxiety Disorders,RaceEthnicity,Multiple/Other,1994
2022-03,Anxiety Disorders,RaceEthnicity,NHOPI,1890
2022-03,Anxiety Disorders,RaceEthnicity,White,3450
2022-03,Anxiety Disorders,Sex,All,2774
2022-03,Anxiety Disorders,Sex,Female,3262
2022-03,Anxiety Disorders,Sex,Male,2210
2022-03,Anxiety Disorders,Total,All,2774
2022-02,Anxiety Disorders,Age,12-17 years,3044
2022-02,Anxiety Disorders,Age,18-34 years,3487
2022-02,Anxiety Disorders,Age,35-64 years,3437
2022-02,Anxiety Disorders,Age,65+ years,2620
2022-02,Anxiety Disorders,Age,All,2869
2022-02,Anxiety Disorders,RaceEthnicity,AI/AN,3474
2022-02,Anxiety Disorders,RaceEthnicity,All,2869
2022-02,Anxiety Disorders,RaceEthnicity,Asian,1612
2022-02,Anxiety Disorders,RaceEthnicity,Black,1843
2022-02,Anxiety Disorders,RaceEthnicity,Hispanic,2457
2022-02,Anxiety Disorders,RaceEthnicity,Multiple/Other,2101
2022-02,Anxiety Disorders,RaceEthnicity,NHOPI,1794
2022-02,Anxiety Disorders,RaceEthnicity,White,3530
2022-02,Anxiety Disorders,Sex,All,2869
2022-02,Anxiety Disorders,Sex,Female,3385
2022-02,Anxiety Disorders,Sex,Male,2285
2022-02,Anxiety Disorders,Total,All,2869
2022-01,Anxiety Disorders,Age,12-17 years,2402
2022-01,Anxiety Disorders,Age,18-34 years,2835
2022-01,Anxiety Disorders,Age,35-64 years,3005
2022-01,Anxiety Disorders,Age,65+ years,2450
2022-01,Anxiety Disorders,Age,All,2495
2022-01,Anxiety Disorders,RaceEthnicity,AI/AN,3012
2022-01,Anxiety Disorders,RaceEthnicity,All,2495
2022-01,Anxiety Disorders,RaceEthnicity,Asian,1380
2022-01,Anxiety Disorders,RaceEthnicity,Black,1528
2022-01,Anxiety Disorders,RaceEthnicity,Hispanic,2167
2022-01,Anxiety Disorders,RaceEthnicity,Multiple/Other,1718
2022-01,Anxiety Disorders,RaceEthnicity,NHOPI,1496
2022-01,Anxiety Disorders,RaceEthnicity,White,3129
2022-01,Anxiety Disorders,Sex,All,2495
2022-01,Anxiety Disorders,Sex,Female,2906
2022-01,Anxiety Disorders,Sex,Male,2029
2022-01,Anxiety Disorders,Total,All,2495
2021-12,Anxiety Disorders,Age,12-17 years,2272
2021-12,Anxiety Disorders,Age,18-34 years,2720
2021-12,Anxiety Disorders,Age,35-64 years,2953
2021-12,Anxiety Disorders,Age,65+ years,2425
2021-12,Anxiety Disorders,Age,All,2381
2021-12,Anxiety Disorders,RaceEthnicity,AI/AN,3126
2021-12,Anxiety Disorders,RaceEthnicity,All,2381
2021-12,Anxiety Disorders,RaceEthnicity,Asian,1325
2021-12,Anxiety Disorders,RaceEthnicity,Black,1451
2021-12,Anxiety Disorders,RaceEthnicity,Hispanic,2103
2021-12,Anxiety Disorders,RaceEthnicity,Multiple/Other,1591
2021-12,Anxiety Disorders,RaceEthnicity,NHOPI,1467
2021-12,Anxiety Disorders,RaceEthnicity,White,3027
2021-12,Anxiety Disorders,Sex,All,2381
2021-12,Anxiety Disorders,Sex,Female,2788
2021-12,Anxiety Disorders,Sex,Male,1928
2021-12,Anxiety Disorders,Total,All,2381
2021-11,Anxiety Disorders,Age,12-17 years,2577
2021-11,Anxiety Disorders,Age,18-34 years,3146
2021-11,Anxiety Disorders,Age,35-64 years,3229
2021-11,Anxiety Disorders,Age,65+ years,2518
2021-11,Anxiety Disorders,Age,All,2604
2021-11,Anxiety Disorders,RaceEthnicity,AI/AN,3270
2021-11,Anxiety Disorders,RaceEthnicity,All,2604
2021-11,Anxiety Disorders,RaceEthnicity,Asian,1527
2021-11,Anxiety Disorders,RaceEthnicity,Black,1653
2021-11,Anxiety Disorders,RaceEthnicity,Hispanic,2335
2021-11,Anxiety Disorders,RaceEthnicity,Multiple/Other,1831
2021-11,Anxiety Disorders,RaceEthnicity,NHOPI,1914
2021-11,Anxiety Disorders,RaceEthnicity,White,3212
2021-11,Anxiety Disorders,Sex,All,2604
2021-11,Anxiety Disorders,Sex,Female,3089
2021-11,Anxiety Disorders,Sex,Male,2070
2021-11,Anxiety Disorders,Total,All,2604
2021-10,Anxiety Disorders,Age,12-17 years,2542
2021-10,Anxiety Disorders,Age,18-34 years,3306
2021-10,Anxiety Disorders,Age,35-64 years,3352
2021-10,Anxiety Disorders,Age,65+ years,2588
2021-10,Anxiety Disorders,Age,All,2714
2021-10,Anxiety Disorders,RaceEthnicity,AI/AN,3584
2021-10,Anxiety Disorders,RaceEthnicity,All,2714
2021-10,Anxiety Disorders,RaceEthnicity,Asian,1639
2021-10,Anxiety Disorders,RaceEthnicity,Black,1719
2021-10,Anxiety Disorders,RaceEthnicity,Hispanic,2434
2021-10,Anxiety Disorders,RaceEthnicity,Multiple/Other,1911
2021-10,Anxiety Disorders,RaceEthnicity,NHOPI,1938
2021-10,Anxiety Disorders,RaceEthnicity,White,3350
2021-10,Anxiety Disorders,Sex,All,2714
2021-10,Anxiety Disorders,Sex,Female,3255
2021-10,Anxiety Disorders,Sex,Male,2124
2021-10,Anxiety Disorders,Total,All,2714
2021-09,Anxiety Disorders,Age,12-17 years,2351
2021-09,Anxiety Disorders,Age,18-34 years,3225
2021-09,Anxiety Disorders,Age,35-64 years,3308
2021-09,Anxiety Disorders,Age,65+ years,2591
2021-09,Anxiety Disorders,Age,All,2672
2021-09,Anxiety Disorders,RaceEthnicity,AI/AN,3262
2021-09,Anxiety Disorders,RaceEthnicity,All,2672
2021-09,Anxiety Disorders,RaceEthnicity,Asian,1569
2021-09,Anxiety Disorders,RaceEthnicity,Black,1684
2021-09,Anxiety Disorders,RaceEthnicity,Hispanic,2395
2021-09,Anxiety Disorders,RaceEthnicity,Multiple/Other,1858
2021-09,Anxiety Disorders,RaceEthnicity,NHOPI,1755
2021-09,Anxiety Disorders,RaceEthnicity,White,3315
2021-09,Anxiety Disorders,Sex,All,2672
2021-09,Anxiety Disorders,Sex,Female,3220
2021-09,Anxiety Disorders,Sex,Male,2078
2021-09,Anxiety Disorders,Total,All,2672
2021-08,Anxiety Disorders,Age,12-17 years,2161
2021-08,Anxiety Disorders,Age,18-34 years,3076
2021-08,Anxiety Disorders,Age,35-64 years,3200
2021-08,Anxiety Disorders,Age,65+ years,2541
2021-08,Anxiety Disorders,Age,All,2607
2021-08,Anxiety Disorders,RaceEthnicity,AI/AN,3077
2021-08,Anxiety Disorders,RaceEthnicity,All,2607
2021-08,Anxiety Disorders,RaceEthnicity,Asian,1474
2021-08,Anxiety Disorders,RaceEthnicity,Black,1639
2021-08,Anxiety Disorders,RaceEthnicity,Hispanic,2353
2021-08,Anxiety Disorders,RaceEthnicity,Multiple/Other,1949
2021-08,Anxiety Disorders,RaceEthnicity,NHOPI,1600
2021-08,Anxiety Disorders,RaceEthnicity,White,3232
2021-08,Anxiety Disorders,Sex,All,2607
2021-08,Anxiety Disorders,Sex,Female,3140
2021-08,Anxiety Disorders,Sex,Male,2026
2021-08,Anxiety Disorders,Total,All,2607
2021-07,Anxiety Disorders,Age,12-17 years,2429
2021-07,Anxiety Disorders,Age,18-34 years,3216
2021-07,Anxiety Disorders,Age,35-64 years,3351
2021-07,Anxiety Disorders,Age,65+ years,2637
2021-07,Anxiety Disorders,Age,All,2753
2021-07,Anxiety Disorders,RaceEthnicity,AI/AN,3459
2021-07,Anxiety Disorders,RaceEthnicity,All,2753
2021-07,Anxiety Disorders,RaceEthnicity,Asian,1508
2021-07,Anxiety Disorders,RaceEthnicity,Black,1717
2021-07,Anxiety Disorders,RaceEthnicity,Hispanic,2538
2021-07,Anxiety Disorders,RaceEthnicity,Multiple/Other,2184
2021-07,Anxiety Disorders,RaceEthnicity,NHOPI,1784
2021-07,Anxiety Disorders,RaceEthnicity,White,3384
2021-07,Anxiety Disorders,Sex,All,2753
2021-07,Anxiety Disorders,Sex,Female,3297
2021-07,Anxiety Disorders,Sex,Male,2152
2021-07,Anxiety Disorders,Total,All,2753
2021-06,Anxiety Disorders,Age,12-17 years,2670
2021-06,Anxiety Disorders,Age,18-34 years,3434
2021-06,Anxiety Disorders,Age,35-64 years,3506
2021-06,Anxiety Disorders,Age,65+ years,2664
2021-06,Anxiety Disorders,Age,All,2889
2021-06,Anxiety Disorders,RaceEthnicity,AI/AN,3484
2021-06,Anxiety Disorders,RaceEthnicity,All,2889
2021-06,Anxiety Disorders,RaceEthnicity,Asian,1668
2021-06,Anxiety Disorders,RaceEthnicity,Black,1836
2021-06,Anxiety Disorders,RaceEthnicity,Hispanic,2715
2021-06,Anxiety Disorders,RaceEthnicity,Multiple/Other,2381
2021-06,Anxiety Disorders,RaceEthnicity,NHOPI,1773
2021-06,Anxiety Disorders,RaceEthnicity,White,3509
2021-06,Anxiety Disorders,Sex,All,2889
2021-06,Anxiety Disorders,Sex,Female,3460
2021-06,Anxiety Disorders,Sex,Male,2263
2021-06,Anxiety Disorders,Total,All,2889
2021-05,Anxiety Disorders,Age,12-17 years,2915
2021-05,Anxiety Disorders,Age,18-34 years,3539
2021-05,Anxiety Disorders,Age,35-64 years,3554
2021-05,Anxiety Disorders,Age,65+ years,2712
2021-05,Anxiety Disorders,Age,All,2950
2021-05,Anxiety Disorders,RaceEthnicity,AI/AN,3590
2021-05,Anxiety Disorders,RaceEthnicity,All,2950
2021-05,Anxiety Disorders,RaceEthnicity,Asian,1670
2021-05,Anxiety Disorders,RaceEthnicity,Black,1853
2021-05,Anxiety Disorders,RaceEthnicity,Hispanic,2787
2021-05,Anxiety Disorders,RaceEthnicity,Multiple/Other,2355
2021-05,Anxiety Disorders,RaceEthnicity,NHOPI,1921
2021-05,Anxiety Disorders,RaceEthnicity,White,3583
2021-05,Anxiety Disorders,Sex,All,2950
2021-05,Anxiety Disorders,Sex,Female,3536
2021-05,Anxiety Disorders,Sex,Male,2308
2021-05,Anxiety Disorders,Total,All,2950
2021-04,Anxiety Disorders,Age,12-17 years,2965
2021-04,Anxiety Disorders,Age,18-34 years,3590
2021-04,Anxiety Disorders,Age,35-64 years,3622
2021-04,Anxiety Disorders,Age,65+ years,2752
2021-04,Anxiety Disorders,Age,All,3034
2021-04,Anxiety Disorders,RaceEthnicity,AI/AN,3672
2021-04,Anxiety Disorders,RaceEthnicity,All,3034
2021-04,Anxiety Disorders,RaceEthnicity,Asian,1787
2021-04,Anxiety Disorders,RaceEthnicity,Black,1946
2021-04,Anxiety Disorders,RaceEthnicity,Hispanic,2812
2021-04,Anxiety Disorders,RaceEthnicity,Multiple/Other,2391
2021-04,Anxiety Disorders,RaceEthnicity,NHOPI,2018
2021-04,Anxiety Disorders,RaceEthnicity,White,3690
2021-04,Anxiety Disorders,Sex,All,3034
2021-04,Anxiety Disorders,Sex,Female,3623
2021-04,Anxiety Disorders,Sex,Male,2389
2021-04,Anxiety Disorders,Total,All,3034
2021-03,Anxiety Disorders,Age,12-17 years,3327
2021-03,Anxiety Disorders,Age,18-34 years,3803
2021-03,Anxiety Disorders,Age,35-64 years,3834
2021-03,Anxiety Disorders,Age,65+ years,2908
2021-03,Anxiety Disorders,Age,All,3252
2021-03,Anxiety Disorders,RaceEthnicity,AI/AN,3963
2021-03,Anxiety Disorders,RaceEthnicity,All,3252
2021-03,Anxiety Disorders,RaceEthnicity,Asian,1898
2021-03,Anxiety Disorders,RaceEthnicity,Black,2063
2021-03,Anxiety Disorders,RaceEthnicity,Hispanic,3094
2021-03,Anxiety Disorders,RaceEthnicity,Multiple/Other,2511
2021-03,Anxiety Disorders,RaceEthnicity,NHOPI,2490
2021-03,Anxiety Disorders,RaceEthnicity,White,3950
2021-03,Anxiety Disorders,Sex,All,3252
2021-03,Anxiety Disorders,Sex,Female,3883
2021-03,Anxiety Disorders,Sex,Male,2572
2021-03,Anxiety Disorders,Total,All,3252
2021-02,Anxiety Disorders,Age,12-17 years,3596
2021-02,Anxiety Disorders,Age,18-34 years,3928
2021-02,Anxiety Disorders,Age,35-64 years,3954
2021-02,Anxiety Disorders,Age,65+ years,2948
2021-02,Anxiety Disorders,Age,All,3388
2021-02,Anxiety Disorders,RaceEthnicity,AI/AN,4031
2021-02,Anxiety Disorders,RaceEthnicity,All,3388
2021-02,Anxiety Disorders,RaceEthnicity,Asian,1957
2021-02,Anxiety Disorders,RaceEthnicity,Black,2200
2021-02,Anxiety Disorders,RaceEthnicity,Hispanic,3286
2021-02,Anxiety Disorders,RaceEthnicity,Multiple/Other,2568
2021-02,Anxiety Disorders,RaceEthnicity,NHOPI,2575
2021-02,Anxiety Disorders,RaceEthnicity,White,4082
2021-02,Anxiety Disorders,Sex,All,3388
2021-02,Anxiety Disorders,Sex,Female,4014
2021-02,Anxiety Disorders,Sex,Male,2702
2021-02,Anxiety Disorders,Total,All,3388
2021-01,Anxiety Disorders,Age,12-17 years,3448
2021-01,Anxiety Disorders,Age,18-34 years,3816
2021-01,Anxiety Disorders,Age,35-64 years,3865
2021-01,Anxiety Disorders,Age,65+ years,2900
2021-01,Anxiety Disorders,Age,All,3324
2021-01,Anxiety Disorders,RaceEthnicity,AI/AN,4289
2021-01,Anxiety Disorders,RaceEthnicity,All,3324
2021-01,Anxiety Disorders,RaceEthnicity,Asian,2038
2021-01,Anxiety Disorders,RaceEthnicity,Black,2151
2021-01,Anxiety Disorders,RaceEthnicity,Hispanic,3357
2021-01,Anxiety Disorders,RaceEthnicity,Multiple/Other,2616
2021-01,Anxiety Disorders,RaceEthnicity,NHOPI,2313
2021-01,Anxiety Disorders,RaceEthnicity,White,4055
2021-01,Anxiety Disorders,Sex,All,3324
2021-01,Anxiety Disorders,Sex,Female,3931
2021-01,Anxiety Disorders,Sex,Male,2651
2021-01,Anxiety Disorders,Total,All,3324
2020-12,Anxiety Disorders,Age,12-17 years,3238
2020-12,Anxiety Disorders,Age,18-34 years,3690
2020-12,Anxiety Disorders,Age,35-64 years,3740
2020-12,Anxiety Disorders,Age,65+ years,2817
2020-12,Anxiety Disorders,Age,All,3223
2020-12,Anxiety Disorders,RaceEthnicity,AI/AN,4208
2020-12,Anxiety Disorders,RaceEthnicity,All,3223
2020-12,Anxiety Disorders,RaceEthnicity,Asian,1958
2020-12,Anxiety Disorders,RaceEthnicity,Black,2135
2020-12,Anxiety Disorders,RaceEthnicity,Hispanic,3217
2020-12,Anxiety Disorders,RaceEthnicity,Multiple/Other,2626
2020-12,Anxiety Disorders,RaceEthnicity,NHOPI,2566
2020-12,Anxiety Disorders,RaceEthnicity,White,3941
2020-12,Anxiety Disorders,Sex,All,3223
2020-12,Anxiety Disorders,Sex,Female,3815
2020-12,Anxiety Disorders,Sex,Male,2555
2020-12,Anxiety Disorders,Total,All,3223
2020-11,Anxiety Disorders,Age,12-17 years,3124
2020-11,Anxiety Disorders,Age,18-34 years,3676
2020-11,Anxiety Disorders,Age,35-64 years,3789
2020-11,Anxiety Disorders,Age,65+ years,2910
2020-11,Anxiety Disorders,Age,All,3242
2020-11,Anxiety Disorders,RaceEthnicity,AI/AN,3855
2020-11,Anxiety Disorders,RaceEthnicity,All,3242
2020-11,Anxiety Disorders,RaceEthnicity,Asian,2039
2020-11,Anxiety Disorders,RaceEthnicity,Black,2161
2020-11,Anxiety Disorders,RaceEthnicity,Hispanic,3203
2020-11,Anxiety Disorders,RaceEthnicity,Multiple/Other,2654
2020-11,Anxiety Disorders,RaceEthnicity,NHOPI,2424
2020-11,Anxiety Disorders,RaceEthnicity,White,3982
2020-11,Anxiety Disorders,Sex,All,3242
2020-11,Anxiety Disorders,Sex,Female,3872
2020-11,Anxiety Disorders,Sex,Male,2523
2020-11,Anxiety Disorders,Total,All,3242
2020-10,Anxiety Disorders,Age,12-17 years,3162
2020-10,Anxiety Disorders,Age,18-34 years,3855
2020-10,Anxiety Disorders,Age,35-64 years,4055
2020-10,Anxiety Disorders,Age,65+ years,3068
2020-10,Anxiety Disorders,Age,All,3423
2020-10,Anxiety Disorders,RaceEthnicity,AI/AN,4060
2020-10,Anxiety Disorders,RaceEthnicity,All,3423
2020-10,Anxiety Disorders,RaceEthnicity,Asian,2191
2020-10,Anxiety Disorders,RaceEthnicity,Black,2309
2020-10,Anxiety Disorders,RaceEthnicity,Hispanic,3299
2020-10,Anxiety Disorders,RaceEthnicity,Multiple/Other,2733
2020-10,Anxiety Disorders,RaceEthnicity,NHOPI,2729
2020-10,Anxiety Disorders,RaceEthnicity,White,4239
2020-10,Anxiety Disorders,Sex,All,3423
2020-10,Anxiety Disorders,Sex,Female,4127
2020-10,Anxiety Disorders,Sex,Male,2623
2020-10,Anxiety Disorders,Total,All,3423
2020-09,Anxiety Disorders,Age,12-17 years,3168
2020-09,Anxiety Disorders,Age,18-34 years,4108
2020-09,Anxiety Disorders,Age,35-64 years,4288
2020-09,Anxiety Disorders,Age,65+ years,3224
2020-09,Anxiety Disorders,Age,All,3612
2020-09,Anxiety Disorders,RaceEthnicity,AI/AN,4097
2020-09,Anxiety Disorders,RaceEthnicity,All,3612
2020-09,Anxiety Disorders,RaceEthnicity,Asian,2242
2020-09,Anxiety Disorders,RaceEthnicity,Black,2476
2020-09,Anxiety Disorders,RaceEthnicity,Hispanic,3520
2020-09,Anxiety Disorders,RaceEthnicity,Multiple/Other,2869
2020-09,Anxiety Disorders,RaceEthnicity,NHOPI,2746
2020-09,Anxiety Disorders,RaceEthnicity,White,4453
2020-09,Anxiety Disorders,Sex,All,3612
2020-09,Anxiety Disorders,Sex,Female,4368
2020-09,Anxiety Disorders,Sex,Male,2761
2020-09,Anxiety Disorders,Total,All,3612
2020-08,Anxiety Disorders,Age,12-17 years,3055
2020-08,Anxiety Disorders,Age,18-34 years,4071
2020-08,Anxiety Disorders,Age,35-64 years,4241
2020-08,Anxiety Disorders,Age,65+ years,3240
2020-08,Anxiety Disorders,Age,All,3607
2020-08,Anxiety Disorders,RaceEthnicity,AI/AN,4060
2020-08,Anxiety Disorders,RaceEthnicity,All,3607
2020-08,Anxiety Disorders,RaceEthnicity,Asian,2222
2020-08,Anxiety Disorders,RaceEthnicity,Black,2502
2020-08,Anxiety Disorders,RaceEthnicity,Hispanic,3518
2020-08,Anxiety Disorders,RaceEthnicity,Multiple/Other,2869
2020-08,Anxiety Disorders,RaceEthnicity,NHOPI,2655
2020-08,Anxiety Disorders,RaceEthnicity,White,4423
2020-08,Anxiety Disorders,Sex,All,3607
2020-08,Anxiety Disorders,Sex,Female,4370
2020-08,Anxiety Disorders,Sex,Male,2757
2020-08,Anxiety Disorders,Total,All,3607
2020-07,Anxiety Disorders,Age,12-17 years,2909
2020-07,Anxiety Disorders,Age,18-34 years,3975
2020-07,Anxiety Disorders,Age,35-64 years,4129
2020-07,Anxiety Disorders,Age,65+ years,3127
2020-07,Anxiety Disorders,Age,All,3522
2020-07,Anxiety Disorders,RaceEthnicity,AI/AN,3930
2020-07,Anxiety Disorders,RaceEthnicity,All,3522
2020-07,Anxiety Disorders,RaceEthnicity,Asian,2150
2020-07,Anxiety Disorders,RaceEthnicity,Black,2455
2020-07,Anxiety Disorders,RaceEthnicity,Hispanic,3355
2020-07,Anxiety Disorders,RaceEthnicity,Multiple/Other,2811
2020-07,Anxiety Disorders,RaceEthnicity,NHOPI,2425
2020-07,Anxiety Disorders,RaceEthnicity,White,4333
2020-07,Anxiety Disorders,Sex,All,3522
2020-07,Anxiety Disorders,Sex,Female,4262
2020-07,Anxiety Disorders,Sex,Male,2697
2020-07,Anxiety Disorders,Total,All,3522
2020-06,Anxiety Disorders,Age,12-17 years,3075
2020-06,Anxiety Disorders,Age,18-34 years,4096
2020-06,Anxiety Disorders,Age,35-64 years,4242
2020-06,Anxiety Disorders,Age,65+ years,3166
2020-06,Anxiety Disorders,Age,All,3615
2020-06,Anxiety Disorders,RaceEthnicity,AI/AN,4211
2020-06,Anxiety Disorders,RaceEthnicity,All,3615
2020-06,Anxiety Disorders,RaceEthnicity,Asian,2234
2020-06,Anxiety Disorders,RaceEthnicity,Black,2496
2020-06,Anxiety Disorders,RaceEthnicity,Hispanic,3462
2020-06,Anxiety Disorders,RaceEthnicity,Multiple/Other,2906
2020-06,Anxiety Disorders,RaceEthnicity,NHOPI,2226
2020-06,Anxiety Disorders,RaceEthnicity,White,4373
2020-06,Anxiety Disorders,Sex,All,3615
2020-06,Anxiety Disorders,Sex,Female,4376
2020-06,Anxiety Disorders,Sex,Male,2780
2020-06,Anxiety Disorders,Total,All,3615
2020-05,Anxiety Disorders,Age,12-17 years,3467
2020-05,Anxiety Disorders,Age,18-34 years,4432
2020-05,Anxiety Disorders,Age,35-64 years,4487
2020-05,Anxiety Disorders,Age,65+ years,3221
2020-05,Anxiety Disorders,Age,All,3837
2020-05,Anxiety Disorders,RaceEthnicity,AI/AN,4038
2020-05,Anxiety Disorders,RaceEthnicity,All,3837
2020-05,Anxiety Disorders,RaceEthnicity,Asian,2244
2020-05,Anxiety Disorders,RaceEthnicity,Black,2711
2020-05,Anxiety Disorders,RaceEthnicity,Hispanic,3727
2020-05,Anxiety Disorders,RaceEthnicity,Multiple/Other,2978
2020-05,Anxiety Disorders,RaceEthnicity,NHOPI,2535
2020-05,Anxiety Disorders,RaceEthnicity,White,4565
2020-05,Anxiety Disorders,Sex,All,3837
2020-05,Anxiety Disorders,Sex,Female,4620
2020-05,Anxiety Disorders,Sex,Male,2988
2020-05,Anxiety Disorders,Total,All,3837
2020-04,Anxiety Disorders,Age,12-17 years,3621
2020-04,Anxiety Disorders,Age,18-34 years,4524
2020-04,Anxiety Disorders,Age,35-64 years,4425
2020-04,Anxiety Disorders,Age,65+ years,3136
2020-04,Anxiety Disorders,Age,All,3852
2020-04,Anxiety Disorders,RaceEthnicity,AI/AN,4352
2020-04,Anxiety Disorders,RaceEthnicity,All,3852
2020-04,Anxiety Disorders,RaceEthnicity,Asian,2314
2020-04,Anxiety Disorders,RaceEthnicity,Black,2807
2020-04,Anxiety Disorders,RaceEthnicity,Hispanic,3771
2020-04,Anxiety Disorders,RaceEthnicity,Multiple/Other,2998
2020-04,Anxiety Disorders,RaceEthnicity,NHOPI,2551
2020-04,Anxiety Disorders,RaceEthnicity,White,4625
2020-04,Anxiety Disorders,Sex,All,3852
2020-04,Anxiety Disorders,Sex,Female,4626
2020-04,Anxiety Disorders,Sex,Male,3032
2020-04,Anxiety Disorders,Total,All,3852
2020-03,Anxiety Disorders,Age,12-17 years,2529
2020-03,Anxiety Disorders,Age,18-34 years,3492
2020-03,Anxiety Disorders,Age,35-64 years,3698
2020-03,Anxiety Disorders,Age,65+ years,2872
2020-03,Anxiety Disorders,Age,All,3018
2020-03,Anxiety Disorders,RaceEthnicity,AI/AN,3158
2020-03,Anxiety Disorders,RaceEthnicity,All,3018
2020-03,Anxiety Disorders,RaceEthnicity,Asian,1828
2020-03,Anxiety Disorders,RaceEthnicity,Black,1954
2020-03,Anxiety Disorders,RaceEthnicity,Hispanic,2704
2020-03,Anxiety Disorders,RaceEthnicity,Multiple/Other,2237
2020-03,Anxiety Disorders,RaceEthnicity,NHOPI,1765
2020-03,Anxiety Disorders,RaceEthnicity,White,3864
2020-03,Anxiety Disorders,Sex,All,3018
2020-03,Anxiety Disorders,Sex,Female,3608
2020-03,Anxiety Disorders,Sex,Male,2361
2020-03,Anxiety Disorders,Total,All,3018
2020-02,Anxiety Disorders,Age,12-17 years,2358
2020-02,Anxiety Disorders,Age,18-34 years,3415
2020-02,Anxiety Disorders,Age,35-64 years,3728
2020-02,Anxiety Disorders,Age,65+ years,2897
2020-02,Anxiety Disorders,Age,All,2892
2020-02,Anxiety Disorders,RaceEthnicity,AI/AN,3155
2020-02,Anxiety Disorders,RaceEthnicity,All,2892
2020-02,Anxiety Disorders,RaceEthnicity,Asian,1641
2020-02,Anxiety Disorders,RaceEthnicity,Black,1821
2020-02,Anxiety Disorders,RaceEthnicity,Hispanic,2473
2020-02,Anxiety Disorders,RaceEthnicity,Multiple/Other,2064
2020-02,Anxiety Disorders,RaceEthnicity,NHOPI,1744
2020-02,Anxiety Disorders,RaceEthnicity,White,3718
2020-02,Anxiety Disorders,Sex,All,2892
2020-02,Anxiety Disorders,Sex,Female,3440
2020-02,Anxiety Disorders,Sex,Male,2247
2020-02,Anxiety Disorders,Total,All,2892
2020-01,Anxiety Disorders,Age,12-17 years,2355
2020-01,Anxiety Disorders,Age,18-34 years,3280
2020-01,Anxiety Disorders,Age,35-64 years,3652
2020-01,Anxiety Disorders,Age,65+ years,2762
2020-01,Anxiety Disorders,Age,All,2810
2020-01,Anxiety Disorders,RaceEthnicity,AI/AN,2825
2020-01,Anxiety Disorders,RaceEthnicity,All,2810
2020-01,Anxiety Disorders,RaceEthnicity,Asian,1518
2020-01,Anxiety Disorders,RaceEthnicity,Black,1794
2020-01,Anxiety Disorders,RaceEthnicity,Hispanic,2370
2020-01,Anxiety Disorders,RaceEthnicity,Multiple/Other,2022
2020-01,Anxiety Disorders,RaceEthnicity,NHOPI,1605
2020-01,Anxiety Disorders,RaceEthnicity,White,3654
2020-01,Anxiety Disorders,Sex,All,2810
2020-01,Anxiety Disorders,Sex,Female,3314
2020-01,Anxiety Disorders,Sex,Male,2208
2020-01,Anxiety Disorders,Total,All,2810
2019-12,Anxiety Disorders,Age,12-17 years,2223
2019-12,Anxiety Disorders,Age,18-34 years,3211
2019-12,Anxiety Disorders,Age,35-64 years,3555
2019-12,Anxiety Disorders,Age,65+ years,2670
2019-12,Anxiety Disorders,Age,All,2681
2019-12,Anxiety Disorders,RaceEthnicity,AI/AN,2956
2019-12,Anxiety Disorders,RaceEthnicity,All,2681
2019-12,Anxiety Disorders,RaceEthnicity,Asian,1460
2019-12,Anxiety Disorders,RaceEthnicity,Black,1708
2019-12,Anxiety Disorders,RaceEthnicity,Hispanic,2334
2019-12,Anxiety Disorders,RaceEthnicity,Multiple/Other,1883
2019-12,Anxiety Disorders,RaceEthnicity,NHOPI,1556
2019-12,Anxiety Disorders,RaceEthnicity,White,3465
2019-12,Anxiety Disorders,Sex,All,2681
2019-12,Anxiety Disorders,Sex,Female,3181
2019-12,Anxiety Disorders,Sex,Male,2102
2019-12,Anxiety Disorders,Total,All,2681
2019-11,Anxiety Disorders,Age,12-17 years,2307
2019-11,Anxiety Disorders,Age,18-34 years,3361
2019-11,Anxiety Disorders,Age,35-64 years,3640
2019-11,Anxiety Disorders,Age,65+ years,2691
2019-11,Anxiety Disorders,Age,All,2787
2019-11,Anxiety Disorders,RaceEthnicity,AI/AN,3068
2019-11,Anxiety Disorders,RaceEthnicity,All,2787
2019-11,Anxiety Disorders,RaceEthnicity,Asian,1640
2019-11,Anxiety Disorders,RaceEthnicity,Black,1800
2019-11,Anxiety Disorders,RaceEthnicity,Hispanic,2465
2019-11,Anxiety Disorders,RaceEthnicity,Multiple/Other,2033
2019-11,Anxiety Disorders,RaceEthnicity,NHOPI,1873
2019-11,Anxiety Disorders,RaceEthnicity,White,3548
2019-11,Anxiety Disorders,Sex,All,2787
2019-11,Anxiety Disorders,Sex,Female,3342
2019-11,Anxiety Disorders,Sex,Male,2147
2019-11,Anxiety Disorders,Total,All,2787
2019-10,Anxiety Disorders,Age,12-17 years,2351
2019-10,Anxiety Disorders,Age,18-34 years,3435
2019-10,Anxiety Disorders,Age,35-64 years,3646
2019-10,Anxiety Disorders,Age,65+ years,2743
2019-10,Anxiety Disorders,Age,All,2888
2019-10,Anxiety Disorders,RaceEthnicity,AI/AN,3016
2019-10,Anxiety Disorders,RaceEthnicity,All,2888
2019-10,Anxiety Disorders,RaceEthnicity,Asian,1708
2019-10,Anxiety Disorders,RaceEthnicity,Black,1839
2019-10,Anxiety Disorders,RaceEthnicity,Hispanic,2665
2019-10,Anxiety Disorders,RaceEthnicity,Multiple/Other,2259
2019-10,Anxiety Disorders,RaceEthnicity,NHOPI,1911
2019-10,Anxiety Disorders,RaceEthnicity,White,3668
2019-10,Anxiety Disorders,Sex,All,2888
2019-10,Anxiety Disorders,Sex,Female,3474
2019-10,Anxiety Disorders,Sex,Male,2216
2019-10,Anxiety Disorders,Total,All,2888
2019-09,Anxiety Disorders,Age,12-17 years,2380
2019-09,Anxiety Disorders,Age,18-34 years,3463
2019-09,Anxiety Disorders,Age,35-64 years,3655
2019-09,Anxiety Disorders,Age,65+ years,2748
2019-09,Anxiety Disorders,Age,All,2920
2019-09,Anxiety Disorders,RaceEthnicity,AI/AN,3133
2019-09,Anxiety Disorders,RaceEthnicity,All,2920
2019-09,Anxiety Disorders,RaceEthnicity,Asian,1706
2019-09,Anxiety Disorders,RaceEthnicity,Black,1848
2019-09,Anxiety Disorders,RaceEthnicity,Hispanic,2676
2019-09,Anxiety Disorders,RaceEthnicity,Multiple/Other,2265
2019-09,Anxiety Disorders,RaceEthnicity,NHOPI,1599
2019-09,Anxiety Disorders,RaceEthnicity,White,3702
2019-09,Anxiety Disorders,Sex,All,2920
2019-09,Anxiety Disorders,Sex,Female,3507
2019-09,Anxiety Disorders,Sex,Male,2252
2019-09,Anxiety Disorders,Total,All,2920
2019-08,Anxiety Disorders,Age,12-17 years,2370
2019-08,Anxiety Disorders,Age,18-34 years,3498
2019-08,Anxiety Disorders,Age,35-64 years,3698
2019-08,Anxiety Disorders,Age,65+ years,2749
2019-08,Anxiety Disorders,Age,All,2991
2019-08,Anxiety Disorders,RaceEthnicity,AI/AN,3209
2019-08,Anxiety Disorders,RaceEthnicity,All,2991
2019-08,Anxiety Disorders,RaceEthnicity,Asian,1707
2019-08,Anxiety Disorders,RaceEthnicity,Black,1937
2019-08,Anxiety Disorders,RaceEthnicity,Hispanic,2802
2019-08,Anxiety Disorders,RaceEthnicity,Multiple/Other,2424
2019-08,Anxiety Disorders,RaceEthnicity,NHOPI,1698
2019-08,Anxiety Disorders,RaceEthnicity,White,3733
2019-08,Anxiety Disorders,Sex,All,2991
2019-08,Anxiety Disorders,Sex,Female,3602
2019-08,Anxiety Disorders,Sex,Male,2297
2019-08,Anxiety Disorders,Total,All,2991
2019-07,Anxiety Disorders,Age,12-17 years,2297
2019-07,Anxiety Disorders,Age,18-34 years,3371
2019-07,Anxiety Disorders,Age,35-64 years,3611
2019-07,Anxiety Disorders,Age,65+ years,2685
2019-07,Anxiety Disorders,Age,All,2922
2019-07,Anxiety Disorders,RaceEthnicity,AI/AN,3153
2019-07,Anxiety Disorders,RaceEthnicity,All,2922
2019-07,Anxiety Disorders,RaceEthnicity,Asian,1740
2019-07,Anxiety Disorders,RaceEthnicity,Black,1977
2019-07,Anxiety Disorders,RaceEthnicity,Hispanic,2853
2019-07,Anxiety Disorders,RaceEthnicity,Multiple/Other,2329
2019-07,Anxiety Disorders,RaceEthnicity,NHOPI,1871
2019-07,Anxiety Disorders,RaceEthnicity,White,3614
2019-07,Anxiety Disorders,Sex,All,2922
2019-07,Anxiety Disorders,Sex,Female,3509
2019-07,Anxiety Disorders,Sex,Male,2252
2019-07,Anxiety Disorders,Total,All,2922
2019-06,Anxiety Disorders,Age,12-17 years,2057
2019-06,Anxiety Disorders,Age,18-34 years,3255
2019-06,Anxiety Disorders,Age,35-64 years,3532
2019-06,Anxiety Disorders,Age,65+ years,2646
2019-06,Anxiety Disorders,Age,All,2810
2019-06,Anxiety Disorders,RaceEthnicity,AI/AN,3253
2019-06,Anxiety Disorders,RaceEthnicity,All,2810
2019-06,Anxiety Disorders,RaceEthnicity,Asian,1643
2019-06,Anxiety Disorders,RaceEthnicity,Black,1853
2019-06,Anxiety Disorders,RaceEthnicity,Hispanic,2675
2019-06,Anxiety Disorders,RaceEthnicity,Multiple/Other,2233
2019-06,Anxiety Disorders,RaceEthnicity,NHOPI,1737
2019-06,Anxiety Disorders,RaceEthnicity,White,3523
2019-06,Anxiety Disorders,Sex,All,2810
2019-06,Anxiety Disorders,Sex,Female,3382
2019-06,Anxiety Disorders,Sex,Male,2154
2019-06,Anxiety Disorders,Total,All,2810
2019-05,Anxiety Disorders,Age,12-17 years,2228
2019-05,Anxiety Disorders,Age,18-34 years,3288
2019-05,Anxiety Disorders,Age,35-64 years,3523
2019-05,Anxiety Disorders,Age,65+ years,2603
2019-05,Anxiety Disorders,Age,All,2769
2019-05,Anxiety Disorders,RaceEthnicity,AI/AN,3165
2019-05,Anxiety Disorders,RaceEthnicity,All,2769
2019-05,Anxiety Disorders,RaceEthnicity,Asian,1642
2019-05,Anxiety Disorders,RaceEthnicity,Black,1824
2019-05,Anxiety Disorders,RaceEthnicity,Hispanic,2580
2019-05,Anxiety Disorders,RaceEthnicity,Multiple/Other,2174
2019-05,Anxiety Disorders,RaceEthnicity,NHOPI,1581
2019-05,Anxiety Disorders,RaceEthnicity,White,3504
2019-05,Anxiety Disorders,Sex,All,2769
2019-05,Anxiety Disorders,Sex,Female,3320
2019-05,Anxiety Disorders,Sex,Male,2127
2019-05,Anxiety Disorders,Total,All,2769
2019-04,Anxiety Disorders,Age,12-17 years,2267
2019-04,Anxiety Disorders,Age,18-34 years,3267
2019-04,Anxiety Disorders,Age,35-64 years,3522
2019-04,Anxiety Disorders,Age,65+ years,2594
2019-04,Anxiety Disorders,Age,All,2750
2019-04,Anxiety Disorders,RaceEthnicity,AI/AN,3150
2019-04,Anxiety Disorders,RaceEthnicity,All,2750
2019-04,Anxiety Disorders,RaceEthnicity,Asian,1554
2019-04,Anxiety Disorders,RaceEthnicity,Black,1801
2019-04,Anxiety Disorders,RaceEthnicity,Hispanic,2486
2019-04,Anxiety Disorders,RaceEthnicity,Multiple/Other,2192
2019-04,Anxiety Disorders,RaceEthnicity,NHOPI,1617
2019-04,Anxiety Disorders,RaceEthnicity,White,3496
2019-04,Anxiety Disorders,Sex,All,2750
2019-04,Anxiety Disorders,Sex,Female,3264
2019-04,Anxiety Disorders,Sex,Male,2117
2019-04,Anxiety Disorders,Total,All,2750
2019-03,Anxiety Disorders,Age,12-17 years,2157
2019-03,Anxiety Disorders,Age,18-34 years,3191
2019-03,Anxiety Disorders,Age,35-64 years,3486
2019-03,Anxiety Disorders,Age,65+ years,2564
2019-03,Anxiety Disorders,Age,All,2678
2019-03,Anxiety Disorders,RaceEthnicity,AI/AN,2975
2019-03,Anxiety Disorders,RaceEthnicity,All,2678
2019-03,Anxiety Disorders,RaceEthnicity,Asian,1575
2019-03,Anxiety Disorders,RaceEthnicity,Black,1749
2019-03,Anxiety Disorders,RaceEthnicity,Hispanic,2351
2019-03,Anxiety Disorders,RaceEthnicity,Multiple/Other,2107
2019-03,Anxiety Disorders,RaceEthnicity,NHOPI,1411
2019-03,Anxiety Disorders,RaceEthnicity,White,3408
2019-03,Anxiety Disorders,Sex,All,2678
2019-03,Anxiety Disorders,Sex,Female,3167
2019-03,Anxiety Disorders,Sex,Male,2070
2019-03,Anxiety Disorders,Total,All,2678
2019-02,Anxiety Disorders,Age,12-17 years,2112
2019-02,Anxiety Disorders,Age,18-34 years,3098
2019-02,Anxiety Disorders,Age,35-64 years,3346
2019-02,Anxiety Disorders,Age,65+ years,2497
2019-02,Anxiety Disorders,Age,All,2582
2019-02,Anxiety Disorders,RaceEthnicity,AI/AN,3036
2019-02,Anxiety Disorders,RaceEthnicity,All,2582
2019-02,Anxiety Disorders,RaceEthnicity,Asian,1593
2019-02,Anxiety Disorders,RaceEthnicity,Black,1689
2019-02,Anxiety Disorders,RaceEthnicity,Hispanic,2275
2019-02,Anxiety Disorders,RaceEthnicity,Multiple/Other,2046
2019-02,Anxiety Disorders,RaceEthnicity,NHOPI,1479
2019-02,Anxiety Disorders,RaceEthnicity,White,3305
2019-02,Anxiety Disorders,Sex,All,2582
2019-02,Anxiety Disorders,Sex,Female,3043
2019-02,Anxiety Disorders,Sex,Male,2008
2019-02,Anxiety Disorders,Total,All,2582
2019-01,Anxiety Disorders,Age,12-17 years,2115
2019-01,Anxiety Disorders,Age,18-34 years,2942
2019-01,Anxiety Disorders,Age,35-64 years,3269
2019-01,Anxiety Disorders,Age,65+ years,2409
2019-01,Anxiety Disorders,Age,All,2529
2019-01,Anxiety Disorders,RaceEthnicity,AI/AN,3084
2019-01,Anxiety Disorders,RaceEthnicity,All,2529
2019-01,Anxiety Disorders,RaceEthnicity,Asian,1490
2019-01,Anxiety Disorders,RaceEthnicity,Black,1652
2019-01,Anxiety Disorders,RaceEthnicity,Hispanic,2250
2019-01,Anxiety Disorders,RaceEthnicity,Multiple/Other,2027
2019-01,Anxiety Disorders,RaceEthnicity,NHOPI,1326
2019-01,Anxiety Disorders,RaceEthnicity,White,3211
2019-01,Anxiety Disorders,Sex,All,2529
2019-01,Anxiety Disorders,Sex,Female,2959
2019-01,Anxiety Disorders,Sex,Male,1990
2019-01,Anxiety Disorders,Total,All,2529
2026-05,Any Mental Health,Age,12-17 years,7517
2026-05,Any Mental Health,Age,18-34 years,6031
2026-05,Any Mental Health,Age,35-64 years,6236
2026-05,Any Mental Health,Age,65+ years,4889
2026-05,Any Mental Health,Age,All,5301
2026-05,Any Mental Health,RaceEthnicity,AI/AN,5593
2026-05,Any Mental Health,RaceEthnicity,All,5301
2026-05,Any Mental Health,RaceEthnicity,Asian,3512
2026-05,Any Mental Health,RaceEthnicity,Black,4620
2026-05,Any Mental Health,RaceEthnicity,Hispanic,4070
2026-05,Any Mental Health,RaceEthnicity,Multiple/Other,4603
2026-05,Any Mental Health,RaceEthnicity,NHOPI,3225
2026-05,Any Mental Health,RaceEthnicity,White,6150
2026-05,Any Mental Health,Sex,All,5301
2026-05,Any Mental Health,Sex,Female,5518
2026-05,Any Mental Health,Sex,Male,5034
2026-05,Any Mental Health,Total,All,5301
2026-04,Any Mental Health,Age,12-17 years,7721
2026-04,Any Mental Health,Age,18-34 years,6097
2026-04,Any Mental Health,Age,35-64 years,6336
2026-04,Any Mental Health,Age,65+ years,5017
2026-04,Any Mental Health,Age,All,5395
2026-04,Any Mental Health,RaceEthnicity,AI/AN,5837
2026-04,Any Mental Health,RaceEthnicity,All,5395
2026-04,Any Mental Health,RaceEthnicity,Asian,3560
2026-04,Any Mental Health,RaceEthnicity,Black,4640
2026-04,Any Mental Health,RaceEthnicity,Hispanic,4089
2026-04,Any Mental Health,RaceEthnicity,Multiple/Other,4589
2026-04,Any Mental Health,RaceEthnicity,NHOPI,3219
2026-04,Any Mental Health,RaceEthnicity,White,6301
2026-04,Any Mental Health,Sex,All,5395
2026-04,Any Mental Health,Sex,Female,5595
2026-04,Any Mental Health,Sex,Male,5145
2026-04,Any Mental Health,Total,All,5395
2026-03,Any Mental Health,Age,12-17 years,7506
2026-03,Any Mental Health,Age,18-34 years,6054
2026-03,Any Mental Health,Age,35-64 years,6284
2026-03,Any Mental Health,Age,65+ years,4988
2026-03,Any Mental Health,Age,All,5298
2026-03,Any Mental Health,RaceEthnicity,AI/AN,5736
2026-03,Any Mental Health,RaceEthnicity,All,5298
2026-03,Any Mental Health,RaceEthnicity,Asian,3517
2026-03,Any Mental Health,RaceEthnicity,Black,4568
2026-03,Any Mental Health,RaceEthnicity,Hispanic,3969
2026-03,Any Mental Health,RaceEthnicity,Multiple/Other,4467
2026-03,Any Mental Health,RaceEthnicity,NHOPI,3136
2026-03,Any Mental Health,RaceEthnicity,White,6203
2026-03,Any Mental Health,Sex,All,5298
2026-03,Any Mental Health,Sex,Female,5454
2026-03,Any Mental Health,Sex,Male,5102
2026-03,Any Mental Health,Total,All,5298
2026-02,Any Mental Health,Age,12-17 years,7184
2026-02,Any Mental Health,Age,18-34 years,6006
2026-02,Any Mental Health,Age,35-64 years,6191
2026-02,Any Mental Health,Age,65+ years,4975
2026-02,Any Mental Health,Age,All,5226
2026-02,Any Mental Health,RaceEthnicity,AI/AN,5570
2026-02,Any Mental Health,RaceEthnicity,All,5226
2026-02,Any Mental Health,RaceEthnicity,Asian,3426
2026-02,Any Mental Health,RaceEthnicity,Black,4565
2026-02,Any Mental Health,RaceEthnicity,Hispanic,3878
2026-02,Any Mental Health,RaceEthnicity,Multiple/Other,4321
2026-02,Any Mental Health,RaceEthnicity,NHOPI,3041
2026-02,Any Mental Health,RaceEthnicity,White,6115
2026-02,Any Mental Health,Sex,All,5226
2026-02,Any Mental Health,Sex,Female,5365
2026-02,Any Mental Health,Sex,Male,5051
2026-02,Any Mental Health,Total,All,5226
2026-01,Any Mental Health,Age,12-17 years,7206
2026-01,Any Mental Health,Age,18-34 years,5758
2026-01,Any Mental Health,Age,35-64 years,6125
2026-01,Any Mental Health,Age,65+ years,4882
2026-01,Any Mental Health,Age,All,5151
2026-01,Any Mental Health,RaceEthnicity,AI/AN,5558
2026-01,Any Mental Health,RaceEthnicity,All,5151
2026-01,Any Mental Health,RaceEthnicity,Asian,3357
2026-01,Any Mental Health,RaceEthnicity,Black,4451
2026-01,Any Mental Health,RaceEthnicity,Hispanic,3883
2026-01,Any Mental Health,RaceEthnicity,Multiple/Other,4249
2026-01,Any Mental Health,RaceEthnicity,NHOPI,3019
2026-01,Any Mental Health,RaceEthnicity,White,6026
2026-01,Any Mental Health,Sex,All,5151
2026-01,Any Mental Health,Sex,Female,5259
2026-01,Any Mental Health,Sex,Male,5013
2026-01,Any Mental Health,Total,All,5151
2025-12,Any Mental Health,Age,12-17 years,6206
2025-12,Any Mental Health,Age,18-34 years,5425
2025-12,Any Mental Health,Age,35-64 years,5864
2025-12,Any Mental Health,Age,65+ years,4642
2025-12,Any Mental Health,Age,All,4790
2025-12,Any Mental Health,RaceEthnicity,AI/AN,5252
2025-12,Any Mental Health,RaceEthnicity,All,4790
2025-12,Any Mental Health,RaceEthnicity,Asian,3113
2025-12,Any Mental Health,RaceEthnicity,Black,4100
2025-12,Any Mental Health,RaceEthnicity,Hispanic,3595
2025-12,Any Mental Health,RaceEthnicity,Multiple/Other,3875
2025-12,Any Mental Health,RaceEthnicity,NHOPI,2922
2025-12,Any Mental Health,RaceEthnicity,White,5641
2025-12,Any Mental Health,Sex,All,4790
2025-12,Any Mental Health,Sex,Female,4891
2025-12,Any Mental Health,Sex,Male,4662
2025-12,Any Mental Health,Total,All,4790
2025-11,Any Mental Health,Age,12-17 years,7449
2025-11,Any Mental Health,Age,18-34 years,5968
2025-11,Any Mental Health,Age,35-64 years,6213
2025-11,Any Mental Health,Age,65+ years,4781
2025-11,Any Mental Health,Age,All,5204
2025-11,Any Mental Health,RaceEthnicity,AI/AN,5583
2025-11,Any Mental Health,RaceEthnicity,All,5204
2025-11,Any Mental Health,RaceEthnicity,Asian,3462
2025-11,Any Mental Health,RaceEthnicity,Black,4580
2025-11,Any Mental Health,RaceEthnicity,Hispanic,3986
2025-11,Any Mental Health,RaceEthnicity,Multiple/Other,4451
2025-11,Any Mental Health,RaceEthnicity,NHOPI,3170
2025-11,Any Mental Health,RaceEthnicity,White,6004
2025-11,Any Mental Health,Sex,All,5204
2025-11,Any Mental Health,Sex,Female,5326
2025-11,Any Mental Health,Sex,Male,5050
2025-11,Any Mental Health,Total,All,5204
2025-10,Any Mental Health,Age,12-17 years,7487
2025-10,Any Mental Health,Age,18-34 years,6035
2025-10,Any Mental Health,Age,35-64 years,6200
2025-10,Any Mental Health,Age,65+ years,4786
2025-10,Any Mental Health,Age,All,5281
2025-10,Any Mental Health,RaceEthnicity,AI/AN,5697
2025-10,Any Mental Health,RaceEthnicity,All,5281
2025-10,Any Mental Health,RaceEthnicity,Asian,3516
2025-10,Any Mental Health,RaceEthnicity,Black,4569
2025-10,Any Mental Health,RaceEthnicity,Hispanic,4008
2025-10,Any Mental Health,RaceEthnicity,Multiple/Other,4449
2025-10,Any Mental Health,RaceEthnicity,NHOPI,3247
2025-10,Any Mental Health,RaceEthnicity,White,6095
2025-10,Any Mental Health,Sex,All,5281
2025-10,Any Mental Health,Sex,Female,5456
2025-10,Any Mental Health,Sex,Male,5062
2025-10,Any Mental Health,Total,All,5281
2025-09,Any Mental Health,Age,12-17 years,7019
2025-09,Any Mental Health,Age,18-34 years,5959
2025-09,Any Mental Health,Age,35-64 years,6066
2025-09,Any Mental Health,Age,65+ years,4750
2025-09,Any Mental Health,Age,All,5204
2025-09,Any Mental Health,RaceEthnicity,AI/AN,5423
2025-09,Any Mental Health,RaceEthnicity,All,5204
2025-09,Any Mental Health,RaceEthnicity,Asian,3392
2025-09,Any Mental Health,RaceEthnicity,Black,4407
2025-09,Any Mental Health,RaceEthnicity,Hispanic,3907
2025-09,Any Mental Health,RaceEthnicity,Multiple/Other,4415
2025-09,Any Mental Health,RaceEthnicity,NHOPI,3208
2025-09,Any Mental Health,RaceEthnicity,White,5992
2025-09,Any Mental Health,Sex,All,5204
2025-09,Any Mental Health,Sex,Female,5382
2025-09,Any Mental Health,Sex,Male,4981
2025-09,Any Mental Health,Total,All,5204
2025-08,Any Mental Health,Age,12-17 years,6530
2025-08,Any Mental Health,Age,18-34 years,5957
2025-08,Any Mental Health,Age,35-64 years,6062
2025-08,Any Mental Health,Age,65+ years,4688
2025-08,Any Mental Health,Age,All,5174
2025-08,Any Mental Health,RaceEthnicity,AI/AN,5477
2025-08,Any Mental Health,RaceEthnicity,All,5174
2025-08,Any Mental Health,RaceEthnicity,Asian,3382
2025-08,Any Mental Health,RaceEthnicity,Black,4441
2025-08,Any Mental Health,RaceEthnicity,Hispanic,3890
2025-08,Any Mental Health,RaceEthnicity,Multiple/Other,4290
2025-08,Any Mental Health,RaceEthnicity,NHOPI,3175
2025-08,Any Mental Health,RaceEthnicity,White,5920
2025-08,Any Mental Health,Sex,All,5174
2025-08,Any Mental Health,Sex,Female,5343
2025-08,Any Mental Health,Sex,Male,4965
2025-08,Any Mental Health,Total,All,5174
2025-07,Any Mental Health,Age,12-17 years,7024
2025-07,Any Mental Health,Age,18-34 years,6079
2025-07,Any Mental Health,Age,35-64 years,6140
2025-07,Any Mental Health,Age,65+ years,4668
2025-07,Any Mental Health,Age,All,5272
2025-07,Any Mental Health,RaceEthnicity,AI/AN,5765
2025-07,Any Mental Health,RaceEthnicity,All,5272
2025-07,Any Mental Health,RaceEthnicity,Asian,3319
2025-07,Any Mental Health,RaceEthnicity,Black,4590
2025-07,Any Mental Health,RaceEthnicity,Hispanic,4019
2025-07,Any Mental Health,RaceEthnicity,Multiple/Other,4331
2025-07,Any Mental Health,RaceEthnicity,NHOPI,3313
2025-07,Any Mental Health,RaceEthnicity,White,5977
2025-07,Any Mental Health,Sex,All,5272
2025-07,Any Mental Health,Sex,Female,5441
2025-07,Any Mental Health,Sex,Male,5064
2025-07,Any Mental Health,Total,All,5272
2025-06,Any Mental Health,Age,12-17 years,7111
2025-06,Any Mental Health,Age,18-34 years,6133
2025-06,Any Mental Health,Age,35-64 years,6153
2025-06,Any Mental Health,Age,65+ years,4657
2025-06,Any Mental Health,Age,All,5248
2025-06,Any Mental Health,RaceEthnicity,AI/AN,5634
2025-06,Any Mental Health,RaceEthnicity,All,5248
2025-06,Any Mental Health,RaceEthnicity,Asian,3327
2025-06,Any Mental Health,RaceEthnicity,Black,4577
2025-06,Any Mental Health,RaceEthnicity,Hispanic,3982
2025-06,Any Mental Health,RaceEthnicity,Multiple/Other,4436
2025-06,Any Mental Health,RaceEthnicity,NHOPI,3207
2025-06,Any Mental Health,RaceEthnicity,White,5956
2025-06,Any Mental Health,Sex,All,5248
2025-06,Any Mental Health,Sex,Female,5420
2025-06,Any Mental Health,Sex,Male,5039
2025-06,Any Mental Health,Total,All,5248
2025-05,Any Mental Health,Age,12-17 years,7409
2025-05,Any Mental Health,Age,18-34 years,6067
2025-05,Any Mental Health,Age,35-64 years,6140
2025-05,Any Mental Health,Age,65+ years,4654
2025-05,Any Mental Health,Age,All,5195
2025-05,Any Mental Health,RaceEthnicity,AI/AN,5584
2025-05,Any Mental Health,RaceEthnicity,All,5195
2025-05,Any Mental Health,RaceEthnicity,Asian,3417
2025-05,Any Mental Health,RaceEthnicity,Black,4499
2025-05,Any Mental Health,RaceEthnicity,Hispanic,3825
2025-05,Any Mental Health,RaceEthnicity,Multiple/Other,4352
2025-05,Any Mental Health,RaceEthnicity,NHOPI,3124
2025-05,Any Mental Health,RaceEthnicity,White,5999
2025-05,Any Mental Health,Sex,All,5195
2025-05,Any Mental Health,Sex,Female,5347
2025-05,Any Mental Health,Sex,Male,5008
2025-05,Any Mental Health,Total,All,5195
2025-04,Any Mental Health,Age,12-17 years,7388
2025-04,Any Mental Health,Age,18-34 years,6099
2025-04,Any Mental Health,Age,35-64 years,6162
2025-04,Any Mental Health,Age,65+ years,4692
2025-04,Any Mental Health,Age,All,5222
2025-04,Any Mental Health,RaceEthnicity,AI/AN,5642
2025-04,Any Mental Health,RaceEthnicity,All,5222
2025-04,Any Mental Health,RaceEthnicity,Asian,3479
2025-04,Any Mental Health,RaceEthnicity,Black,4513
2025-04,Any Mental Health,RaceEthnicity,Hispanic,3798
2025-04,Any Mental Health,RaceEthnicity,Multiple/Other,4286
2025-04,Any Mental Health,RaceEthnicity,NHOPI,3148
2025-04,Any Mental Health,RaceEthnicity,White,6069
2025-04,Any Mental Health,Sex,All,5222
2025-04,Any Mental Health,Sex,Female,5369
2025-04,Any Mental Health,Sex,Male,5033
2025-04,Any Mental Health,Total,All,5222
2025-03,Any Mental Health,Age,12-17 years,7369
2025-03,Any Mental Health,Age,18-34 years,6028
2025-03,Any Mental Health,Age,35-64 years,6139
2025-03,Any Mental Health,Age,65+ years,4754
2025-03,Any Mental Health,Age,All,5187
2025-03,Any Mental Health,RaceEthnicity,AI/AN,5567
2025-03,Any Mental Health,RaceEthnicity,All,5187
2025-03,Any Mental Health,RaceEthnicity,Asian,3384
2025-03,Any Mental Health,RaceEthnicity,Black,4461
2025-03,Any Mental Health,RaceEthnicity,Hispanic,3751
2025-03,Any Mental Health,RaceEthnicity,Multiple/Other,4344
2025-03,Any Mental Health,RaceEthnicity,NHOPI,3109
2025-03,Any Mental Health,RaceEthnicity,White,6030
2025-03,Any Mental Health,Sex,All,5187
2025-03,Any Mental Health,Sex,Female,5323
2025-03,Any Mental Health,Sex,Male,5008
2025-03,Any Mental Health,Total,All,5187
2025-02,Any Mental Health,Age,12-17 years,6512
2025-02,Any Mental Health,Age,18-34 years,5710
2025-02,Any Mental Health,Age,35-64 years,5828
2025-02,Any Mental Health,Age,65+ years,4585
2025-02,Any Mental Health,Age,All,4898
2025-02,Any Mental Health,RaceEthnicity,AI/AN,5266
2025-02,Any Mental Health,RaceEthnicity,All,4898
2025-02,Any Mental Health,RaceEthnicity,Asian,3141
2025-02,Any Mental Health,RaceEthnicity,Black,4201
2025-02,Any Mental Health,RaceEthnicity,Hispanic,3538
2025-02,Any Mental Health,RaceEthnicity,Multiple/Other,4098
2025-02,Any Mental Health,RaceEthnicity,NHOPI,2798
2025-02,Any Mental Health,RaceEthnicity,White,5695
2025-02,Any Mental Health,Sex,All,4898
2025-02,Any Mental Health,Sex,Female,5008
2025-02,Any Mental Health,Sex,Male,4760
2025-02,Any Mental Health,Total,All,4898
2025-01,Any Mental Health,Age,12-17 years,6469
2025-01,Any Mental Health,Age,18-34 years,5522
2025-01,Any Mental Health,Age,35-64 years,5719
2025-01,Any Mental Health,Age,65+ years,4553
2025-01,Any Mental Health,Age,All,4782
2025-01,Any Mental Health,RaceEthnicity,AI/AN,5270
2025-01,Any Mental Health,RaceEthnicity,All,4782
2025-01,Any Mental Health,RaceEthnicity,Asian,3035
2025-01,Any Mental Health,RaceEthnicity,Black,4030
2025-01,Any Mental Health,RaceEthnicity,Hispanic,3417
2025-01,Any Mental Health,RaceEthnicity,Multiple/Other,3891
2025-01,Any Mental Health,RaceEthnicity,NHOPI,2674
2025-01,Any Mental Health,RaceEthnicity,White,5647
2025-01,Any Mental Health,Sex,All,4782
2025-01,Any Mental Health,Sex,Female,4860
2025-01,Any Mental Health,Sex,Male,4677
2025-01,Any Mental Health,Total,All,4782
2024-12,Any Mental Health,Age,12-17 years,6014
2024-12,Any Mental Health,Age,18-34 years,5445
2024-12,Any Mental Health,Age,35-64 years,5656
2024-12,Any Mental Health,Age,65+ years,4417
2024-12,Any Mental Health,Age,All,4613
2024-12,Any Mental Health,RaceEthnicity,AI/AN,5210
2024-12,Any Mental Health,RaceEthnicity,All,4613
2024-12,Any Mental Health,RaceEthnicity,Asian,3015
2024-12,Any Mental Health,RaceEthnicity,Black,3982
2024-12,Any Mental Health,RaceEthnicity,Hispanic,3312
2024-12,Any Mental Health,RaceEthnicity,Multiple/Other,3675
2024-12,Any Mental Health,RaceEthnicity,NHOPI,2772
2024-12,Any Mental Health,RaceEthnicity,White,5417
2024-12,Any Mental Health,Sex,All,4613
2024-12,Any Mental Health,Sex,Female,4687
2024-12,Any Mental Health,Sex,Male,4516
2024-12,Any Mental Health,Total,All,4613
2024-11,Any Mental Health,Age,12-17 years,6799
2024-11,Any Mental Health,Age,18-34 years,5945
2024-11,Any Mental Health,Age,35-64 years,6087
2024-11,Any Mental Health,Age,65+ years,4587
2024-11,Any Mental Health,Age,All,5023
2024-11,Any Mental Health,RaceEthnicity,AI/AN,5693
2024-11,Any Mental Health,RaceEthnicity,All,5023
2024-11,Any Mental Health,RaceEthnicity,Asian,3412
2024-11,Any Mental Health,RaceEthnicity,Black,4373
2024-11,Any Mental Health,RaceEthnicity,Hispanic,3656
2024-11,Any Mental Health,RaceEthnicity,Multiple/Other,4074
2024-11,Any Mental Health,RaceEthnicity,NHOPI,2884
2024-11,Any Mental Health,RaceEthnicity,White,5833
2024-11,Any Mental Health,Sex,All,5023
2024-11,Any Mental Health,Sex,Female,5128
2024-11,Any Mental Health,Sex,Male,4890
2024-11,Any Mental Health,Total,All,5023
2024-10,Any Mental Health,Age,12-17 years,6894
2024-10,Any Mental Health,Age,18-34 years,6032
2024-10,Any Mental Health,Age,35-64 years,6024
2024-10,Any Mental Health,Age,65+ years,4545
2024-10,Any Mental Health,Age,All,5087
2024-10,Any Mental Health,RaceEthnicity,AI/AN,5832
2024-10,Any Mental Health,RaceEthnicity,All,5087
2024-10,Any Mental Health,RaceEthnicity,Asian,3375
2024-10,Any Mental Health,RaceEthnicity,Black,4350
2024-10,Any Mental Health,RaceEthnicity,Hispanic,3804
2024-10,Any Mental Health,RaceEthnicity,Multiple/Other,4132
2024-10,Any Mental Health,RaceEthnicity,NHOPI,3170
2024-10,Any Mental Health,RaceEthnicity,White,5877
2024-10,Any Mental Health,Sex,All,5087
2024-10,Any Mental Health,Sex,Female,5234
2024-10,Any Mental Health,Sex,Male,4904
2024-10,Any Mental Health,Total,All,5087
2024-09,Any Mental Health,Age,12-17 years,6710
2024-09,Any Mental Health,Age,18-34 years,6033
2024-09,Any Mental Health,Age,35-64 years,5969
2024-09,Any Mental Health,Age,65+ years,4543
2024-09,Any Mental Health,Age,All,5090
2024-09,Any Mental Health,RaceEthnicity,AI/AN,5798
2024-09,Any Mental Health,RaceEthnicity,All,5090
2024-09,Any Mental Health,RaceEthnicity,Asian,3321
2024-09,Any Mental Health,RaceEthnicity,Black,4352
2024-09,Any Mental Health,RaceEthnicity,Hispanic,3820
2024-09,Any Mental Health,RaceEthnicity,Multiple/Other,4191
2024-09,Any Mental Health,RaceEthnicity,NHOPI,3286
2024-09,Any Mental Health,RaceEthnicity,White,5871
2024-09,Any Mental Health,Sex,All,5090
2024-09,Any Mental Health,Sex,Female,5237
2024-09,Any Mental Health,Sex,Male,4908
2024-09,Any Mental Health,Total,All,5090
2024-08,Any Mental Health,Age,12-17 years,6296
2024-08,Any Mental Health,Age,18-34 years,6053
2024-08,Any Mental Health,Age,35-64 years,5983
2024-08,Any Mental Health,Age,65+ years,4471
2024-08,Any Mental Health,Age,All,5094
2024-08,Any Mental Health,RaceEthnicity,AI/AN,5819
2024-08,Any Mental Health,RaceEthnicity,All,5094
2024-08,Any Mental Health,RaceEthnicity,Asian,3356
2024-08,Any Mental Health,RaceEthnicity,Black,4359
2024-08,Any Mental Health,RaceEthnicity,Hispanic,3875
2024-08,Any Mental Health,RaceEthnicity,Multiple/Other,4210
2024-08,Any Mental Health,RaceEthnicity,NHOPI,3386
2024-08,Any Mental Health,RaceEthnicity,White,5838
2024-08,Any Mental Health,Sex,All,5094
2024-08,Any Mental Health,Sex,Female,5236
2024-08,Any Mental Health,Sex,Male,4917
2024-08,Any Mental Health,Total,All,5094
2024-07,Any Mental Health,Age,12-17 years,6559
2024-07,Any Mental Health,Age,18-34 years,6049
2024-07,Any Mental Health,Age,35-64 years,5950
2024-07,Any Mental Health,Age,65+ years,4450
2024-07,Any Mental Health,Age,All,5110
2024-07,Any Mental Health,RaceEthnicity,AI/AN,5835
2024-07,Any Mental Health,RaceEthnicity,All,5110
2024-07,Any Mental Health,RaceEthnicity,Asian,3348
2024-07,Any Mental Health,RaceEthnicity,Black,4435
2024-07,Any Mental Health,RaceEthnicity,Hispanic,3893
2024-07,Any Mental Health,RaceEthnicity,Multiple/Other,4236
2024-07,Any Mental Health,RaceEthnicity,NHOPI,3365
2024-07,Any Mental Health,RaceEthnicity,White,5832
2024-07,Any Mental Health,Sex,All,5110
2024-07,Any Mental Health,Sex,Female,5236
2024-07,Any Mental Health,Sex,Male,4952
2024-07,Any Mental Health,Total,All,5110
2024-06,Any Mental Health,Age,12-17 years,6519
2024-06,Any Mental Health,Age,18-34 years,5999
2024-06,Any Mental Health,Age,35-64 years,5949
2024-06,Any Mental Health,Age,65+ years,4437
2024-06,Any Mental Health,Age,All,5048
2024-06,Any Mental Health,RaceEthnicity,AI/AN,5667
2024-06,Any Mental Health,RaceEthnicity,All,5048
2024-06,Any Mental Health,RaceEthnicity,Asian,3301
2024-06,Any Mental Health,RaceEthnicity,Black,4427
2024-06,Any Mental Health,RaceEthnicity,Hispanic,3807
2024-06,Any Mental Health,RaceEthnicity,Multiple/Other,4166
2024-06,Any Mental Health,RaceEthnicity,NHOPI,3187
2024-06,Any Mental Health,RaceEthnicity,White,5760
2024-06,Any Mental Health,Sex,All,5048
2024-06,Any Mental Health,Sex,Female,5194
2024-06,Any Mental Health,Sex,Male,4867
2024-06,Any Mental Health,Total,All,5048
2024-05,Any Mental Health,Age,12-17 years,7072
2024-05,Any Mental Health,Age,18-34 years,5999
2024-05,Any Mental Health,Age,35-64 years,5975
2024-05,Any Mental Health,Age,65+ years,4437
2024-05,Any Mental Health,Age,All,5025
2024-05,Any Mental Health,RaceEthnicity,AI/AN,5800
2024-05,Any Mental Health,RaceEthnicity,All,5025
2024-05,Any Mental Health,RaceEthnicity,Asian,3279
2024-05,Any Mental Health,RaceEthnicity,Black,4374
2024-05,Any Mental Health,RaceEthnicity,Hispanic,3696
2024-05,Any Mental Health,RaceEthnicity,Multiple/Other,4207
2024-05,Any Mental Health,RaceEthnicity,NHOPI,3169
2024-05,Any Mental Health,RaceEthnicity,White,5799
2024-05,Any Mental Health,Sex,All,5025
2024-05,Any Mental Health,Sex,Female,5166
2024-05,Any Mental Health,Sex,Male,4852
2024-05,Any Mental Health,Total,All,5025
2024-04,Any Mental Health,Age,12-17 years,7257
2024-04,Any Mental Health,Age,18-34 years,6112
2024-04,Any Mental Health,Age,35-64 years,6054
2024-04,Any Mental Health,Age,65+ years,4534
2024-04,Any Mental Health,Age,All,5107
2024-04,Any Mental Health,RaceEthnicity,AI/AN,5667
2024-04,Any Mental Health,RaceEthnicity,All,5107
2024-04,Any Mental Health,RaceEthnicity,Asian,3359
2024-04,Any Mental Health,RaceEthnicity,Black,4402
2024-04,Any Mental Health,RaceEthnicity,Hispanic,3715
2024-04,Any Mental Health,RaceEthnicity,Multiple/Other,4261
2024-04,Any Mental Health,RaceEthnicity,NHOPI,3147
2024-04,Any Mental Health,RaceEthnicity,White,5914
2024-04,Any Mental Health,Sex,All,5107
2024-04,Any Mental Health,Sex,Female,5232
2024-04,Any Mental Health,Sex,Male,4965
2024-04,Any Mental Health,Total,All,5107
2024-03,Any Mental Health,Age,12-17 years,7020
2024-03,Any Mental Health,Age,18-34 years,6070
2024-03,Any Mental Health,Age,35-64 years,6069
2024-03,Any Mental Health,Age,65+ years,4552
2024-03,Any Mental Health,Age,All,5058
2024-03,Any Mental Health,RaceEthnicity,AI/AN,5808
2024-03,Any Mental Health,RaceEthnicity,All,5058
2024-03,Any Mental Health,RaceEthnicity,Asian,3264
2024-03,Any Mental Health,RaceEthnicity,Black,4363
2024-03,Any Mental Health,RaceEthnicity,Hispanic,3657
2024-03,Any Mental Health,RaceEthnicity,Multiple/Other,4241
2024-03,Any Mental Health,RaceEthnicity,NHOPI,3227
2024-03,Any Mental Health,RaceEthnicity,White,5856
2024-03,Any Mental Health,Sex,All,5058
2024-03,Any Mental Health,Sex,Female,5153
2024-03,Any Mental Health,Sex,Male,4960
2024-03,Any Mental Health,Total,All,5058
2024-02,Any Mental Health,Age,12-17 years,6886
2024-02,Any Mental Health,Age,18-34 years,6052
2024-02,Any Mental Health,Age,35-64 years,6050
2024-02,Any Mental Health,Age,65+ years,4557
2024-02,Any Mental Health,Age,All,5041
2024-02,Any Mental Health,RaceEthnicity,AI/AN,5908
2024-02,Any Mental Health,RaceEthnicity,All,5041
2024-02,Any Mental Health,RaceEthnicity,Asian,3327
2024-02,Any Mental Health,RaceEthnicity,Black,4267
2024-02,Any Mental Health,RaceEthnicity,Hispanic,3685
2024-02,Any Mental Health,RaceEthnicity,Multiple/Other,4203
2024-02,Any Mental Health,RaceEthnicity,NHOPI,3236
2024-02,Any Mental Health,RaceEthnicity,White,5846
2024-02,Any Mental Health,Sex,All,5041
2024-02,Any Mental Health,Sex,Female,5132
2024-02,Any Mental Health,Sex,Male,4951
2024-02,Any Mental Health,Total,All,5041
2024-01,Any Mental Health,Age,12-17 years,7095
2024-01,Any Mental Health,Age,18-34 years,5951
2024-01,Any Mental Health,Age,35-64 years,5943
2024-01,Any Mental Health,Age,65+ years,4604
2024-01,Any Mental Health,Age,All,5046
2024-01,Any Mental Health,RaceEthnicity,AI/AN,5574
2024-01,Any Mental Health,RaceEthnicity,All,5046
2024-01,Any Mental Health,RaceEthnicity,Asian,3227
2024-01,Any Mental Health,RaceEthnicity,Black,4228
2024-01,Any Mental Health,RaceEthnicity,Hispanic,3651
2024-01,Any Mental Health,RaceEthnicity,Multiple/Other,4187
2024-01,Any Mental Health,RaceEthnicity,NHOPI,3332
2024-01,Any Mental Health,RaceEthnicity,White,5890
2024-01,Any Mental Health,Sex,All,5046
2024-01,Any Mental Health,Sex,Female,5133
2024-01,Any Mental Health,Sex,Male,4945
2024-01,Any Mental Health,Total,All,5046
2023-12,Any Mental Health,Age,12-17 years,6147
2023-12,Any Mental Health,Age,18-34 years,5617
2023-12,Any Mental Health,Age,35-64 years,5652
2023-12,Any Mental Health,Age,65+ years,4405
2023-12,Any Mental Health,Age,All,4603
2023-12,Any Mental Health,RaceEthnicity,AI/AN,5265
2023-12,Any Mental Health,RaceEthnicity,All,4603
2023-12,Any Mental Health,RaceEthnicity,Asian,2849
2023-12,Any Mental Health,RaceEthnicity,Black,3861
2023-12,Any Mental Health,RaceEthnicity,Hispanic,3299
2023-12,Any Mental Health,RaceEthnicity,Multiple/Other,3733
2023-12,Any Mental Health,RaceEthnicity,NHOPI,3224
2023-12,Any Mental Health,RaceEthnicity,White,5423
2023-12,Any Mental Health,Sex,All,4603
2023-12,Any Mental Health,Sex,Female,4681
2023-12,Any Mental Health,Sex,Male,4523
2023-12,Any Mental Health,Total,All,4603
2023-11,Any Mental Health,Age,12-17 years,7148
2023-11,Any Mental Health,Age,18-34 years,5989
2023-11,Any Mental Health,Age,35-64 years,5978
2023-11,Any Mental Health,Age,65+ years,4481
2023-11,Any Mental Health,Age,All,4914
2023-11,Any Mental Health,RaceEthnicity,AI/AN,5562
2023-11,Any Mental Health,RaceEthnicity,All,4914
2023-11,Any Mental Health,RaceEthnicity,Asian,3233
2023-11,Any Mental Health,RaceEthnicity,Black,4136
2023-11,Any Mental Health,RaceEthnicity,Hispanic,3505
2023-11,Any Mental Health,RaceEthnicity,Multiple/Other,4113
2023-11,Any Mental Health,RaceEthnicity,NHOPI,3205
2023-11,Any Mental Health,RaceEthnicity,White,5776
2023-11,Any Mental Health,Sex,All,4914
2023-11,Any Mental Health,Sex,Female,5029
2023-11,Any Mental Health,Sex,Male,4791
2023-11,Any Mental Health,Total,All,4914
2023-10,Any Mental Health,Age,12-17 years,7229
2023-10,Any Mental Health,Age,18-34 years,6231
2023-10,Any Mental Health,Age,35-64 years,6129
2023-10,Any Mental Health,Age,65+ years,4550
2023-10,Any Mental Health,Age,All,5138
2023-10,Any Mental Health,RaceEthnicity,AI/AN,5854
2023-10,Any Mental Health,RaceEthnicity,All,5138
2023-10,Any Mental Health,RaceEthnicity,Asian,3402
2023-10,Any Mental Health,RaceEthnicity,Black,4351
2023-10,Any Mental Health,RaceEthnicity,Hispanic,3734
2023-10,Any Mental Health,RaceEthnicity,Multiple/Other,4267
2023-10,Any Mental Health,RaceEthnicity,NHOPI,3516
2023-10,Any Mental Health,RaceEthnicity,White,5999
2023-10,Any Mental Health,Sex,All,5138
2023-10,Any Mental Health,Sex,Female,5302
2023-10,Any Mental Health,Sex,Male,4961
2023-10,Any Mental Health,Total,All,5138
2023-09,Any Mental Health,Age,12-17 years,6723
2023-09,Any Mental Health,Age,18-34 years,6162
2023-09,Any Mental Health,Age,35-64 years,6053
2023-09,Any Mental Health,Age,65+ years,4461
2023-09,Any Mental Health,Age,All,5105
2023-09,Any Mental Health,RaceEthnicity,AI/AN,5677
2023-09,Any Mental Health,RaceEthnicity,All,5105
2023-09,Any Mental Health,RaceEthnicity,Asian,3446
2023-09,Any Mental Health,RaceEthnicity,Black,4372
2023-09,Any Mental Health,RaceEthnicity,Hispanic,3759
2023-09,Any Mental Health,RaceEthnicity,Multiple/Other,4247
2023-09,Any Mental Health,RaceEthnicity,NHOPI,3477
2023-09,Any Mental Health,RaceEthnicity,White,5927
2023-09,Any Mental Health,Sex,All,5105
2023-09,Any Mental Health,Sex,Female,5289
2023-09,Any Mental Health,Sex,Male,4909
2023-09,Any Mental Health,Total,All,5105
2023-08,Any Mental Health,Age,12-17 years,6591
2023-08,Any Mental Health,Age,18-34 years,6225
2023-08,Any Mental Health,Age,35-64 years,6046
2023-08,Any Mental Health,Age,65+ years,4482
2023-08,Any Mental Health,Age,All,5173
2023-08,Any Mental Health,RaceEthnicity,AI/AN,5768
2023-08,Any Mental Health,RaceEthnicity,All,5173
2023-08,Any Mental Health,RaceEthnicity,Asian,3411
2023-08,Any Mental Health,RaceEthnicity,Black,4414
2023-08,Any Mental Health,RaceEthnicity,Hispanic,3894
2023-08,Any Mental Health,RaceEthnicity,Multiple/Other,4368
2023-08,Any Mental Health,RaceEthnicity,NHOPI,3709
2023-08,Any Mental Health,RaceEthnicity,White,5963
2023-08,Any Mental Health,Sex,All,5173
2023-08,Any Mental Health,Sex,Female,5355
2023-08,Any Mental Health,Sex,Male,4975
2023-08,Any Mental Health,Total,All,5173
2023-07,Any Mental Health,Age,12-17 years,6837
2023-07,Any Mental Health,Age,18-34 years,6304
2023-07,Any Mental Health,Age,35-64 years,6130
2023-07,Any Mental Health,Age,65+ years,4479
2023-07,Any Mental Health,Age,All,5244
2023-07,Any Mental Health,RaceEthnicity,AI/AN,5986
2023-07,Any Mental Health,RaceEthnicity,All,5244
2023-07,Any Mental Health,RaceEthnicity,Asian,3380
2023-07,Any Mental Health,RaceEthnicity,Black,4570
2023-07,Any Mental Health,RaceEthnicity,Hispanic,3973
2023-07,Any Mental Health,RaceEthnicity,Multiple/Other,4279
2023-07,Any Mental Health,RaceEthnicity,NHOPI,3667
2023-07,Any Mental Health,RaceEthnicity,White,6004
2023-07,Any Mental Health,Sex,All,5244
2023-07,Any Mental Health,Sex,Female,5421
2023-07,Any Mental Health,Sex,Male,5058
2023-07,Any Mental Health,Total,All,5244
2023-06,Any Mental Health,Age,12-17 years,7117
2023-06,Any Mental Health,Age,18-34 years,6309
2023-06,Any Mental Health,Age,35-64 years,6175
2023-06,Any Mental Health,Age,65+ years,4541
2023-06,Any Mental Health,Age,All,5235
2023-06,Any Mental Health,RaceEthnicity,AI/AN,5873
2023-06,Any Mental Health,RaceEthnicity,All,5235
2023-06,Any Mental Health,RaceEthnicity,Asian,3305
2023-06,Any Mental Health,RaceEthnicity,Black,4567
2023-06,Any Mental Health,RaceEthnicity,Hispanic,3923
2023-06,Any Mental Health,RaceEthnicity,Multiple/Other,4342
2023-06,Any Mental Health,RaceEthnicity,NHOPI,3784
2023-06,Any Mental Health,RaceEthnicity,White,6027
2023-06,Any Mental Health,Sex,All,5235
2023-06,Any Mental Health,Sex,Female,5395
2023-06,Any Mental Health,Sex,Male,5067
2023-06,Any Mental Health,Total,All,5235
2023-05,Any Mental Health,Age,12-17 years,7951
2023-05,Any Mental Health,Age,18-34 years,6364
2023-05,Any Mental Health,Age,35-64 years,6195
2023-05,Any Mental Health,Age,65+ years,4556
2023-05,Any Mental Health,Age,All,5225
2023-05,Any Mental Health,RaceEthnicity,AI/AN,5959
2023-05,Any Mental Health,RaceEthnicity,All,5225
2023-05,Any Mental Health,RaceEthnicity,Asian,3468
2023-05,Any Mental Health,RaceEthnicity,Black,4541
2023-05,Any Mental Health,RaceEthnicity,Hispanic,3823
2023-05,Any Mental Health,RaceEthnicity,Multiple/Other,4307
2023-05,Any Mental Health,RaceEthnicity,NHOPI,3727
2023-05,Any Mental Health,RaceEthnicity,White,6066
2023-05,Any Mental Health,Sex,All,5225
2023-05,Any Mental Health,Sex,Female,5421
2023-05,Any Mental Health,Sex,Male,5010
2023-05,Any Mental Health,Total,All,5225
2023-04,Any Mental Health,Age,12-17 years,8278
2023-04,Any Mental Health,Age,18-34 years,6521
2023-04,Any Mental Health,Age,35-64 years,6339
2023-04,Any Mental Health,Age,65+ years,4666
2023-04,Any Mental Health,Age,All,5353
2023-04,Any Mental Health,RaceEthnicity,AI/AN,6014
2023-04,Any Mental Health,RaceEthnicity,All,5353
2023-04,Any Mental Health,RaceEthnicity,Asian,3502
2023-04,Any Mental Health,RaceEthnicity,Black,4633
2023-04,Any Mental Health,RaceEthnicity,Hispanic,3932
2023-04,Any Mental Health,RaceEthnicity,Multiple/Other,4350
2023-04,Any Mental Health,RaceEthnicity,NHOPI,3608
2023-04,Any Mental Health,RaceEthnicity,White,6220
2023-04,Any Mental Health,Sex,All,5353
2023-04,Any Mental Health,Sex,Female,5548
2023-04,Any Mental Health,Sex,Male,5139
2023-04,Any Mental Health,Total,All,5353
2023-03,Any Mental Health,Age,12-17 years,8951
2023-03,Any Mental Health,Age,18-34 years,6555
2023-03,Any Mental Health,Age,35-64 years,6395
2023-03,Any Mental Health,Age,65+ years,4715
2023-03,Any Mental Health,Age,All,5419
2023-03,Any Mental Health,RaceEthnicity,AI/AN,6101
2023-03,Any Mental Health,RaceEthnicity,All,5419
2023-03,Any Mental Health,RaceEthnicity,Asian,3536
2023-03,Any Mental Health,RaceEthnicity,Black,4703
2023-03,Any Mental Health,RaceEthnicity,Hispanic,4038
2023-03,Any Mental Health,RaceEthnicity,Multiple/Other,4421
2023-03,Any Mental Health,RaceEthnicity,NHOPI,3489
2023-03,Any Mental Health,RaceEthnicity,White,6278
2023-03,Any Mental Health,Sex,All,5419
2023-03,Any Mental Health,Sex,Female,5573
2023-03,Any Mental Health,Sex,Male,5256
2023-03,Any Mental Health,Total,All,5419
2023-02,Any Mental Health,Age,12-17 years,8955
2023-02,Any Mental Health,Age,18-34 years,6656
2023-02,Any Mental Health,Age,35-64 years,6410
2023-02,Any Mental Health,Age,65+ years,4730
2023-02,Any Mental Health,Age,All,5463
2023-02,Any Mental Health,RaceEthnicity,AI/AN,5997
2023-02,Any Mental Health,RaceEthnicity,All,5463
2023-02,Any Mental Health,RaceEthnicity,Asian,3610
2023-02,Any Mental Health,RaceEthnicity,Black,4705
2023-02,Any Mental Health,RaceEthnicity,Hispanic,4101
2023-02,Any Mental Health,RaceEthnicity,Multiple/Other,4462
2023-02,Any Mental Health,RaceEthnicity,NHOPI,3675
2023-02,Any Mental Health,RaceEthnicity,White,6322
2023-02,Any Mental Health,Sex,All,5463
2023-02,Any Mental Health,Sex,Female,5631
2023-02,Any Mental Health,Sex,Male,5279
2023-02,Any Mental Health,Total,All,5463
2023-01,Any Mental Health,Age,12-17 years,8982
2023-01,Any Mental Health,Age,18-34 years,6679
2023-01,Any Mental Health,Age,35-64 years,6380
2023-01,Any Mental Health,Age,65+ years,4716
2023-01,Any Mental Health,Age,All,5517
2023-01,Any Mental Health,RaceEthnicity,AI/AN,6419
2023-01,Any Mental Health,RaceEthnicity,All,5517
2023-01,Any Mental Health,RaceEthnicity,Asian,3676
2023-01,Any Mental Health,RaceEthnicity,Black,4757
2023-01,Any Mental Health,RaceEthnicity,Hispanic,4171
2023-01,Any Mental Health,RaceEthnicity,Multiple/Other,4546
2023-01,Any Mental Health,RaceEthnicity,NHOPI,3882
2023-01,Any Mental Health,RaceEthnicity,White,6356
2023-01,Any Mental Health,Sex,All,5517
2023-01,Any Mental Health,Sex,Female,5666
2023-01,Any Mental Health,Sex,Male,5355
2023-01,Any Mental Health,Total,All,5517
2022-12,Any Mental Health,Age,12-17 years,6843
2022-12,Any Mental Health,Age,18-34 years,5895
2022-12,Any Mental Health,Age,35-64 years,5892
2022-12,Any Mental Health,Age,65+ years,4451
2022-12,Any Mental Health,Age,All,4810
2022-12,Any Mental Health,RaceEthnicity,AI/AN,5252
2022-12,Any Mental Health,RaceEthnicity,All,4810
2022-12,Any Mental Health,RaceEthnicity,Asian,3127
2022-12,Any Mental Health,RaceEthnicity,Black,4235
2022-12,Any Mental Health,RaceEthnicity,Hispanic,3510
2022-12,Any Mental Health,RaceEthnicity,Multiple/Other,3763
2022-12,Any Mental Health,RaceEthnicity,NHOPI,3406
2022-12,Any Mental Health,RaceEthnicity,White,5589
2022-12,Any Mental Health,Sex,All,4810
2022-12,Any Mental Health,Sex,Female,4933
2022-12,Any Mental Health,Sex,Male,4688
2022-12,Any Mental Health,Total,All,4810
2022-11,Any Mental Health,Age,12-17 years,6713
2022-11,Any Mental Health,Age,18-34 years,5820
2022-11,Any Mental Health,Age,35-64 years,5872
2022-11,Any Mental Health,Age,65+ years,4456
2022-11,Any Mental Health,Age,All,4655
2022-11,Any Mental Health,RaceEthnicity,AI/AN,5353
2022-11,Any Mental Health,RaceEthnicity,All,4655
2022-11,Any Mental Health,RaceEthnicity,Asian,3060
2022-11,Any Mental Health,RaceEthnicity,Black,3907
2022-11,Any Mental Health,RaceEthnicity,Hispanic,3298
2022-11,Any Mental Health,RaceEthnicity,Multiple/Other,3573
2022-11,Any Mental Health,RaceEthnicity,NHOPI,2791
2022-11,Any Mental Health,RaceEthnicity,White,5560
2022-11,Any Mental Health,Sex,All,4655
2022-11,Any Mental Health,Sex,Female,4797
2022-11,Any Mental Health,Sex,Male,4504
2022-11,Any Mental Health,Total,All,4655
2022-10,Any Mental Health,Age,12-17 years,7194
2022-10,Any Mental Health,Age,18-34 years,6287
2022-10,Any Mental Health,Age,35-64 years,6091
2022-10,Any Mental Health,Age,65+ years,4535
2022-10,Any Mental Health,Age,All,4965
2022-10,Any Mental Health,RaceEthnicity,AI/AN,5811
2022-10,Any Mental Health,RaceEthnicity,All,4965
2022-10,Any Mental Health,RaceEthnicity,Asian,3365
2022-10,Any Mental Health,RaceEthnicity,Black,4197
2022-10,Any Mental Health,RaceEthnicity,Hispanic,3713
2022-10,Any Mental Health,RaceEthnicity,Multiple/Other,4006
2022-10,Any Mental Health,RaceEthnicity,NHOPI,3629
2022-10,Any Mental Health,RaceEthnicity,White,5808
2022-10,Any Mental Health,Sex,All,4965
2022-10,Any Mental Health,Sex,Female,5161
2022-10,Any Mental Health,Sex,Male,4752
2022-10,Any Mental Health,Total,All,4965
2022-09,Any Mental Health,Age,12-17 years,7355
2022-09,Any Mental Health,Age,18-34 years,6377
2022-09,Any Mental Health,Age,35-64 years,6117
2022-09,Any Mental Health,Age,65+ years,4355
2022-09,Any Mental Health,Age,All,5087
2022-09,Any Mental Health,RaceEthnicity,AI/AN,5790
2022-09,Any Mental Health,RaceEthnicity,All,5087
2022-09,Any Mental Health,RaceEthnicity,Asian,3422
2022-09,Any Mental Health,RaceEthnicity,Black,4364
2022-09,Any Mental Health,RaceEthnicity,Hispanic,3907
2022-09,Any Mental Health,RaceEthnicity,Multiple/Other,4171
2022-09,Any Mental Health,RaceEthnicity,NHOPI,3807
2022-09,Any Mental Health,RaceEthnicity,White,5928
2022-09,Any Mental Health,Sex,All,5087
2022-09,Any Mental Health,Sex,Female,5313
2022-09,Any Mental Health,Sex,Male,4845
2022-09,Any Mental Health,Total,All,5087
2022-08,Any Mental Health,Age,12-17 years,6750
2022-08,Any Mental Health,Age,18-34 years,6347
2022-08,Any Mental Health,Age,35-64 years,6142
2022-08,Any Mental Health,Age,65+ years,4334
2022-08,Any Mental Health,Age,All,5150
2022-08,Any Mental Health,RaceEthnicity,AI/AN,5839
2022-08,Any Mental Health,RaceEthnicity,All,5150
2022-08,Any Mental Health,RaceEthnicity,Asian,3467
2022-08,Any Mental Health,RaceEthnicity,Black,4340
2022-08,Any Mental Health,RaceEthnicity,Hispanic,4080
2022-08,Any Mental Health,RaceEthnicity,Multiple/Other,4213
2022-08,Any Mental Health,RaceEthnicity,NHOPI,3619
2022-08,Any Mental Health,RaceEthnicity,White,5974
2022-08,Any Mental Health,Sex,All,5150
2022-08,Any Mental Health,Sex,Female,5349
2022-08,Any Mental Health,Sex,Male,4936
2022-08,Any Mental Health,Total,All,5150
2022-07,Any Mental Health,Age,12-17 years,6958
2022-07,Any Mental Health,Age,18-34 years,6342
2022-07,Any Mental Health,Age,35-64 years,6122
2022-07,Any Mental Health,Age,65+ years,4260
2022-07,Any Mental Health,Age,All,5155
2022-07,Any Mental Health,RaceEthnicity,AI/AN,6003
2022-07,Any Mental Health,RaceEthnicity,All,5155
2022-07,Any Mental Health,RaceEthnicity,Asian,3332
2022-07,Any Mental Health,RaceEthnicity,Black,4413
2022-07,Any Mental Health,RaceEthnicity,Hispanic,4128
2022-07,Any Mental Health,RaceEthnicity,Multiple/Other,4115
2022-07,Any Mental Health,RaceEthnicity,NHOPI,3489
2022-07,Any Mental Health,RaceEthnicity,White,5937
2022-07,Any Mental Health,Sex,All,5155
2022-07,Any Mental Health,Sex,Female,5335
2022-07,Any Mental Health,Sex,Male,4962
2022-07,Any Mental Health,Total,All,5155
2022-06,Any Mental Health,Age,12-17 years,7428
2022-06,Any Mental Health,Age,18-34 years,6467
2022-06,Any Mental Health,Age,35-64 years,6303
2022-06,Any Mental Health,Age,65+ years,4379
2022-06,Any Mental Health,Age,All,5249
2022-06,Any Mental Health,RaceEthnicity,AI/AN,6247
2022-06,Any Mental Health,RaceEthnicity,All,5249
2022-06,Any Mental Health,RaceEthnicity,Asian,3300
2022-06,Any Mental Health,RaceEthnicity,Black,4582
2022-06,Any Mental Health,RaceEthnicity,Hispanic,4110
2022-06,Any Mental Health,RaceEthnicity,Multiple/Other,4289
2022-06,Any Mental Health,RaceEthnicity,NHOPI,3495
2022-06,Any Mental Health,RaceEthnicity,White,6059
2022-06,Any Mental Health,Sex,All,5249
2022-06,Any Mental Health,Sex,Female,5429
2022-06,Any Mental Health,Sex,Male,5031
2022-06,Any Mental Health,Total,All,5249
2022-05,Any Mental Health,Age,12-17 years,8301
2022-05,Any Mental Health,Age,18-34 years,6608
2022-05,Any Mental Health,Age,35-64 years,6390
2022-05,Any Mental Health,Age,65+ years,4389
2022-05,Any Mental Health,Age,All,5315
2022-05,Any Mental Health,RaceEthnicity,AI/AN,6235
2022-05,Any Mental Health,RaceEthnicity,All,5315
2022-05,Any Mental Health,RaceEthnicity,Asian,3330
2022-05,Any Mental Health,RaceEthnicity,Black,4615
2022-05,Any Mental Health,RaceEthnicity,Hispanic,4114
2022-05,Any Mental Health,RaceEthnicity,Multiple/Other,4312
2022-05,Any Mental Health,RaceEthnicity,NHOPI,3835
2022-05,Any Mental Health,RaceEthnicity,White,6177
2022-05,Any Mental Health,Sex,All,5315
2022-05,Any Mental Health,Sex,Female,5527
2022-05,Any Mental Health,Sex,Male,5076
2022-05,Any Mental Health,Total,All,5315
2022-04,Any Mental Health,Age,12-17 years,8770
2022-04,Any Mental Health,Age,18-34 years,6867
2022-04,Any Mental Health,Age,35-64 years,6678
2022-04,Any Mental Health,Age,65+ years,4587
2022-04,Any Mental Health,Age,All,5598
2022-04,Any Mental Health,RaceEthnicity,AI/AN,6581
2022-04,Any Mental Health,RaceEthnicity,All,5598
2022-04,Any Mental Health,RaceEthnicity,Asian,3626
2022-04,Any Mental Health,RaceEthnicity,Black,4845
2022-04,Any Mental Health,RaceEthnicity,Hispanic,4290
2022-04,Any Mental Health,RaceEthnicity,Multiple/Other,4541
2022-04,Any Mental Health,RaceEthnicity,NHOPI,4063
2022-04,Any Mental Health,RaceEthnicity,White,6498
2022-04,Any Mental Health,Sex,All,5598
2022-04,Any Mental Health,Sex,Female,5828
2022-04,Any Mental Health,Sex,Male,5377
2022-04,Any Mental Health,Total,All,5598
2022-03,Any Mental Health,Age,12-17 years,9995
2022-03,Any Mental Health,Age,18-34 years,7214
2022-03,Any Mental Health,Age,35-64 years,6906
2022-03,Any Mental Health,Age,65+ years,4643
2022-03,Any Mental Health,Age,All,5884
2022-03,Any Mental Health,RaceEthnicity,AI/AN,7075
2022-03,Any Mental Health,RaceEthnicity,All,5884
2022-03,Any Mental Health,RaceEthnicity,Asian,3936
2022-03,Any Mental Health,RaceEthnicity,Black,5088
2022-03,Any Mental Health,RaceEthnicity,Hispanic,4622
2022-03,Any Mental Health,RaceEthnicity,Multiple/Other,4832
2022-03,Any Mental Health,RaceEthnicity,NHOPI,4591
2022-03,Any Mental Health,RaceEthnicity,White,6782
2022-03,Any Mental Health,Sex,All,5884
2022-03,Any Mental Health,Sex,Female,6098
2022-03,Any Mental Health,Sex,Male,5687
2022-03,Any Mental Health,Total,All,5884
2022-02,Any Mental Health,Age,12-17 years,10553
2022-02,Any Mental Health,Age,18-34 years,7514
2022-02,Any Mental Health,Age,35-64 years,7027
2022-02,Any Mental Health,Age,65+ years,4706
2022-02,Any Mental Health,Age,All,6096
2022-02,Any Mental Health,RaceEthnicity,AI/AN,7401
2022-02,Any Mental Health,RaceEthnicity,All,6096
2022-02,Any Mental Health,RaceEthnicity,Asian,3925
2022-02,Any Mental Health,RaceEthnicity,Black,5338
2022-02,Any Mental Health,RaceEthnicity,Hispanic,4880
2022-02,Any Mental Health,RaceEthnicity,Multiple/Other,5011
2022-02,Any Mental Health,RaceEthnicity,NHOPI,4447
2022-02,Any Mental Health,RaceEthnicity,White,6922
2022-02,Any Mental Health,Sex,All,6096
2022-02,Any Mental Health,Sex,Female,6353
2022-02,Any Mental Health,Sex,Male,5858
2022-02,Any Mental Health,Total,All,6096
2022-01,Any Mental Health,Age,12-17 years,8029
2022-01,Any Mental Health,Age,18-34 years,6104
2022-01,Any Mental Health,Age,35-64 years,6090
2022-01,Any Mental Health,Age,65+ years,4458
2022-01,Any Mental Health,Age,All,5234
2022-01,Any Mental Health,RaceEthnicity,AI/AN,6413
2022-01,Any Mental Health,RaceEthnicity,All,5234
2022-01,Any Mental Health,RaceEthnicity,Asian,3296
2022-01,Any Mental Health,RaceEthnicity,Black,4393
2022-01,Any Mental Health,RaceEthnicity,Hispanic,4135
2022-01,Any Mental Health,RaceEthnicity,Multiple/Other,4137
2022-01,Any Mental Health,RaceEthnicity,NHOPI,3417
2022-01,Any Mental Health,RaceEthnicity,White,6082
2022-01,Any Mental Health,Sex,All,5234
2022-01,Any Mental Health,Sex,Female,5383
2022-01,Any Mental Health,Sex,Male,5115
2022-01,Any Mental Health,Total,All,5234
2021-12,Any Mental Health,Age,12-17 years,7907
2021-12,Any Mental Health,Age,18-34 years,5752
2021-12,Any Mental Health,Age,35-64 years,5914
2021-12,Any Mental Health,Age,65+ years,4339
2021-12,Any Mental Health,Age,All,4942
2021-12,Any Mental Health,RaceEthnicity,AI/AN,6478
2021-12,Any Mental Health,RaceEthnicity,All,4942
2021-12,Any Mental Health,RaceEthnicity,Asian,3170
2021-12,Any Mental Health,RaceEthnicity,Black,3988
2021-12,Any Mental Health,RaceEthnicity,Hispanic,3981
2021-12,Any Mental Health,RaceEthnicity,Multiple/Other,3786
2021-12,Any Mental Health,RaceEthnicity,NHOPI,3652
2021-12,Any Mental Health,RaceEthnicity,White,5848
2021-12,Any Mental Health,Sex,All,4942
2021-12,Any Mental Health,Sex,Female,5109
2021-12,Any Mental Health,Sex,Male,4824
2021-12,Any Mental Health,Total,All,4942
2021-11,Any Mental Health,Age,12-17 years,9055
2021-11,Any Mental Health,Age,18-34 years,6635
2021-11,Any Mental Health,Age,35-64 years,6450
2021-11,Any Mental Health,Age,65+ years,4505
2021-11,Any Mental Health,Age,All,5433
2021-11,Any Mental Health,RaceEthnicity,AI/AN,6821
2021-11,Any Mental Health,RaceEthnicity,All,5433
2021-11,Any Mental Health,RaceEthnicity,Asian,3617
2021-11,Any Mental Health,RaceEthnicity,Black,4622
2021-11,Any Mental Health,RaceEthnicity,Hispanic,4446
2021-11,Any Mental Health,RaceEthnicity,Multiple/Other,4323
2021-11,Any Mental Health,RaceEthnicity,NHOPI,3839
2021-11,Any Mental Health,RaceEthnicity,White,6233
2021-11,Any Mental Health,Sex,All,5433
2021-11,Any Mental Health,Sex,Female,5709
2021-11,Any Mental Health,Sex,Male,5201
2021-11,Any Mental Health,Total,All,5433
2021-10,Any Mental Health,Age,12-17 years,8660
2021-10,Any Mental Health,Age,18-34 years,6892
2021-10,Any Mental Health,Age,35-64 years,6685
2021-10,Any Mental Health,Age,65+ years,4614
2021-10,Any Mental Health,Age,All,5629
2021-10,Any Mental Health,RaceEthnicity,AI/AN,7144
2021-10,Any Mental Health,RaceEthnicity,All,5629
2021-10,Any Mental Health,RaceEthnicity,Asian,3777
2021-10,Any Mental Health,RaceEthnicity,Black,4792
2021-10,Any Mental Health,RaceEthnicity,Hispanic,4641
2021-10,Any Mental Health,RaceEthnicity,Multiple/Other,4451
2021-10,Any Mental Health,RaceEthnicity,NHOPI,4173
2021-10,Any Mental Health,RaceEthnicity,White,6462
2021-10,Any Mental Health,Sex,All,5629
2021-10,Any Mental Health,Sex,Female,5969
2021-10,Any Mental Health,Sex,Male,5326
2021-10,Any Mental Health,Total,All,5629
2021-09,Any Mental Health,Age,12-17 years,7511
2021-09,Any Mental Health,Age,18-34 years,6591
2021-09,Any Mental Health,Age,35-64 years,6530
2021-09,Any Mental Health,Age,65+ years,4639
2021-09,Any Mental Health,Age,All,5453
2021-09,Any Mental Health,RaceEthnicity,AI/AN,6672
2021-09,Any Mental Health,RaceEthnicity,All,5453
2021-09,Any Mental Health,RaceEthnicity,Asian,3530
2021-09,Any Mental Health,RaceEthnicity,Black,4517
2021-09,Any Mental Health,RaceEthnicity,Hispanic,4441
2021-09,Any Mental Health,RaceEthnicity,Multiple/Other,4210
2021-09,Any Mental Health,RaceEthnicity,NHOPI,4030
2021-09,Any Mental Health,RaceEthnicity,White,6352
2021-09,Any Mental Health,Sex,All,5453
2021-09,Any Mental Health,Sex,Female,5826
2021-09,Any Mental Health,Sex,Male,5116
2021-09,Any Mental Health,Total,All,5453
2021-08,Any Mental Health,Age,12-17 years,6303
2021-08,Any Mental Health,Age,18-34 years,6236
2021-08,Any Mental Health,Age,35-64 years,6287
2021-08,Any Mental Health,Age,65+ years,4583
2021-08,Any Mental Health,Age,All,5229
2021-08,Any Mental Health,RaceEthnicity,AI/AN,6278
2021-08,Any Mental Health,RaceEthnicity,All,5229
2021-08,Any Mental Health,RaceEthnicity,Asian,3264
2021-08,Any Mental Health,RaceEthnicity,Black,4267
2021-08,Any Mental Health,RaceEthnicity,Hispanic,4262
2021-08,Any Mental Health,RaceEthnicity,Multiple/Other,4285
2021-08,Any Mental Health,RaceEthnicity,NHOPI,3641
2021-08,Any Mental Health,RaceEthnicity,White,6105
2021-08,Any Mental Health,Sex,All,5229
2021-08,Any Mental Health,Sex,Female,5568
2021-08,Any Mental Health,Sex,Male,4924
2021-08,Any Mental Health,Total,All,5229
2021-07,Any Mental Health,Age,12-17 years,7180
2021-07,Any Mental Health,Age,18-34 years,6582
2021-07,Any Mental Health,Age,35-64 years,6616
2021-07,Any Mental Health,Age,65+ years,4706
2021-07,Any Mental Health,Age,All,5521
2021-07,Any Mental Health,RaceEthnicity,AI/AN,7074
2021-07,Any Mental Health,RaceEthnicity,All,5521
2021-07,Any Mental Health,RaceEthnicity,Asian,3488
2021-07,Any Mental Health,RaceEthnicity,Black,4507
2021-07,Any Mental Health,RaceEthnicity,Hispanic,4558
2021-07,Any Mental Health,RaceEthnicity,Multiple/Other,4725
2021-07,Any Mental Health,RaceEthnicity,NHOPI,4032
2021-07,Any Mental Health,RaceEthnicity,White,6393
2021-07,Any Mental Health,Sex,All,5521
2021-07,Any Mental Health,Sex,Female,5847
2021-07,Any Mental Health,Sex,Male,5231
2021-07,Any Mental Health,Total,All,5521
2021-06,Any Mental Health,Age,12-17 years,8220
2021-06,Any Mental Health,Age,18-34 years,7060
2021-06,Any Mental Health,Age,35-64 years,6952
2021-06,Any Mental Health,Age,65+ years,4811
2021-06,Any Mental Health,Age,All,5855
2021-06,Any Mental Health,RaceEthnicity,AI/AN,6964
2021-06,Any Mental Health,RaceEthnicity,All,5855
2021-06,Any Mental Health,RaceEthnicity,Asian,3777
2021-06,Any Mental Health,RaceEthnicity,Black,4833
2021-06,Any Mental Health,RaceEthnicity,Hispanic,4973
2021-06,Any Mental Health,RaceEthnicity,Multiple/Other,5144
2021-06,Any Mental Health,RaceEthnicity,NHOPI,3984
2021-06,Any Mental Health,RaceEthnicity,White,6696
2021-06,Any Mental Health,Sex,All,5855
2021-06,Any Mental Health,Sex,Female,6207
2021-06,Any Mental Health,Sex,Male,5547
2021-06,Any Mental Health,Total,All,5855
2021-05,Any Mental Health,Age,12-17 years,9716
2021-05,Any Mental Health,Age,18-34 years,7307
2021-05,Any Mental Health,Age,35-64 years,7070
2021-05,Any Mental Health,Age,65+ years,4877
2021-05,Any Mental Health,Age,All,6069
2021-05,Any Mental Health,RaceEthnicity,AI/AN,7346
2021-05,Any Mental Health,RaceEthnicity,All,6069
2021-05,Any Mental Health,RaceEthnicity,Asian,3804
2021-05,Any Mental Health,RaceEthnicity,Black,4991
2021-05,Any Mental Health,RaceEthnicity,Hispanic,5205
2021-05,Any Mental Health,RaceEthnicity,Multiple/Other,5303
2021-05,Any Mental Health,RaceEthnicity,NHOPI,4421
2021-05,Any Mental Health,RaceEthnicity,White,6914
2021-05,Any Mental Health,Sex,All,6069
2021-05,Any Mental Health,Sex,Female,6442
2021-05,Any Mental Health,Sex,Male,5741
2021-05,Any Mental Health,Total,All,6069
2021-04,Any Mental Health,Age,12-17 years,9894
2021-04,Any Mental Health,Age,18-34 years,7341
2021-04,Any Mental Health,Age,35-64 years,7124
2021-04,Any Mental Health,Age,65+ years,4940
2021-04,Any Mental Health,Age,All,6194
2021-04,Any Mental Health,RaceEthnicity,AI/AN,7521
2021-04,Any Mental Health,RaceEthnicity,All,6194
2021-04,Any Mental Health,RaceEthnicity,Asian,3969
2021-04,Any Mental Health,RaceEthnicity,Black,5107
2021-04,Any Mental Health,RaceEthnicity,Hispanic,5257
2021-04,Any Mental Health,RaceEthnicity,Multiple/Other,5304
2021-04,Any Mental Health,RaceEthnicity,NHOPI,4302
2021-04,Any Mental Health,RaceEthnicity,White,7078
2021-04,Any Mental Health,Sex,All,6194
2021-04,Any Mental Health,Sex,Female,6548
2021-04,Any Mental Health,Sex,Male,5894
2021-04,Any Mental Health,Total,All,6194
2021-03,Any Mental Health,Age,12-17 years,11114
2021-03,Any Mental Health,Age,18-34 years,7851
2021-03,Any Mental Health,Age,35-64 years,7612
2021-03,Any Mental Health,Age,65+ years,5229
2021-03,Any Mental Health,Age,All,6678
2021-03,Any Mental Health,RaceEthnicity,AI/AN,8184
2021-03,Any Mental Health,RaceEthnicity,All,6678
2021-03,Any Mental Health,RaceEthnicity,Asian,4340
2021-03,Any Mental Health,RaceEthnicity,Black,5534
2021-03,Any Mental Health,RaceEthnicity,Hispanic,5813
2021-03,Any Mental Health,RaceEthnicity,Multiple/Other,5619
2021-03,Any Mental Health,RaceEthnicity,NHOPI,5079
2021-03,Any Mental Health,RaceEthnicity,White,7590
2021-03,Any Mental Health,Sex,All,6678
2021-03,Any Mental Health,Sex,Female,7064
2021-03,Any Mental Health,Sex,Male,6363
2021-03,Any Mental Health,Total,All,6678
2021-02,Any Mental Health,Age,12-17 years,11789
2021-02,Any Mental Health,Age,18-34 years,8141
2021-02,Any Mental Health,Age,35-64 years,7779
2021-02,Any Mental Health,Age,65+ years,5303
2021-02,Any Mental Health,Age,All,6919
2021-02,Any Mental Health,RaceEthnicity,AI/AN,8458
2021-02,Any Mental Health,RaceEthnicity,All,6919
2021-02,Any Mental Health,RaceEthnicity,Asian,4423
2021-02,Any Mental Health,RaceEthnicity,Black,5835
2021-02,Any Mental Health,RaceEthnicity,Hispanic,6142
2021-02,Any Mental Health,RaceEthnicity,Multiple/Other,5688
2021-02,Any Mental Health,RaceEthnicity,NHOPI,5729
2021-02,Any Mental Health,RaceEthnicity,White,7813
2021-02,Any Mental Health,Sex,All,6919
2021-02,Any Mental Health,Sex,Female,7285
2021-02,Any Mental Health,Sex,Male,6605
2021-02,Any Mental Health,Total,All,6919
2021-01,Any Mental Health,Age,12-17 years,10970
2021-01,Any Mental Health,Age,18-34 years,7754
2021-01,Any Mental Health,Age,35-64 years,7615
2021-01,Any Mental Health,Age,65+ years,5269
2021-01,Any Mental Health,Age,All,6733
2021-01,Any Mental Health,RaceEthnicity,AI/AN,8544
2021-01,Any Mental Health,RaceEthnicity,All,6733
2021-01,Any Mental Health,RaceEthnicity,Asian,4562
2021-01,Any Mental Health,RaceEthnicity,Black,5600
2021-01,Any Mental Health,RaceEthnicity,Hispanic,6122
2021-01,Any Mental Health,RaceEthnicity,Multiple/Other,5546
2021-01,Any Mental Health,RaceEthnicity,NHOPI,5042
2021-01,Any Mental Health,RaceEthnicity,White,7679
2021-01,Any Mental Health,Sex,All,6733
2021-01,Any Mental Health,Sex,Female,7055
2021-01,Any Mental Health,Sex,Male,6451
2021-01,Any Mental Health,Total,All,6733
2020-12,Any Mental Health,Age,12-17 years,10444
2020-12,Any Mental Health,Age,18-34 years,7588
2020-12,Any Mental Health,Age,35-64 years,7417
2020-12,Any Mental Health,Age,65+ years,5158
2020-12,Any Mental Health,Age,All,6554
2020-12,Any Mental Health,RaceEthnicity,AI/AN,8482
2020-12,Any Mental Health,RaceEthnicity,All,6554
2020-12,Any Mental Health,RaceEthnicity,Asian,4274
2020-12,Any Mental Health,RaceEthnicity,Black,5576
2020-12,Any Mental Health,RaceEthnicity,Hispanic,5897
2020-12,Any Mental Health,RaceEthnicity,Multiple/Other,5443
2020-12,Any Mental Health,RaceEthnicity,NHOPI,5180
2020-12,Any Mental Health,RaceEthnicity,White,7469
2020-12,Any Mental Health,Sex,All,6554
2020-12,Any Mental Health,Sex,Female,6873
2020-12,Any Mental Health,Sex,Male,6255
2020-12,Any Mental Health,Total,All,6554
2020-11,Any Mental Health,Age,12-17 years,10467
2020-11,Any Mental Health,Age,18-34 years,7528
2020-11,Any Mental Health,Age,35-64 years,7516
2020-11,Any Mental Health,Age,65+ years,5291
2020-11,Any Mental Health,Age,All,6615
2020-11,Any Mental Health,RaceEthnicity,AI/AN,7916
2020-11,Any Mental Health,RaceEthnicity,All,6615
2020-11,Any Mental Health,RaceEthnicity,Asian,4388
2020-11,Any Mental Health,RaceEthnicity,Black,5598
2020-11,Any Mental Health,RaceEthnicity,Hispanic,5844
2020-11,Any Mental Health,RaceEthnicity,Multiple/Other,5580
2020-11,Any Mental Health,RaceEthnicity,NHOPI,4989
2020-11,Any Mental Health,RaceEthnicity,White,7587
2020-11,Any Mental Health,Sex,All,6615
2020-11,Any Mental Health,Sex,Female,6994
2020-11,Any Mental Health,Sex,Male,6240
2020-11,Any Mental Health,Total,All,6615
2020-10,Any Mental Health,Age,12-17 years,10354
2020-10,Any Mental Health,Age,18-34 years,7925
2020-10,Any Mental Health,Age,35-64 years,7995
2020-10,Any Mental Health,Age,65+ years,5527
2020-10,Any Mental Health,Age,All,6963
2020-10,Any Mental Health,RaceEthnicity,AI/AN,8287
2020-10,Any Mental Health,RaceEthnicity,All,6963
2020-10,Any Mental Health,RaceEthnicity,Asian,4744
2020-10,Any Mental Health,RaceEthnicity,Black,5928
2020-10,Any Mental Health,RaceEthnicity,Hispanic,6152
2020-10,Any Mental Health,RaceEthnicity,Multiple/Other,5755
2020-10,Any Mental Health,RaceEthnicity,NHOPI,5307
2020-10,Any Mental Health,RaceEthnicity,White,8036
2020-10,Any Mental Health,Sex,All,6963
2020-10,Any Mental Health,Sex,Female,7455
2020-10,Any Mental Health,Sex,Male,6466
2020-10,Any Mental Health,Total,All,6963
2020-09,Any Mental Health,Age,12-17 years,10035
2020-09,Any Mental Health,Age,18-34 years,8264
2020-09,Any Mental Health,Age,35-64 years,8409
2020-09,Any Mental Health,Age,65+ years,5759
2020-09,Any Mental Health,Age,All,7246
2020-09,Any Mental Health,RaceEthnicity,AI/AN,8150
2020-09,Any Mental Health,RaceEthnicity,All,7246
2020-09,Any Mental Health,RaceEthnicity,Asian,4925
2020-09,Any Mental Health,RaceEthnicity,Black,6204
2020-09,Any Mental Health,RaceEthnicity,Hispanic,6492
2020-09,Any Mental Health,RaceEthnicity,Multiple/Other,5930
2020-09,Any Mental Health,RaceEthnicity,NHOPI,5736
2020-09,Any Mental Health,RaceEthnicity,White,8354
2020-09,Any Mental Health,Sex,All,7246
2020-09,Any Mental Health,Sex,Female,7775
2020-09,Any Mental Health,Sex,Male,6713
2020-09,Any Mental Health,Total,All,7246
2020-08,Any Mental Health,Age,12-17 years,9105
2020-08,Any Mental Health,Age,18-34 years,8243
2020-08,Any Mental Health,Age,35-64 years,8393
2020-08,Any Mental Health,Age,65+ years,5836
2020-08,Any Mental Health,Age,All,7235
2020-08,Any Mental Health,RaceEthnicity,AI/AN,8051
2020-08,Any Mental Health,RaceEthnicity,All,7235
2020-08,Any Mental Health,RaceEthnicity,Asian,4692
2020-08,Any Mental Health,RaceEthnicity,Black,6249
2020-08,Any Mental Health,RaceEthnicity,Hispanic,6391
2020-08,Any Mental Health,RaceEthnicity,Multiple/Other,5860
2020-08,Any Mental Health,RaceEthnicity,NHOPI,5360
2020-08,Any Mental Health,RaceEthnicity,White,8330
2020-08,Any Mental Health,Sex,All,7235
2020-08,Any Mental Health,Sex,Female,7767
2020-08,Any Mental Health,Sex,Male,6698
2020-08,Any Mental Health,Total,All,7235
2020-07,Any Mental Health,Age,12-17 years,8656
2020-07,Any Mental Health,Age,18-34 years,8016
2020-07,Any Mental Health,Age,35-64 years,8163
2020-07,Any Mental Health,Age,65+ years,5709
2020-07,Any Mental Health,Age,All,7065
2020-07,Any Mental Health,RaceEthnicity,AI/AN,7825
2020-07,Any Mental Health,RaceEthnicity,All,7065
2020-07,Any Mental Health,RaceEthnicity,Asian,4586
2020-07,Any Mental Health,RaceEthnicity,Black,6073
2020-07,Any Mental Health,RaceEthnicity,Hispanic,6016
2020-07,Any Mental Health,RaceEthnicity,Multiple/Other,5695
2020-07,Any Mental Health,RaceEthnicity,NHOPI,5000
2020-07,Any Mental Health,RaceEthnicity,White,8195
2020-07,Any Mental Health,Sex,All,7065
2020-07,Any Mental Health,Sex,Female,7583
2020-07,Any Mental Health,Sex,Male,6541
2020-07,Any Mental Health,Total,All,7065
2020-06,Any Mental Health,Age,12-17 years,9100
2020-06,Any Mental Health,Age,18-34 years,8306
2020-06,Any Mental Health,Age,35-64 years,8452
2020-06,Any Mental Health,Age,65+ years,5757
2020-06,Any Mental Health,Age,All,7279
2020-06,Any Mental Health,RaceEthnicity,AI/AN,8204
2020-06,Any Mental Health,RaceEthnicity,All,7279
2020-06,Any Mental Health,RaceEthnicity,Asian,4712
2020-06,Any Mental Health,RaceEthnicity,Black,6232
2020-06,Any Mental Health,RaceEthnicity,Hispanic,6224
2020-06,Any Mental Health,RaceEthnicity,Multiple/Other,5994
2020-06,Any Mental Health,RaceEthnicity,NHOPI,5157
2020-06,Any Mental Health,RaceEthnicity,White,8307
2020-06,Any Mental Health,Sex,All,7279
2020-06,Any Mental Health,Sex,Female,7798
2020-06,Any Mental Health,Sex,Male,6763
2020-06,Any Mental Health,Total,All,7279
2020-05,Any Mental Health,Age,12-17 years,10736
2020-05,Any Mental Health,Age,18-34 years,9122
2020-05,Any Mental Health,Age,35-64 years,8989
2020-05,Any Mental Health,Age,65+ years,5918
2020-05,Any Mental Health,Age,All,7806
2020-05,Any Mental Health,RaceEthnicity,AI/AN,8456
2020-05,Any Mental Health,RaceEthnicity,All,7806
2020-05,Any Mental Health,RaceEthnicity,Asian,4747
2020-05,Any Mental Health,RaceEthnicity,Black,6866
2020-05,Any Mental Health,RaceEthnicity,Hispanic,6830
2020-05,Any Mental Health,RaceEthnicity,Multiple/Other,6341
2020-05,Any Mental Health,RaceEthnicity,NHOPI,5565
2020-05,Any Mental Health,RaceEthnicity,White,8703
2020-05,Any Mental Health,Sex,All,7806
2020-05,Any Mental Health,Sex,Female,8312
2020-05,Any Mental Health,Sex,Male,7308
2020-05,Any Mental Health,Total,All,7806
2020-04,Any Mental Health,Age,12-17 years,11967
2020-04,Any Mental Health,Age,18-34 years,9299
2020-04,Any Mental Health,Age,35-64 years,8967
2020-04,Any Mental Health,Age,65+ years,5823
2020-04,Any Mental Health,Age,All,7899
2020-04,Any Mental Health,RaceEthnicity,AI/AN,8908
2020-04,Any Mental Health,RaceEthnicity,All,7899
2020-04,Any Mental Health,RaceEthnicity,Asian,4695
2020-04,Any Mental Health,RaceEthnicity,Black,7071
2020-04,Any Mental Health,RaceEthnicity,Hispanic,6775
2020-04,Any Mental Health,RaceEthnicity,Multiple/Other,6323
2020-04,Any Mental Health,RaceEthnicity,NHOPI,5468
2020-04,Any Mental Health,RaceEthnicity,White,8924
2020-04,Any Mental Health,Sex,All,7899
2020-04,Any Mental Health,Sex,Female,8323
2020-04,Any Mental Health,Sex,Male,7494
2020-04,Any Mental Health,Total,All,7899
2020-03,Any Mental Health,Age,12-17 years,9067
2020-03,Any Mental Health,Age,18-34 years,7190
2020-03,Any Mental Health,Age,35-64 years,7532
2020-03,Any Mental Health,Age,65+ years,5299
2020-03,Any Mental Health,Age,All,6291
2020-03,Any Mental Health,RaceEthnicity,AI/AN,6753
2020-03,Any Mental Health,RaceEthnicity,All,6291
2020-03,Any Mental Health,RaceEthnicity,Asian,3712
2020-03,Any Mental Health,RaceEthnicity,Black,5159
2020-03,Any Mental Health,RaceEthnicity,Hispanic,5017
2020-03,Any Mental Health,RaceEthnicity,Multiple/Other,4864
2020-03,Any Mental Health,RaceEthnicity,NHOPI,3841
2020-03,Any Mental Health,RaceEthnicity,White,7522
2020-03,Any Mental Health,Sex,All,6291
2020-03,Any Mental Health,Sex,Female,6602
2020-03,Any Mental Health,Sex,Male,6000
2020-03,Any Mental Health,Total,All,6291
2020-02,Any Mental Health,Age,12-17 years,8308
2020-02,Any Mental Health,Age,18-34 years,7046
2020-02,Any Mental Health,Age,35-64 years,7467
2020-02,Any Mental Health,Age,65+ years,5276
2020-02,Any Mental Health,Age,All,6012
2020-02,Any Mental Health,RaceEthnicity,AI/AN,6519
2020-02,Any Mental Health,RaceEthnicity,All,6012
2020-02,Any Mental Health,RaceEthnicity,Asian,3540
2020-02,Any Mental Health,RaceEthnicity,Black,4845
2020-02,Any Mental Health,RaceEthnicity,Hispanic,4728
2020-02,Any Mental Health,RaceEthnicity,Multiple/Other,4637
2020-02,Any Mental Health,RaceEthnicity,NHOPI,3626
2020-02,Any Mental Health,RaceEthnicity,White,7179
2020-02,Any Mental Health,Sex,All,6012
2020-02,Any Mental Health,Sex,Female,6322
2020-02,Any Mental Health,Sex,Male,5701
2020-02,Any Mental Health,Total,All,6012
2020-01,Any Mental Health,Age,12-17 years,8066
2020-01,Any Mental Health,Age,18-34 years,6829
2020-01,Any Mental Health,Age,35-64 years,7369
2020-01,Any Mental Health,Age,65+ years,5087
2020-01,Any Mental Health,Age,All,5866
2020-01,Any Mental Health,RaceEthnicity,AI/AN,6180
2020-01,Any Mental Health,RaceEthnicity,All,5866
2020-01,Any Mental Health,RaceEthnicity,Asian,3365
2020-01,Any Mental Health,RaceEthnicity,Black,4753
2020-01,Any Mental Health,RaceEthnicity,Hispanic,4549
2020-01,Any Mental Health,RaceEthnicity,Multiple/Other,4520
2020-01,Any Mental Health,RaceEthnicity,NHOPI,3466
2020-01,Any Mental Health,RaceEthnicity,White,7096
2020-01,Any Mental Health,Sex,All,5866
2020-01,Any Mental Health,Sex,Female,6124
2020-01,Any Mental Health,Sex,Male,5603
2020-01,Any Mental Health,Total,All,5866
2019-12,Any Mental Health,Age,12-17 years,7471
2019-12,Any Mental Health,Age,18-34 years,6644
2019-12,Any Mental Health,Age,35-64 years,7230
2019-12,Any Mental Health,Age,65+ years,4917
2019-12,Any Mental Health,Age,All,5581
2019-12,Any Mental Health,RaceEthnicity,AI/AN,6056
2019-12,Any Mental Health,RaceEthnicity,All,5581
2019-12,Any Mental Health,RaceEthnicity,Asian,3267
2019-12,Any Mental Health,RaceEthnicity,Black,4510
2019-12,Any Mental Health,RaceEthnicity,Hispanic,4538
2019-12,Any Mental Health,RaceEthnicity,Multiple/Other,4176
2019-12,Any Mental Health,RaceEthnicity,NHOPI,3427
2019-12,Any Mental Health,RaceEthnicity,White,6702
2019-12,Any Mental Health,Sex,All,5581
2019-12,Any Mental Health,Sex,Female,5847
2019-12,Any Mental Health,Sex,Male,5339
2019-12,Any Mental Health,Total,All,5581
2019-11,Any Mental Health,Age,12-17 years,8200
2019-11,Any Mental Health,Age,18-34 years,7050
2019-11,Any Mental Health,Age,35-64 years,7440
2019-11,Any Mental Health,Age,65+ years,4938
2019-11,Any Mental Health,Age,All,5883
2019-11,Any Mental Health,RaceEthnicity,AI/AN,6655
2019-11,Any Mental Health,RaceEthnicity,All,5883
2019-11,Any Mental Health,RaceEthnicity,Asian,3625
2019-11,Any Mental Health,RaceEthnicity,Black,4815
2019-11,Any Mental Health,RaceEthnicity,Hispanic,4804
2019-11,Any Mental Health,RaceEthnicity,Multiple/Other,4551
2019-11,Any Mental Health,RaceEthnicity,NHOPI,3897
2019-11,Any Mental Health,RaceEthnicity,White,6936
2019-11,Any Mental Health,Sex,All,5883
2019-11,Any Mental Health,Sex,Female,6210
2019-11,Any Mental Health,Sex,Male,5580
2019-11,Any Mental Health,Total,All,5883
2019-10,Any Mental Health,Age,12-17 years,8356
2019-10,Any Mental Health,Age,18-34 years,7151
2019-10,Any Mental Health,Age,35-64 years,7480
2019-10,Any Mental Health,Age,65+ years,5038
2019-10,Any Mental Health,Age,All,6111
2019-10,Any Mental Health,RaceEthnicity,AI/AN,6642
2019-10,Any Mental Health,RaceEthnicity,All,6111
2019-10,Any Mental Health,RaceEthnicity,Asian,3736
2019-10,Any Mental Health,RaceEthnicity,Black,4949
2019-10,Any Mental Health,RaceEthnicity,Hispanic,5078
2019-10,Any Mental Health,RaceEthnicity,Multiple/Other,4949
2019-10,Any Mental Health,RaceEthnicity,NHOPI,4239
2019-10,Any Mental Health,RaceEthnicity,White,7227
2019-10,Any Mental Health,Sex,All,6111
2019-10,Any Mental Health,Sex,Female,6472
2019-10,Any Mental Health,Sex,Male,5782
2019-10,Any Mental Health,Total,All,6111
2019-09,Any Mental Health,Age,12-17 years,7537
2019-09,Any Mental Health,Age,18-34 years,7123
2019-09,Any Mental Health,Age,35-64 years,7432
2019-09,Any Mental Health,Age,65+ years,5040
2019-09,Any Mental Health,Age,All,6078
2019-09,Any Mental Health,RaceEthnicity,AI/AN,6646
2019-09,Any Mental Health,RaceEthnicity,All,6078
2019-09,Any Mental Health,RaceEthnicity,Asian,3700
2019-09,Any Mental Health,RaceEthnicity,Black,4923
2019-09,Any Mental Health,RaceEthnicity,Hispanic,5042
2019-09,Any Mental Health,RaceEthnicity,Multiple/Other,4873
2019-09,Any Mental Health,RaceEthnicity,NHOPI,3806
2019-09,Any Mental Health,RaceEthnicity,White,7187
2019-09,Any Mental Health,Sex,All,6078
2019-09,Any Mental Health,Sex,Female,6449
2019-09,Any Mental Health,Sex,Male,5735
2019-09,Any Mental Health,Total,All,6078
2019-08,Any Mental Health,Age,12-17 years,6982
2019-08,Any Mental Health,Age,18-34 years,7143
2019-08,Any Mental Health,Age,35-64 years,7540
2019-08,Any Mental Health,Age,65+ years,5096
2019-08,Any Mental Health,Age,All,6154
2019-08,Any Mental Health,RaceEthnicity,AI/AN,6508
2019-08,Any Mental Health,RaceEthnicity,All,6154
2019-08,Any Mental Health,RaceEthnicity,Asian,3581
2019-08,Any Mental Health,RaceEthnicity,Black,5073
2019-08,Any Mental Health,RaceEthnicity,Hispanic,5151
2019-08,Any Mental Health,RaceEthnicity,Multiple/Other,4890
2019-08,Any Mental Health,RaceEthnicity,NHOPI,3810
2019-08,Any Mental Health,RaceEthnicity,White,7207
2019-08,Any Mental Health,Sex,All,6154
2019-08,Any Mental Health,Sex,Female,6540
2019-08,Any Mental Health,Sex,Male,5797
2019-08,Any Mental Health,Total,All,6154
2019-07,Any Mental Health,Age,12-17 years,6774
2019-07,Any Mental Health,Age,18-34 years,6961
2019-07,Any Mental Health,Age,35-64 years,7361
2019-07,Any Mental Health,Age,65+ years,4974
2019-07,Any Mental Health,Age,All,6010
2019-07,Any Mental Health,RaceEthnicity,AI/AN,6656
2019-07,Any Mental Health,RaceEthnicity,All,6010
2019-07,Any Mental Health,RaceEthnicity,Asian,3634
2019-07,Any Mental Health,RaceEthnicity,Black,5059
2019-07,Any Mental Health,RaceEthnicity,Hispanic,5123
2019-07,Any Mental Health,RaceEthnicity,Multiple/Other,4706
2019-07,Any Mental Health,RaceEthnicity,NHOPI,3948
2019-07,Any Mental Health,RaceEthnicity,White,7016
2019-07,Any Mental Health,Sex,All,6010
2019-07,Any Mental Health,Sex,Female,6379
2019-07,Any Mental Health,Sex,Male,5664
2019-07,Any Mental Health,Total,All,6010
2019-06,Any Mental Health,Age,12-17 years,6941
2019-06,Any Mental Health,Age,18-34 years,6784
2019-06,Any Mental Health,Age,35-64 years,7252
2019-06,Any Mental Health,Age,65+ years,4868
2019-06,Any Mental Health,Age,All,5850
2019-06,Any Mental Health,RaceEthnicity,AI/AN,6818
2019-06,Any Mental Health,RaceEthnicity,All,5850
2019-06,Any Mental Health,RaceEthnicity,Asian,3597
2019-06,Any Mental Health,RaceEthnicity,Black,4915
2019-06,Any Mental Health,RaceEthnicity,Hispanic,4920
2019-06,Any Mental Health,RaceEthnicity,Multiple/Other,4574
2019-06,Any Mental Health,RaceEthnicity,NHOPI,3654
2019-06,Any Mental Health,RaceEthnicity,White,6848
2019-06,Any Mental Health,Sex,All,5850
2019-06,Any Mental Health,Sex,Female,6200
2019-06,Any Mental Health,Sex,Male,5516
2019-06,Any Mental Health,Total,All,5850
2019-05,Any Mental Health,Age,12-17 years,8041
2019-05,Any Mental Health,Age,18-34 years,6868
2019-05,Any Mental Health,Age,35-64 years,7239
2019-05,Any Mental Health,Age,65+ years,4825
2019-05,Any Mental Health,Age,All,5871
2019-05,Any Mental Health,RaceEthnicity,AI/AN,6869
2019-05,Any Mental Health,RaceEthnicity,All,5871
2019-05,Any Mental Health,RaceEthnicity,Asian,3679
2019-05,Any Mental Health,RaceEthnicity,Black,4857
2019-05,Any Mental Health,RaceEthnicity,Hispanic,4830
2019-05,Any Mental Health,RaceEthnicity,Multiple/Other,4555
2019-05,Any Mental Health,RaceEthnicity,NHOPI,3617
2019-05,Any Mental Health,RaceEthnicity,White,6937
2019-05,Any Mental Health,Sex,All,5871
2019-05,Any Mental Health,Sex,Female,6204
2019-05,Any Mental Health,Sex,Male,5544
2019-05,Any Mental Health,Total,All,5871
2019-04,Any Mental Health,Age,12-17 years,8128
2019-04,Any Mental Health,Age,18-34 years,6896
2019-04,Any Mental Health,Age,35-64 years,7264
2019-04,Any Mental Health,Age,65+ years,4792
2019-04,Any Mental Health,Age,All,5862
2019-04,Any Mental Health,RaceEthnicity,AI/AN,6882
2019-04,Any Mental Health,RaceEthnicity,All,5862
2019-04,Any Mental Health,RaceEthnicity,Asian,3535
2019-04,Any Mental Health,RaceEthnicity,Black,4862
2019-04,Any Mental Health,RaceEthnicity,Hispanic,4702
2019-04,Any Mental Health,RaceEthnicity,Multiple/Other,4534
2019-04,Any Mental Health,RaceEthnicity,NHOPI,3624
2019-04,Any Mental Health,RaceEthnicity,White,6938
2019-04,Any Mental Health,Sex,All,5862
2019-04,Any Mental Health,Sex,Female,6134
2019-04,Any Mental Health,Sex,Male,5542
2019-04,Any Mental Health,Total,All,5862
2019-03,Any Mental Health,Age,12-17 years,7845
2019-03,Any Mental Health,Age,18-34 years,6704
2019-03,Any Mental Health,Age,35-64 years,7092
2019-03,Any Mental Health,Age,65+ years,4704
2019-03,Any Mental Health,Age,All,5660
2019-03,Any Mental Health,RaceEthnicity,AI/AN,6422
2019-03,Any Mental Health,RaceEthnicity,All,5660
2019-03,Any Mental Health,RaceEthnicity,Asian,3445
2019-03,Any Mental Health,RaceEthnicity,Black,4653
2019-03,Any Mental Health,RaceEthnicity,Hispanic,4423
2019-03,Any Mental Health,RaceEthnicity,Multiple/Other,4378
2019-03,Any Mental Health,RaceEthnicity,NHOPI,3253
2019-03,Any Mental Health,RaceEthnicity,White,6701
2019-03,Any Mental Health,Sex,All,5660
2019-03,Any Mental Health,Sex,Female,5898
2019-03,Any Mental Health,Sex,Male,5379
2019-03,Any Mental Health,Total,All,5660
2019-02,Any Mental Health,Age,12-17 years,7676
2019-02,Any Mental Health,Age,18-34 years,6585
2019-02,Any Mental Health,Age,35-64 years,6874
2019-02,Any Mental Health,Age,65+ years,4631
2019-02,Any Mental Health,Age,All,5519
2019-02,Any Mental Health,RaceEthnicity,AI/AN,6417
2019-02,Any Mental Health,RaceEthnicity,All,5519
2019-02,Any Mental Health,RaceEthnicity,Asian,3591
2019-02,Any Mental Health,RaceEthnicity,Black,4556
2019-02,Any Mental Health,RaceEthnicity,Hispanic,4365
2019-02,Any Mental Health,RaceEthnicity,Multiple/Other,4285
2019-02,Any Mental Health,RaceEthnicity,NHOPI,3100
2019-02,Any Mental Health,RaceEthnicity,White,6553
2019-02,Any Mental Health,Sex,All,5519
2019-02,Any Mental Health,Sex,Female,5727
2019-02,Any Mental Health,Sex,Male,5275
2019-02,Any Mental Health,Total,All,5519
2019-01,Any Mental Health,Age,12-17 years,7645
2019-01,Any Mental Health,Age,18-34 years,6287
2019-01,Any Mental Health,Age,35-64 years,6712
2019-01,Any Mental Health,Age,65+ years,4438
2019-01,Any Mental Health,Age,All,5384
2019-01,Any Mental Health,RaceEthnicity,AI/AN,6521
2019-01,Any Mental Health,RaceEthnicity,All,5384
2019-01,Any Mental Health,RaceEthnicity,Asian,3415
2019-01,Any Mental Health,RaceEthnicity,Black,4487
2019-01,Any Mental Health,RaceEthnicity,Hispanic,4331
2019-01,Any Mental Health,RaceEthnicity,Multiple/Other,4251
2019-01,Any Mental Health,RaceEthnicity,NHOPI,3184
2019-01,Any Mental Health,RaceEthnicity,White,6370
2019-01,Any Mental Health,Sex,All,5384
2019-01,Any Mental Health,Sex,Female,5553
2019-01,Any Mental Health,Sex,Male,5182
2019-01,Any Mental Health,Total,All,5384
2026-05,Bipolar Disorders,Age,12-17 years,187
2026-05,Bipolar Disorders,Age,18-34 years,566
2026-05,Bipolar Disorders,Age,35-64 years,703
2026-05,Bipolar Disorders,Age,65+ years,298
2026-05,Bipolar Disorders,Age,All,465
2026-05,Bipolar Disorders,RaceEthnicity,AI/AN,404
2026-05,Bipolar Disorders,RaceEthnicity,All,465
2026-05,Bipolar Disorders,RaceEthnicity,Asian,250
2026-05,Bipolar Disorders,RaceEthnicity,Black,407
2026-05,Bipolar Disorders,RaceEthnicity,Hispanic,285
2026-05,Bipolar Disorders,RaceEthnicity,Multiple/Other,361
2026-05,Bipolar Disorders,RaceEthnicity,NHOPI,278
2026-05,Bipolar Disorders,RaceEthnicity,White,572
2026-05,Bipolar Disorders,Sex,All,465
2026-05,Bipolar Disorders,Sex,Female,500
2026-05,Bipolar Disorders,Sex,Male,422
2026-05,Bipolar Disorders,Total,All,465
2026-04,Bipolar Disorders,Age,12-17 years,198
2026-04,Bipolar Disorders,Age,18-34 years,585
2026-04,Bipolar Disorders,Age,35-64 years,710
2026-04,Bipolar Disorders,Age,65+ years,308
2026-04,Bipolar Disorders,Age,All,473
2026-04,Bipolar Disorders,RaceEthnicity,AI/AN,389
2026-04,Bipolar Disorders,RaceEthnicity,All,473
2026-04,Bipolar Disorders,RaceEthnicity,Asian,235
2026-04,Bipolar Disorders,RaceEthnicity,Black,409
2026-04,Bipolar Disorders,RaceEthnicity,Hispanic,290
2026-04,Bipolar Disorders,RaceEthnicity,Multiple/Other,355
2026-04,Bipolar Disorders,RaceEthnicity,NHOPI,263
2026-04,Bipolar Disorders,RaceEthnicity,White,585
2026-04,Bipolar Disorders,Sex,All,473
2026-04,Bipolar Disorders,Sex,Female,509
2026-04,Bipolar Disorders,Sex,Male,427
2026-04,Bipolar Disorders,Total,All,473
2026-03,Bipolar Disorders,Age,12-17 years,183
2026-03,Bipolar Disorders,Age,18-34 years,582
2026-03,Bipolar Disorders,Age,35-64 years,707
2026-03,Bipolar Disorders,Age,65+ years,307
2026-03,Bipolar Disorders,Age,All,466
2026-03,Bipolar Disorders,RaceEthnicity,AI/AN,417
2026-03,Bipolar Disorders,RaceEthnicity,All,466
2026-03,Bipolar Disorders,RaceEthnicity,Asian,261
2026-03,Bipolar Disorders,RaceEthnicity,Black,407
2026-03,Bipolar Disorders,RaceEthnicity,Hispanic,278
2026-03,Bipolar Disorders,RaceEthnicity,Multiple/Other,350
2026-03,Bipolar Disorders,RaceEthnicity,NHOPI,219
2026-03,Bipolar Disorders,RaceEthnicity,White,576
2026-03,Bipolar Disorders,Sex,All,466
2026-03,Bipolar Disorders,Sex,Female,496
2026-03,Bipolar Disorders,Sex,Male,427
2026-03,Bipolar Disorders,Total,All,466
2026-02,Bipolar Disorders,Age,12-17 years,177
2026-02,Bipolar Disorders,Age,18-34 years,567
2026-02,Bipolar Disorders,Age,35-64 years,689
2026-02,Bipolar Disorders,Age,65+ years,301
2026-02,Bipolar Disorders,Age,All,453
2026-02,Bipolar Disorders,RaceEthnicity,AI/AN,417
2026-02,Bipolar Disorders,RaceEthnicity,All,453
2026-02,Bipolar Disorders,RaceEthnicity,Asian,255
2026-02,Bipolar Disorders,RaceEthnicity,Black,401
2026-02,Bipolar Disorders,RaceEthnicity,Hispanic,265
2026-02,Bipolar Disorders,RaceEthnicity,Multiple/Other,339
2026-02,Bipolar Disorders,RaceEthnicity,NHOPI,242
2026-02,Bipolar Disorders,RaceEthnicity,White,559
2026-02,Bipolar Disorders,Sex,All,453
2026-02,Bipolar Disorders,Sex,Female,482
2026-02,Bipolar Disorders,Sex,Male,416
2026-02,Bipolar Disorders,Total,All,453
2026-01,Bipolar Disorders,Age,12-17 years,177
2026-01,Bipolar Disorders,Age,18-34 years,550
2026-01,Bipolar Disorders,Age,35-64 years,689
2026-01,Bipolar Disorders,Age,65+ years,296
2026-01,Bipolar Disorders,Age,All,453
2026-01,Bipolar Disorders,RaceEthnicity,AI/AN,354
2026-01,Bipolar Disorders,RaceEthnicity,All,453
2026-01,Bipolar Disorders,RaceEthnicity,Asian,220
2026-01,Bipolar Disorders,RaceEthnicity,Black,407
2026-01,Bipolar Disorders,RaceEthnicity,Hispanic,280
2026-01,Bipolar Disorders,RaceEthnicity,Multiple/Other,337
2026-01,Bipolar Disorders,RaceEthnicity,NHOPI,220
2026-01,Bipolar Disorders,RaceEthnicity,White,553
2026-01,Bipolar Disorders,Sex,All,453
2026-01,Bipolar Disorders,Sex,Female,483
2026-01,Bipolar Disorders,Sex,Male,415
2026-01,Bipolar Disorders,Total,All,453
2025-12,Bipolar Disorders,Age,12-17 years,164
2025-12,Bipolar Disorders,Age,18-34 years,512
2025-12,Bipolar Disorders,Age,35-64 years,657
2025-12,Bipolar Disorders,Age,65+ years,282
2025-12,Bipolar Disorders,Age,All,420
2025-12,Bipolar Disorders,RaceEthnicity,AI/AN,308
2025-12,Bipolar Disorders,RaceEthnicity,All,420
2025-12,Bipolar Disorders,RaceEthnicity,Asian,210
2025-12,Bipolar Disorders,RaceEthnicity,Black,375
2025-12,Bipolar Disorders,RaceEthnicity,Hispanic,251
2025-12,Bipolar Disorders,RaceEthnicity,Multiple/Other,292
2025-12,Bipolar Disorders,RaceEthnicity,NHOPI,239
2025-12,Bipolar Disorders,RaceEthnicity,White,521
2025-12,Bipolar Disorders,Sex,All,420
2025-12,Bipolar Disorders,Sex,Female,444
2025-12,Bipolar Disorders,Sex,Male,391
2025-12,Bipolar Disorders,Total,All,420
2025-11,Bipolar Disorders,Age,12-17 years,199
2025-11,Bipolar Disorders,Age,18-34 years,555
2025-11,Bipolar Disorders,Age,35-64 years,701
2025-11,Bipolar Disorders,Age,65+ years,288
2025-11,Bipolar Disorders,Age,All,455
2025-11,Bipolar Disorders,RaceEthnicity,AI/AN,371
2025-11,Bipolar Disorders,RaceEthnicity,All,455
2025-11,Bipolar Disorders,RaceEthnicity,Asian,235
2025-11,Bipolar Disorders,RaceEthnicity,Black,414
2025-11,Bipolar Disorders,RaceEthnicity,Hispanic,274
2025-11,Bipolar Disorders,RaceEthnicity,Multiple/Other,339
2025-11,Bipolar Disorders,RaceEthnicity,NHOPI,221
2025-11,Bipolar Disorders,RaceEthnicity,White,554
2025-11,Bipolar Disorders,Sex,All,455
2025-11,Bipolar Disorders,Sex,Female,481
2025-11,Bipolar Disorders,Sex,Male,422
2025-11,Bipolar Disorders,Total,All,455
2025-10,Bipolar Disorders,Age,12-17 years,192
2025-10,Bipolar Disorders,Age,18-34 years,562
2025-10,Bipolar Disorders,Age,35-64 years,703
2025-10,Bipolar Disorders,Age,65+ years,291
2025-10,Bipolar Disorders,Age,All,462
2025-10,Bipolar Disorders,RaceEthnicity,AI/AN,330
2025-10,Bipolar Disorders,RaceEthnicity,All,462
2025-10,Bipolar Disorders,RaceEthnicity,Asian,226
2025-10,Bipolar Disorders,RaceEthnicity,Black,411
2025-10,Bipolar Disorders,RaceEthnicity,Hispanic,267
2025-10,Bipolar Disorders,RaceEthnicity,Multiple/Other,350
2025-10,Bipolar Disorders,RaceEthnicity,NHOPI,262
2025-10,Bipolar Disorders,RaceEthnicity,White,566
2025-10,Bipolar Disorders,Sex,All,462
2025-10,Bipolar Disorders,Sex,Female,494
2025-10,Bipolar Disorders,Sex,Male,423
2025-10,Bipolar Disorders,Total,All,462
2025-09,Bipolar Disorders,Age,12-17 years,176
2025-09,Bipolar Disorders,Age,18-34 years,562
2025-09,Bipolar Disorders,Age,35-64 years,679
2025-09,Bipolar Disorders,Age,65+ years,291
2025-09,Bipolar Disorders,Age,All,455
2025-09,Bipolar Disorders,RaceEthnicity,AI/AN,345
2025-09,Bipolar Disorders,RaceEthnicity,All,455
2025-09,Bipolar Disorders,RaceEthnicity,Asian,218
2025-09,Bipolar Disorders,RaceEthnicity,Black,392
2025-09,Bipolar Disorders,RaceEthnicity,Hispanic,270
2025-09,Bipolar Disorders,RaceEthnicity,Multiple/Other,339
2025-09,Bipolar Disorders,RaceEthnicity,NHOPI,303
2025-09,Bipolar Disorders,RaceEthnicity,White,554
2025-09,Bipolar Disorders,Sex,All,455
2025-09,Bipolar Disorders,Sex,Female,484
2025-09,Bipolar Disorders,Sex,Male,418
2025-09,Bipolar Disorders,Total,All,455
2025-08,Bipolar Disorders,Age,12-17 years,194
2025-08,Bipolar Disorders,Age,18-34 years,561
2025-08,Bipolar Disorders,Age,35-64 years,682
2025-08,Bipolar Disorders,Age,65+ years,281
2025-08,Bipolar Disorders,Age,All,462
2025-08,Bipolar Disorders,RaceEthnicity,AI/AN,328
2025-08,Bipolar Disorders,RaceEthnicity,All,462
2025-08,Bipolar Disorders,RaceEthnicity,Asian,226
2025-08,Bipolar Disorders,RaceEthnicity,Black,406
2025-08,Bipolar Disorders,RaceEthnicity,Hispanic,272
2025-08,Bipolar Disorders,RaceEthnicity,Multiple/Other,338
2025-08,Bipolar Disorders,RaceEthnicity,NHOPI,234
2025-08,Bipolar Disorders,RaceEthnicity,White,556
2025-08,Bipolar Disorders,Sex,All,462
2025-08,Bipolar Disorders,Sex,Female,492
2025-08,Bipolar Disorders,Sex,Male,425
2025-08,Bipolar Disorders,Total,All,462
2025-07,Bipolar Disorders,Age,12-17 years,220
2025-07,Bipolar Disorders,Age,18-34 years,578
2025-07,Bipolar Disorders,Age,35-64 years,688
2025-07,Bipolar Disorders,Age,65+ years,279
2025-07,Bipolar Disorders,Age,All,474
2025-07,Bipolar Disorders,RaceEthnicity,AI/AN,397
2025-07,Bipolar Disorders,RaceEthnicity,All,474
2025-07,Bipolar Disorders,RaceEthnicity,Asian,226
2025-07,Bipolar Disorders,RaceEthnicity,Black,416
2025-07,Bipolar Disorders,RaceEthnicity,Hispanic,286
2025-07,Bipolar Disorders,RaceEthnicity,Multiple/Other,351
2025-07,Bipolar Disorders,RaceEthnicity,NHOPI,244
2025-07,Bipolar Disorders,RaceEthnicity,White,567
2025-07,Bipolar Disorders,Sex,All,474
2025-07,Bipolar Disorders,Sex,Female,505
2025-07,Bipolar Disorders,Sex,Male,436
2025-07,Bipolar Disorders,Total,All,474
2025-06,Bipolar Disorders,Age,12-17 years,212
2025-06,Bipolar Disorders,Age,18-34 years,577
2025-06,Bipolar Disorders,Age,35-64 years,688
2025-06,Bipolar Disorders,Age,65+ years,285
2025-06,Bipolar Disorders,Age,All,470
2025-06,Bipolar Disorders,RaceEthnicity,AI/AN,339
2025-06,Bipolar Disorders,RaceEthnicity,All,470
2025-06,Bipolar Disorders,RaceEthnicity,Asian,248
2025-06,Bipolar Disorders,RaceEthnicity,Black,413
2025-06,Bipolar Disorders,RaceEthnicity,Hispanic,279
2025-06,Bipolar Disorders,RaceEthnicity,Multiple/Other,348
2025-06,Bipolar Disorders,RaceEthnicity,NHOPI,278
2025-06,Bipolar Disorders,RaceEthnicity,White,565
2025-06,Bipolar Disorders,Sex,All,470
2025-06,Bipolar Disorders,Sex,Female,501
2025-06,Bipolar Disorders,Sex,Male,433
2025-06,Bipolar Disorders,Total,All,470
2025-05,Bipolar Disorders,Age,12-17 years,207
2025-05,Bipolar Disorders,Age,18-34 years,571
2025-05,Bipolar Disorders,Age,35-64 years,689
2025-05,Bipolar Disorders,Age,65+ years,280
2025-05,Bipolar Disorders,Age,All,457
2025-05,Bipolar Disorders,RaceEthnicity,AI/AN,371
2025-05,Bipolar Disorders,RaceEthnicity,All,457
2025-05,Bipolar Disorders,RaceEthnicity,Asian,207
2025-05,Bipolar Disorders,RaceEthnicity,Black,395
2025-05,Bipolar Disorders,RaceEthnicity,Hispanic,257
2025-05,Bipolar Disorders,RaceEthnicity,Multiple/Other,328
2025-05,Bipolar Disorders,RaceEthnicity,NHOPI,241
2025-05,Bipolar Disorders,RaceEthnicity,White,565
2025-05,Bipolar Disorders,Sex,All,457
2025-05,Bipolar Disorders,Sex,Female,483
2025-05,Bipolar Disorders,Sex,Male,424
2025-05,Bipolar Disorders,Total,All,457
2025-04,Bipolar Disorders,Age,12-17 years,202
2025-04,Bipolar Disorders,Age,18-34 years,577
2025-04,Bipolar Disorders,Age,35-64 years,690
2025-04,Bipolar Disorders,Age,65+ years,281
2025-04,Bipolar Disorders,Age,All,457
2025-04,Bipolar Disorders,RaceEthnicity,AI/AN,395
2025-04,Bipolar Disorders,RaceEthnicity,All,457
2025-04,Bipolar Disorders,RaceEthnicity,Asian,235
2025-04,Bipolar Disorders,RaceEthnicity,Black,394
2025-04,Bipolar Disorders,RaceEthnicity,Hispanic,253
2025-04,Bipolar Disorders,RaceEthnicity,Multiple/Other,316
2025-04,Bipolar Disorders,RaceEthnicity,NHOPI,231
2025-04,Bipolar Disorders,RaceEthnicity,White,569
2025-04,Bipolar Disorders,Sex,All,457
2025-04,Bipolar Disorders,Sex,Female,482
2025-04,Bipolar Disorders,Sex,Male,425
2025-04,Bipolar Disorders,Total,All,457
2025-03,Bipolar Disorders,Age,12-17 years,201
2025-03,Bipolar Disorders,Age,18-34 years,580
2025-03,Bipolar Disorders,Age,35-64 years,692
2025-03,Bipolar Disorders,Age,65+ years,280
2025-03,Bipolar Disorders,Age,All,456
2025-03,Bipolar Disorders,RaceEthnicity,AI/AN,393
2025-03,Bipolar Disorders,RaceEthnicity,All,456
2025-03,Bipolar Disorders,RaceEthnicity,Asian,240
2025-03,Bipolar Disorders,RaceEthnicity,Black,396
2025-03,Bipolar Disorders,RaceEthnicity,Hispanic,249
2025-03,Bipolar Disorders,RaceEthnicity,Multiple/Other,328
2025-03,Bipolar Disorders,RaceEthnicity,NHOPI,232
2025-03,Bipolar Disorders,RaceEthnicity,White,564
2025-03,Bipolar Disorders,Sex,All,456
2025-03,Bipolar Disorders,Sex,Female,484
2025-03,Bipolar Disorders,Sex,Male,420
2025-03,Bipolar Disorders,Total,All,456
2025-02,Bipolar Disorders,Age,12-17 years,175
2025-02,Bipolar Disorders,Age,18-34 years,545
2025-02,Bipolar Disorders,Age,35-64 years,652
2025-02,Bipolar Disorders,Age,65+ years,273
2025-02,Bipolar Disorders,Age,All,430
2025-02,Bipolar Disorders,RaceEthnicity,AI/AN,356
2025-02,Bipolar Disorders,RaceEthnicity,All,430
2025-02,Bipolar Disorders,RaceEthnicity,Asian,224
2025-02,Bipolar Disorders,RaceEthnicity,Black,371
2025-02,Bipolar Disorders,RaceEthnicity,Hispanic,229
2025-02,Bipolar Disorders,RaceEthnicity,Multiple/Other,322
2025-02,Bipolar Disorders,RaceEthnicity,NHOPI,261
2025-02,Bipolar Disorders,RaceEthnicity,White,537
2025-02,Bipolar Disorders,Sex,All,430
2025-02,Bipolar Disorders,Sex,Female,458
2025-02,Bipolar Disorders,Sex,Male,396
2025-02,Bipolar Disorders,Total,All,430
2025-01,Bipolar Disorders,Age,12-17 years,182
2025-01,Bipolar Disorders,Age,18-34 years,522
2025-01,Bipolar Disorders,Age,35-64 years,645
2025-01,Bipolar Disorders,Age,65+ years,268
2025-01,Bipolar Disorders,Age,All,421
2025-01,Bipolar Disorders,RaceEthnicity,AI/AN,379
2025-01,Bipolar Disorders,RaceEthnicity,All,421
2025-01,Bipolar Disorders,RaceEthnicity,Asian,200
2025-01,Bipolar Disorders,RaceEthnicity,Black,372
2025-01,Bipolar Disorders,RaceEthnicity,Hispanic,231
2025-01,Bipolar Disorders,RaceEthnicity,Multiple/Other,286
2025-01,Bipolar Disorders,RaceEthnicity,NHOPI,216
2025-01,Bipolar Disorders,RaceEthnicity,White,528
2025-01,Bipolar Disorders,Sex,All,421
2025-01,Bipolar Disorders,Sex,Female,446
2025-01,Bipolar Disorders,Sex,Male,389
2025-01,Bipolar Disorders,Total,All,421
2024-12,Bipolar Disorders,Age,12-17 years,168
2024-12,Bipolar Disorders,Age,18-34 years,513
2024-12,Bipolar Disorders,Age,35-64 years,634
2024-12,Bipolar Disorders,Age,65+ years,261
2024-12,Bipolar Disorders,Age,All,406
2024-12,Bipolar Disorders,RaceEthnicity,AI/AN,363
2024-12,Bipolar Disorders,RaceEthnicity,All,406
2024-12,Bipolar Disorders,RaceEthnicity,Asian,219
2024-12,Bipolar Disorders,RaceEthnicity,Black,360
2024-12,Bipolar Disorders,RaceEthnicity,Hispanic,221
2024-12,Bipolar Disorders,RaceEthnicity,Multiple/Other,264
2024-12,Bipolar Disorders,RaceEthnicity,NHOPI,261
2024-12,Bipolar Disorders,RaceEthnicity,White,508
2024-12,Bipolar Disorders,Sex,All,406
2024-12,Bipolar Disorders,Sex,Female,429
2024-12,Bipolar Disorders,Sex,Male,378
2024-12,Bipolar Disorders,Total,All,406
2024-11,Bipolar Disorders,Age,12-17 years,184
2024-11,Bipolar Disorders,Age,18-34 years,559
2024-11,Bipolar Disorders,Age,35-64 years,685
2024-11,Bipolar Disorders,Age,65+ years,272
2024-11,Bipolar Disorders,Age,All,442
2024-11,Bipolar Disorders,RaceEthnicity,AI/AN,394
2024-11,Bipolar Disorders,RaceEthnicity,All,442
2024-11,Bipolar Disorders,RaceEthnicity,Asian,225
2024-11,Bipolar Disorders,RaceEthnicity,Black,394
2024-11,Bipolar Disorders,RaceEthnicity,Hispanic,247
2024-11,Bipolar Disorders,RaceEthnicity,Multiple/Other,314
2024-11,Bipolar Disorders,RaceEthnicity,NHOPI,222
2024-11,Bipolar Disorders,RaceEthnicity,White,547
2024-11,Bipolar Disorders,Sex,All,442
2024-11,Bipolar Disorders,Sex,Female,469
2024-11,Bipolar Disorders,Sex,Male,409
2024-11,Bipolar Disorders,Total,All,442
2024-10,Bipolar Disorders,Age,12-17 years,187
2024-10,Bipolar Disorders,Age,18-34 years,563
2024-10,Bipolar Disorders,Age,35-64 years,676
2024-10,Bipolar Disorders,Age,65+ years,267
2024-10,Bipolar Disorders,Age,All,443
2024-10,Bipolar Disorders,RaceEthnicity,AI/AN,402
2024-10,Bipolar Disorders,RaceEthnicity,All,443
2024-10,Bipolar Disorders,RaceEthnicity,Asian,221
2024-10,Bipolar Disorders,RaceEthnicity,Black,380
2024-10,Bipolar Disorders,RaceEthnicity,Hispanic,253
2024-10,Bipolar Disorders,RaceEthnicity,Multiple/Other,294
2024-10,Bipolar Disorders,RaceEthnicity,NHOPI,210
2024-10,Bipolar Disorders,RaceEthnicity,White,548
2024-10,Bipolar Disorders,Sex,All,443
2024-10,Bipolar Disorders,Sex,Female,470
2024-10,Bipolar Disorders,Sex,Male,409
2024-10,Bipolar Disorders,Total,All,443
2024-09,Bipolar Disorders,Age,12-17 years,184
2024-09,Bipolar Disorders,Age,18-34 years,565
2024-09,Bipolar Disorders,Age,35-64 years,663
2024-09,Bipolar Disorders,Age,65+ years,266
2024-09,Bipolar Disorders,Age,All,442
2024-09,Bipolar Disorders,RaceEthnicity,AI/AN,394
2024-09,Bipolar Disorders,RaceEthnicity,All,442
2024-09,Bipolar Disorders,RaceEthnicity,Asian,239
2024-09,Bipolar Disorders,RaceEthnicity,Black,382
2024-09,Bipolar Disorders,RaceEthnicity,Hispanic,249
2024-09,Bipolar Disorders,RaceEthnicity,Multiple/Other,311
2024-09,Bipolar Disorders,RaceEthnicity,NHOPI,227
2024-09,Bipolar Disorders,RaceEthnicity,White,546
2024-09,Bipolar Disorders,Sex,All,442
2024-09,Bipolar Disorders,Sex,Female,467
2024-09,Bipolar Disorders,Sex,Male,411
2024-09,Bipolar Disorders,Total,All,442
2024-08,Bipolar Disorders,Age,12-17 years,193
2024-08,Bipolar Disorders,Age,18-34 years,570
2024-08,Bipolar Disorders,Age,35-64 years,676
2024-08,Bipolar Disorders,Age,65+ years,268
2024-08,Bipolar Disorders,Age,All,458
2024-08,Bipolar Disorders,RaceEthnicity,AI/AN,404
2024-08,Bipolar Disorders,RaceEthnicity,All,458
2024-08,Bipolar Disorders,RaceEthnicity,Asian,235
2024-08,Bipolar Disorders,RaceEthnicity,Black,391
2024-08,Bipolar Disorders,RaceEthnicity,Hispanic,267
2024-08,Bipolar Disorders,RaceEthnicity,Multiple/Other,316
2024-08,Bipolar Disorders,RaceEthnicity,NHOPI,246
2024-08,Bipolar Disorders,RaceEthnicity,White,564
2024-08,Bipolar Disorders,Sex,All,458
2024-08,Bipolar Disorders,Sex,Female,483
2024-08,Bipolar Disorders,Sex,Male,427
2024-08,Bipolar Disorders,Total,All,458
2024-07,Bipolar Disorders,Age,12-17 years,218
2024-07,Bipolar Disorders,Age,18-34 years,573
2024-07,Bipolar Disorders,Age,35-64 years,665
2024-07,Bipolar Disorders,Age,65+ years,268
2024-07,Bipolar Disorders,Age,All,461
2024-07,Bipolar Disorders,RaceEthnicity,AI/AN,426
2024-07,Bipolar Disorders,RaceEthnicity,All,461
2024-07,Bipolar Disorders,RaceEthnicity,Asian,230
2024-07,Bipolar Disorders,RaceEthnicity,Black,405
2024-07,Bipolar Disorders,RaceEthnicity,Hispanic,267
2024-07,Bipolar Disorders,RaceEthnicity,Multiple/Other,330
2024-07,Bipolar Disorders,RaceEthnicity,NHOPI,277
2024-07,Bipolar Disorders,RaceEthnicity,White,561
2024-07,Bipolar Disorders,Sex,All,461
2024-07,Bipolar Disorders,Sex,Female,488
2024-07,Bipolar Disorders,Sex,Male,427
2024-07,Bipolar Disorders,Total,All,461
2024-06,Bipolar Disorders,Age,12-17 years,205
2024-06,Bipolar Disorders,Age,18-34 years,578
2024-06,Bipolar Disorders,Age,35-64 years,672
2024-06,Bipolar Disorders,Age,65+ years,261
2024-06,Bipolar Disorders,Age,All,457
2024-06,Bipolar Disorders,RaceEthnicity,AI/AN,413
2024-06,Bipolar Disorders,RaceEthnicity,All,457
2024-06,Bipolar Disorders,RaceEthnicity,Asian,240
2024-06,Bipolar Disorders,RaceEthnicity,Black,411
2024-06,Bipolar Disorders,RaceEthnicity,Hispanic,260
2024-06,Bipolar Disorders,RaceEthnicity,Multiple/Other,338
2024-06,Bipolar Disorders,RaceEthnicity,NHOPI,296
2024-06,Bipolar Disorders,RaceEthnicity,White,555
2024-06,Bipolar Disorders,Sex,All,457
2024-06,Bipolar Disorders,Sex,Female,483
2024-06,Bipolar Disorders,Sex,Male,425
2024-06,Bipolar Disorders,Total,All,457
2024-05,Bipolar Disorders,Age,12-17 years,204
2024-05,Bipolar Disorders,Age,18-34 years,579
2024-05,Bipolar Disorders,Age,35-64 years,669
2024-05,Bipolar Disorders,Age,65+ years,262
2024-05,Bipolar Disorders,Age,All,445
2024-05,Bipolar Disorders,RaceEthnicity,AI/AN,419
2024-05,Bipolar Disorders,RaceEthnicity,All,445
2024-05,Bipolar Disorders,RaceEthnicity,Asian,221
2024-05,Bipolar Disorders,RaceEthnicity,Black,398
2024-05,Bipolar Disorders,RaceEthnicity,Hispanic,249
2024-05,Bipolar Disorders,RaceEthnicity,Multiple/Other,313
2024-05,Bipolar Disorders,RaceEthnicity,NHOPI,227
2024-05,Bipolar Disorders,RaceEthnicity,White,550
2024-05,Bipolar Disorders,Sex,All,445
2024-05,Bipolar Disorders,Sex,Female,472
2024-05,Bipolar Disorders,Sex,Male,413
2024-05,Bipolar Disorders,Total,All,445
2024-04,Bipolar Disorders,Age,12-17 years,214
2024-04,Bipolar Disorders,Age,18-34 years,581
2024-04,Bipolar Disorders,Age,35-64 years,694
2024-04,Bipolar Disorders,Age,65+ years,274
2024-04,Bipolar Disorders,Age,All,456
2024-04,Bipolar Disorders,RaceEthnicity,AI/AN,391
2024-04,Bipolar Disorders,RaceEthnicity,All,456
2024-04,Bipolar Disorders,RaceEthnicity,Asian,263
2024-04,Bipolar Disorders,RaceEthnicity,Black,399
2024-04,Bipolar Disorders,RaceEthnicity,Hispanic,253
2024-04,Bipolar Disorders,RaceEthnicity,Multiple/Other,322
2024-04,Bipolar Disorders,RaceEthnicity,NHOPI,223
2024-04,Bipolar Disorders,RaceEthnicity,White,564
2024-04,Bipolar Disorders,Sex,All,456
2024-04,Bipolar Disorders,Sex,Female,484
2024-04,Bipolar Disorders,Sex,Male,423
2024-04,Bipolar Disorders,Total,All,456
2024-03,Bipolar Disorders,Age,12-17 years,202
2024-03,Bipolar Disorders,Age,18-34 years,589
2024-03,Bipolar Disorders,Age,35-64 years,690
2024-03,Bipolar Disorders,Age,65+ years,266
2024-03,Bipolar Disorders,Age,All,451
2024-03,Bipolar Disorders,RaceEthnicity,AI/AN,409
2024-03,Bipolar Disorders,RaceEthnicity,All,451
2024-03,Bipolar Disorders,RaceEthnicity,Asian,215
2024-03,Bipolar Disorders,RaceEthnicity,Black,396
2024-03,Bipolar Disorders,RaceEthnicity,Hispanic,255
2024-03,Bipolar Disorders,RaceEthnicity,Multiple/Other,324
2024-03,Bipolar Disorders,RaceEthnicity,NHOPI,289
2024-03,Bipolar Disorders,RaceEthnicity,White,557
2024-03,Bipolar Disorders,Sex,All,451
2024-03,Bipolar Disorders,Sex,Female,475
2024-03,Bipolar Disorders,Sex,Male,425
2024-03,Bipolar Disorders,Total,All,451
2024-02,Bipolar Disorders,Age,12-17 years,207
2024-02,Bipolar Disorders,Age,18-34 years,584
2024-02,Bipolar Disorders,Age,35-64 years,690
2024-02,Bipolar Disorders,Age,65+ years,266
2024-02,Bipolar Disorders,Age,All,449
2024-02,Bipolar Disorders,RaceEthnicity,AI/AN,451
2024-02,Bipolar Disorders,RaceEthnicity,All,449
2024-02,Bipolar Disorders,RaceEthnicity,Asian,249
2024-02,Bipolar Disorders,RaceEthnicity,Black,393
2024-02,Bipolar Disorders,RaceEthnicity,Hispanic,253
2024-02,Bipolar Disorders,RaceEthnicity,Multiple/Other,317
2024-02,Bipolar Disorders,RaceEthnicity,NHOPI,247
2024-02,Bipolar Disorders,RaceEthnicity,White,553
2024-02,Bipolar Disorders,Sex,All,449
2024-02,Bipolar Disorders,Sex,Female,472
2024-02,Bipolar Disorders,Sex,Male,424
2024-02,Bipolar Disorders,Total,All,449
2024-01,Bipolar Disorders,Age,12-17 years,217
2024-01,Bipolar Disorders,Age,18-34 years,584
2024-01,Bipolar Disorders,Age,35-64 years,684
2024-01,Bipolar Disorders,Age,65+ years,265
2024-01,Bipolar Disorders,Age,All,455
2024-01,Bipolar Disorders,RaceEthnicity,AI/AN,447
2024-01,Bipolar Disorders,RaceEthnicity,All,455
2024-01,Bipolar Disorders,RaceEthnicity,Asian,222
2024-01,Bipolar Disorders,RaceEthnicity,Black,402
2024-01,Bipolar Disorders,RaceEthnicity,Hispanic,250
2024-01,Bipolar Disorders,RaceEthnicity,Multiple/Other,318
2024-01,Bipolar Disorders,RaceEthnicity,NHOPI,329
2024-01,Bipolar Disorders,RaceEthnicity,White,562
2024-01,Bipolar Disorders,Sex,All,455
2024-01,Bipolar Disorders,Sex,Female,479
2024-01,Bipolar Disorders,Sex,Male,427
2024-01,Bipolar Disorders,Total,All,455
2023-12,Bipolar Disorders,Age,12-17 years,187
2023-12,Bipolar Disorders,Age,18-34 years,557
2023-12,Bipolar Disorders,Age,35-64 years,640
2023-12,Bipolar Disorders,Age,65+ years,259
2023-12,Bipolar Disorders,Age,All,414
2023-12,Bipolar Disorders,RaceEthnicity,AI/AN,345
2023-12,Bipolar Disorders,RaceEthnicity,All,414
2023-12,Bipolar Disorders,RaceEthnicity,Asian,184
2023-12,Bipolar Disorders,RaceEthnicity,Black,363
2023-12,Bipolar Disorders,RaceEthnicity,Hispanic,222
2023-12,Bipolar Disorders,RaceEthnicity,Multiple/Other,291
2023-12,Bipolar Disorders,RaceEthnicity,NHOPI,301
2023-12,Bipolar Disorders,RaceEthnicity,White,519
2023-12,Bipolar Disorders,Sex,All,414
2023-12,Bipolar Disorders,Sex,Female,433
2023-12,Bipolar Disorders,Sex,Male,393
2023-12,Bipolar Disorders,Total,All,414
2023-11,Bipolar Disorders,Age,12-17 years,211
2023-11,Bipolar Disorders,Age,18-34 years,590
2023-11,Bipolar Disorders,Age,35-64 years,689
2023-11,Bipolar Disorders,Age,65+ years,265
2023-11,Bipolar Disorders,Age,All,444
2023-11,Bipolar Disorders,RaceEthnicity,AI/AN,375
2023-11,Bipolar Disorders,RaceEthnicity,All,444
2023-11,Bipolar Disorders,RaceEthnicity,Asian,224
2023-11,Bipolar Disorders,RaceEthnicity,Black,386
2023-11,Bipolar Disorders,RaceEthnicity,Hispanic,238
2023-11,Bipolar Disorders,RaceEthnicity,Multiple/Other,316
2023-11,Bipolar Disorders,RaceEthnicity,NHOPI,266
2023-11,Bipolar Disorders,RaceEthnicity,White,558
2023-11,Bipolar Disorders,Sex,All,444
2023-11,Bipolar Disorders,Sex,Female,471
2023-11,Bipolar Disorders,Sex,Male,413
2023-11,Bipolar Disorders,Total,All,444
2023-10,Bipolar Disorders,Age,12-17 years,216
2023-10,Bipolar Disorders,Age,18-34 years,607
2023-10,Bipolar Disorders,Age,35-64 years,701
2023-10,Bipolar Disorders,Age,65+ years,268
2023-10,Bipolar Disorders,Age,All,460
2023-10,Bipolar Disorders,RaceEthnicity,AI/AN,415
2023-10,Bipolar Disorders,RaceEthnicity,All,460
2023-10,Bipolar Disorders,RaceEthnicity,Asian,227
2023-10,Bipolar Disorders,RaceEthnicity,Black,401
2023-10,Bipolar Disorders,RaceEthnicity,Hispanic,246
2023-10,Bipolar Disorders,RaceEthnicity,Multiple/Other,317
2023-10,Bipolar Disorders,RaceEthnicity,NHOPI,266
2023-10,Bipolar Disorders,RaceEthnicity,White,577
2023-10,Bipolar Disorders,Sex,All,460
2023-10,Bipolar Disorders,Sex,Female,490
2023-10,Bipolar Disorders,Sex,Male,427
2023-10,Bipolar Disorders,Total,All,460
2023-09,Bipolar Disorders,Age,12-17 years,203
2023-09,Bipolar Disorders,Age,18-34 years,608
2023-09,Bipolar Disorders,Age,35-64 years,696
2023-09,Bipolar Disorders,Age,65+ years,266
2023-09,Bipolar Disorders,Age,All,463
2023-09,Bipolar Disorders,RaceEthnicity,AI/AN,437
2023-09,Bipolar Disorders,RaceEthnicity,All,463
2023-09,Bipolar Disorders,RaceEthnicity,Asian,239
2023-09,Bipolar Disorders,RaceEthnicity,Black,409
2023-09,Bipolar Disorders,RaceEthnicity,Hispanic,257
2023-09,Bipolar Disorders,RaceEthnicity,Multiple/Other,336
2023-09,Bipolar Disorders,RaceEthnicity,NHOPI,257
2023-09,Bipolar Disorders,RaceEthnicity,White,571
2023-09,Bipolar Disorders,Sex,All,463
2023-09,Bipolar Disorders,Sex,Female,495
2023-09,Bipolar Disorders,Sex,Male,428
2023-09,Bipolar Disorders,Total,All,463
2023-08,Bipolar Disorders,Age,12-17 years,231
2023-08,Bipolar Disorders,Age,18-34 years,607
2023-08,Bipolar Disorders,Age,35-64 years,695
2023-08,Bipolar Disorders,Age,65+ years,266
2023-08,Bipolar Disorders,Age,All,475
2023-08,Bipolar Disorders,RaceEthnicity,AI/AN,376
2023-08,Bipolar Disorders,RaceEthnicity,All,475
2023-08,Bipolar Disorders,RaceEthnicity,Asian,251
2023-08,Bipolar Disorders,RaceEthnicity,Black,417
2023-08,Bipolar Disorders,RaceEthnicity,Hispanic,267
2023-08,Bipolar Disorders,RaceEthnicity,Multiple/Other,349
2023-08,Bipolar Disorders,RaceEthnicity,NHOPI,280
2023-08,Bipolar Disorders,RaceEthnicity,White,584
2023-08,Bipolar Disorders,Sex,All,475
2023-08,Bipolar Disorders,Sex,Female,510
2023-08,Bipolar Disorders,Sex,Male,437
2023-08,Bipolar Disorders,Total,All,475
2023-07,Bipolar Disorders,Age,12-17 years,243
2023-07,Bipolar Disorders,Age,18-34 years,620
2023-07,Bipolar Disorders,Age,35-64 years,712
2023-07,Bipolar Disorders,Age,65+ years,267
2023-07,Bipolar Disorders,Age,All,491
2023-07,Bipolar Disorders,RaceEthnicity,AI/AN,458
2023-07,Bipolar Disorders,RaceEthnicity,All,491
2023-07,Bipolar Disorders,RaceEthnicity,Asian,249
2023-07,Bipolar Disorders,RaceEthnicity,Black,430
2023-07,Bipolar Disorders,RaceEthnicity,Hispanic,284
2023-07,Bipolar Disorders,RaceEthnicity,Multiple/Other,341
2023-07,Bipolar Disorders,RaceEthnicity,NHOPI,309
2023-07,Bipolar Disorders,RaceEthnicity,White,598
2023-07,Bipolar Disorders,Sex,All,491
2023-07,Bipolar Disorders,Sex,Female,522
2023-07,Bipolar Disorders,Sex,Male,457
2023-07,Bipolar Disorders,Total,All,491
2023-06,Bipolar Disorders,Age,12-17 years,251
2023-06,Bipolar Disorders,Age,18-34 years,627
2023-06,Bipolar Disorders,Age,35-64 years,721
2023-06,Bipolar Disorders,Age,65+ years,273
2023-06,Bipolar Disorders,Age,All,490
2023-06,Bipolar Disorders,RaceEthnicity,AI/AN,481
2023-06,Bipolar Disorders,RaceEthnicity,All,490
2023-06,Bipolar Disorders,RaceEthnicity,Asian,229
2023-06,Bipolar Disorders,RaceEthnicity,Black,433
2023-06,Bipolar Disorders,RaceEthnicity,Hispanic,279
2023-06,Bipolar Disorders,RaceEthnicity,Multiple/Other,355
2023-06,Bipolar Disorders,RaceEthnicity,NHOPI,267
2023-06,Bipolar Disorders,RaceEthnicity,White,602
2023-06,Bipolar Disorders,Sex,All,490
2023-06,Bipolar Disorders,Sex,Female,523
2023-06,Bipolar Disorders,Sex,Male,455
2023-06,Bipolar Disorders,Total,All,490
2023-05,Bipolar Disorders,Age,12-17 years,235
2023-05,Bipolar Disorders,Age,18-34 years,643
2023-05,Bipolar Disorders,Age,35-64 years,722
2023-05,Bipolar Disorders,Age,65+ years,274
2023-05,Bipolar Disorders,Age,All,479
2023-05,Bipolar Disorders,RaceEthnicity,AI/AN,430
2023-05,Bipolar Disorders,RaceEthnicity,All,479
2023-05,Bipolar Disorders,RaceEthnicity,Asian,282
2023-05,Bipolar Disorders,RaceEthnicity,Black,414
2023-05,Bipolar Disorders,RaceEthnicity,Hispanic,265
2023-05,Bipolar Disorders,RaceEthnicity,Multiple/Other,337
2023-05,Bipolar Disorders,RaceEthnicity,NHOPI,307
2023-05,Bipolar Disorders,RaceEthnicity,White,596
2023-05,Bipolar Disorders,Sex,All,479
2023-05,Bipolar Disorders,Sex,Female,513
2023-05,Bipolar Disorders,Sex,Male,441
2023-05,Bipolar Disorders,Total,All,479
2023-04,Bipolar Disorders,Age,12-17 years,244
2023-04,Bipolar Disorders,Age,18-34 years,652
2023-04,Bipolar Disorders,Age,35-64 years,749
2023-04,Bipolar Disorders,Age,65+ years,276
2023-04,Bipolar Disorders,Age,All,490
2023-04,Bipolar Disorders,RaceEthnicity,AI/AN,415
2023-04,Bipolar Disorders,RaceEthnicity,All,490
2023-04,Bipolar Disorders,RaceEthnicity,Asian,260
2023-04,Bipolar Disorders,RaceEthnicity,Black,434
2023-04,Bipolar Disorders,RaceEthnicity,Hispanic,284
2023-04,Bipolar Disorders,RaceEthnicity,Multiple/Other,343
2023-04,Bipolar Disorders,RaceEthnicity,NHOPI,289
2023-04,Bipolar Disorders,RaceEthnicity,White,605
2023-04,Bipolar Disorders,Sex,All,490
2023-04,Bipolar Disorders,Sex,Female,519
2023-04,Bipolar Disorders,Sex,Male,458
2023-04,Bipolar Disorders,Total,All,490
2023-03,Bipolar Disorders,Age,12-17 years,266
2023-03,Bipolar Disorders,Age,18-34 years,650
2023-03,Bipolar Disorders,Age,35-64 years,741
2023-03,Bipolar Disorders,Age,65+ years,277
2023-03,Bipolar Disorders,Age,All,487
2023-03,Bipolar Disorders,RaceEthnicity,AI/AN,445
2023-03,Bipolar Disorders,RaceEthnicity,All,487
2023-03,Bipolar Disorders,RaceEthnicity,Asian,246
2023-03,Bipolar Disorders,RaceEthnicity,Black,425
2023-03,Bipolar Disorders,RaceEthnicity,Hispanic,292
2023-03,Bipolar Disorders,RaceEthnicity,Multiple/Other,323
2023-03,Bipolar Disorders,RaceEthnicity,NHOPI,253
2023-03,Bipolar Disorders,RaceEthnicity,White,601
2023-03,Bipolar Disorders,Sex,All,487
2023-03,Bipolar Disorders,Sex,Female,518
2023-03,Bipolar Disorders,Sex,Male,452
2023-03,Bipolar Disorders,Total,All,487
2023-02,Bipolar Disorders,Age,12-17 years,273
2023-02,Bipolar Disorders,Age,18-34 years,654
2023-02,Bipolar Disorders,Age,35-64 years,735
2023-02,Bipolar Disorders,Age,65+ years,281
2023-02,Bipolar Disorders,Age,All,488
2023-02,Bipolar Disorders,RaceEthnicity,AI/AN,449
2023-02,Bipolar Disorders,RaceEthnicity,All,488
2023-02,Bipolar Disorders,RaceEthnicity,Asian,238
2023-02,Bipolar Disorders,RaceEthnicity,Black,433
2023-02,Bipolar Disorders,RaceEthnicity,Hispanic,300
2023-02,Bipolar Disorders,RaceEthnicity,Multiple/Other,324
2023-02,Bipolar Disorders,RaceEthnicity,NHOPI,264
2023-02,Bipolar Disorders,RaceEthnicity,White,596
2023-02,Bipolar Disorders,Sex,All,488
2023-02,Bipolar Disorders,Sex,Female,518
2023-02,Bipolar Disorders,Sex,Male,455
2023-02,Bipolar Disorders,Total,All,488
2023-01,Bipolar Disorders,Age,12-17 years,265
2023-01,Bipolar Disorders,Age,18-34 years,664
2023-01,Bipolar Disorders,Age,35-64 years,730
2023-01,Bipolar Disorders,Age,65+ years,273
2023-01,Bipolar Disorders,Age,All,495
2023-01,Bipolar Disorders,RaceEthnicity,AI/AN,464
2023-01,Bipolar Disorders,RaceEthnicity,All,495
2023-01,Bipolar Disorders,RaceEthnicity,Asian,267
2023-01,Bipolar Disorders,RaceEthnicity,Black,432
2023-01,Bipolar Disorders,RaceEthnicity,Hispanic,311
2023-01,Bipolar Disorders,RaceEthnicity,Multiple/Other,327
2023-01,Bipolar Disorders,RaceEthnicity,NHOPI,285
2023-01,Bipolar Disorders,RaceEthnicity,White,602
2023-01,Bipolar Disorders,Sex,All,495
2023-01,Bipolar Disorders,Sex,Female,522
2023-01,Bipolar Disorders,Sex,Male,464
2023-01,Bipolar Disorders,Total,All,495
2022-12,Bipolar Disorders,Age,12-17 years,213
2022-12,Bipolar Disorders,Age,18-34 years,602
2022-12,Bipolar Disorders,Age,35-64 years,689
2022-12,Bipolar Disorders,Age,65+ years,261
2022-12,Bipolar Disorders,Age,All,444
2022-12,Bipolar Disorders,RaceEthnicity,AI/AN,420
2022-12,Bipolar Disorders,RaceEthnicity,All,444
2022-12,Bipolar Disorders,RaceEthnicity,Asian,242
2022-12,Bipolar Disorders,RaceEthnicity,Black,402
2022-12,Bipolar Disorders,RaceEthnicity,Hispanic,265
2022-12,Bipolar Disorders,RaceEthnicity,Multiple/Other,291
2022-12,Bipolar Disorders,RaceEthnicity,NHOPI,286
2022-12,Bipolar Disorders,RaceEthnicity,White,542
2022-12,Bipolar Disorders,Sex,All,444
2022-12,Bipolar Disorders,Sex,Female,467
2022-12,Bipolar Disorders,Sex,Male,419
2022-12,Bipolar Disorders,Total,All,444
2022-11,Bipolar Disorders,Age,12-17 years,207
2022-11,Bipolar Disorders,Age,18-34 years,591
2022-11,Bipolar Disorders,Age,35-64 years,697
2022-11,Bipolar Disorders,Age,65+ years,257
2022-11,Bipolar Disorders,Age,All,429
2022-11,Bipolar Disorders,RaceEthnicity,AI/AN,365
2022-11,Bipolar Disorders,RaceEthnicity,All,429
2022-11,Bipolar Disorders,RaceEthnicity,Asian,238
2022-11,Bipolar Disorders,RaceEthnicity,Black,374
2022-11,Bipolar Disorders,RaceEthnicity,Hispanic,249
2022-11,Bipolar Disorders,RaceEthnicity,Multiple/Other,259
2022-11,Bipolar Disorders,RaceEthnicity,NHOPI,209
2022-11,Bipolar Disorders,RaceEthnicity,White,540
2022-11,Bipolar Disorders,Sex,All,429
2022-11,Bipolar Disorders,Sex,Female,452
2022-11,Bipolar Disorders,Sex,Male,403
2022-11,Bipolar Disorders,Total,All,429
2022-10,Bipolar Disorders,Age,12-17 years,222
2022-10,Bipolar Disorders,Age,18-34 years,626
2022-10,Bipolar Disorders,Age,35-64 years,722
2022-10,Bipolar Disorders,Age,65+ years,273
2022-10,Bipolar Disorders,Age,All,456
2022-10,Bipolar Disorders,RaceEthnicity,AI/AN,465
2022-10,Bipolar Disorders,RaceEthnicity,All,456
2022-10,Bipolar Disorders,RaceEthnicity,Asian,246
2022-10,Bipolar Disorders,RaceEthnicity,Black,397
2022-10,Bipolar Disorders,RaceEthnicity,Hispanic,273
2022-10,Bipolar Disorders,RaceEthnicity,Multiple/Other,314
2022-10,Bipolar Disorders,RaceEthnicity,NHOPI,263
2022-10,Bipolar Disorders,RaceEthnicity,White,564
2022-10,Bipolar Disorders,Sex,All,456
2022-10,Bipolar Disorders,Sex,Female,488
2022-10,Bipolar Disorders,Sex,Male,421
2022-10,Bipolar Disorders,Total,All,456
2022-09,Bipolar Disorders,Age,12-17 years,241
2022-09,Bipolar Disorders,Age,18-34 years,630
2022-09,Bipolar Disorders,Age,35-64 years,717
2022-09,Bipolar Disorders,Age,65+ years,270
2022-09,Bipolar Disorders,Age,All,469
2022-09,Bipolar Disorders,RaceEthnicity,AI/AN,429
2022-09,Bipolar Disorders,RaceEthnicity,All,469
2022-09,Bipolar Disorders,RaceEthnicity,Asian,258
2022-09,Bipolar Disorders,RaceEthnicity,Black,412
2022-09,Bipolar Disorders,RaceEthnicity,Hispanic,283
2022-09,Bipolar Disorders,RaceEthnicity,Multiple/Other,322
2022-09,Bipolar Disorders,RaceEthnicity,NHOPI,241
2022-09,Bipolar Disorders,RaceEthnicity,White,581
2022-09,Bipolar Disorders,Sex,All,469
2022-09,Bipolar Disorders,Sex,Female,502
2022-09,Bipolar Disorders,Sex,Male,432
2022-09,Bipolar Disorders,Total,All,469
2022-08,Bipolar Disorders,Age,12-17 years,246
2022-08,Bipolar Disorders,Age,18-34 years,638
2022-08,Bipolar Disorders,Age,35-64 years,725
2022-08,Bipolar Disorders,Age,65+ years,266
2022-08,Bipolar Disorders,Age,All,489
2022-08,Bipolar Disorders,RaceEthnicity,AI/AN,432
2022-08,Bipolar Disorders,RaceEthnicity,All,489
2022-08,Bipolar Disorders,RaceEthnicity,Asian,254
2022-08,Bipolar Disorders,RaceEthnicity,Black,419
2022-08,Bipolar Disorders,RaceEthnicity,Hispanic,318
2022-08,Bipolar Disorders,RaceEthnicity,Multiple/Other,344
2022-08,Bipolar Disorders,RaceEthnicity,NHOPI,299
2022-08,Bipolar Disorders,RaceEthnicity,White,598
2022-08,Bipolar Disorders,Sex,All,489
2022-08,Bipolar Disorders,Sex,Female,520
2022-08,Bipolar Disorders,Sex,Male,454
2022-08,Bipolar Disorders,Total,All,489
2022-07,Bipolar Disorders,Age,12-17 years,272
2022-07,Bipolar Disorders,Age,18-34 years,641
2022-07,Bipolar Disorders,Age,35-64 years,736
2022-07,Bipolar Disorders,Age,65+ years,260
2022-07,Bipolar Disorders,Age,All,501
2022-07,Bipolar Disorders,RaceEthnicity,AI/AN,497
2022-07,Bipolar Disorders,RaceEthnicity,All,501
2022-07,Bipolar Disorders,RaceEthnicity,Asian,248
2022-07,Bipolar Disorders,RaceEthnicity,Black,443
2022-07,Bipolar Disorders,RaceEthnicity,Hispanic,334
2022-07,Bipolar Disorders,RaceEthnicity,Multiple/Other,332
2022-07,Bipolar Disorders,RaceEthnicity,NHOPI,270
2022-07,Bipolar Disorders,RaceEthnicity,White,605
2022-07,Bipolar Disorders,Sex,All,501
2022-07,Bipolar Disorders,Sex,Female,531
2022-07,Bipolar Disorders,Sex,Male,466
2022-07,Bipolar Disorders,Total,All,501
2022-06,Bipolar Disorders,Age,12-17 years,265
2022-06,Bipolar Disorders,Age,18-34 years,670
2022-06,Bipolar Disorders,Age,35-64 years,752
2022-06,Bipolar Disorders,Age,65+ years,268
2022-06,Bipolar Disorders,Age,All,508
2022-06,Bipolar Disorders,RaceEthnicity,AI/AN,493
2022-06,Bipolar Disorders,RaceEthnicity,All,508
2022-06,Bipolar Disorders,RaceEthnicity,Asian,210
2022-06,Bipolar Disorders,RaceEthnicity,Black,457
2022-06,Bipolar Disorders,RaceEthnicity,Hispanic,332
2022-06,Bipolar Disorders,RaceEthnicity,Multiple/Other,358
2022-06,Bipolar Disorders,RaceEthnicity,NHOPI,273
2022-06,Bipolar Disorders,RaceEthnicity,White,617
2022-06,Bipolar Disorders,Sex,All,508
2022-06,Bipolar Disorders,Sex,Female,535
2022-06,Bipolar Disorders,Sex,Male,474
2022-06,Bipolar Disorders,Total,All,508
2022-05,Bipolar Disorders,Age,12-17 years,275
2022-05,Bipolar Disorders,Age,18-34 years,682
2022-05,Bipolar Disorders,Age,35-64 years,769
2022-05,Bipolar Disorders,Age,65+ years,268
2022-05,Bipolar Disorders,Age,All,505
2022-05,Bipolar Disorders,RaceEthnicity,AI/AN,538
2022-05,Bipolar Disorders,RaceEthnicity,All,505
2022-05,Bipolar Disorders,RaceEthnicity,Asian,208
2022-05,Bipolar Disorders,RaceEthnicity,Black,453
2022-05,Bipolar Disorders,RaceEthnicity,Hispanic,327
2022-05,Bipolar Disorders,RaceEthnicity,Multiple/Other,353
2022-05,Bipolar Disorders,RaceEthnicity,NHOPI,278
2022-05,Bipolar Disorders,RaceEthnicity,White,618
2022-05,Bipolar Disorders,Sex,All,505
2022-05,Bipolar Disorders,Sex,Female,539
2022-05,Bipolar Disorders,Sex,Male,465
2022-05,Bipolar Disorders,Total,All,505
2022-04,Bipolar Disorders,Age,12-17 years,296
2022-04,Bipolar Disorders,Age,18-34 years,716
2022-04,Bipolar Disorders,Age,35-64 years,807
2022-04,Bipolar Disorders,Age,65+ years,279
2022-04,Bipolar Disorders,Age,All,534
2022-04,Bipolar Disorders,RaceEthnicity,AI/AN,505
2022-04,Bipolar Disorders,RaceEthnicity,All,534
2022-04,Bipolar Disorders,RaceEthnicity,Asian,232
2022-04,Bipolar Disorders,RaceEthnicity,Black,470
2022-04,Bipolar Disorders,RaceEthnicity,Hispanic,348
2022-04,Bipolar Disorders,RaceEthnicity,Multiple/Other,355
2022-04,Bipolar Disorders,RaceEthnicity,NHOPI,298
2022-04,Bipolar Disorders,RaceEthnicity,White,654
2022-04,Bipolar Disorders,Sex,All,534
2022-04,Bipolar Disorders,Sex,Female,567
2022-04,Bipolar Disorders,Sex,Male,500
2022-04,Bipolar Disorders,Total,All,534
2022-03,Bipolar Disorders,Age,12-17 years,309
2022-03,Bipolar Disorders,Age,18-34 years,739
2022-03,Bipolar Disorders,Age,35-64 years,821
2022-03,Bipolar Disorders,Age,65+ years,285
2022-03,Bipolar Disorders,Age,All,549
2022-03,Bipolar Disorders,RaceEthnicity,AI/AN,547
2022-03,Bipolar Disorders,RaceEthnicity,All,549
2022-03,Bipolar Disorders,RaceEthnicity,Asian,256
2022-03,Bipolar Disorders,RaceEthnicity,Black,497
2022-03,Bipolar Disorders,RaceEthnicity,Hispanic,358
2022-03,Bipolar Disorders,RaceEthnicity,Multiple/Other,373
2022-03,Bipolar Disorders,RaceEthnicity,NHOPI,373
2022-03,Bipolar Disorders,RaceEthnicity,White,665
2022-03,Bipolar Disorders,Sex,All,549
2022-03,Bipolar Disorders,Sex,Female,580
2022-03,Bipolar Disorders,Sex,Male,518
2022-03,Bipolar Disorders,Total,All,549
2022-02,Bipolar Disorders,Age,12-17 years,326
2022-02,Bipolar Disorders,Age,18-34 years,782
2022-02,Bipolar Disorders,Age,35-64 years,849
2022-02,Bipolar Disorders,Age,65+ years,289
2022-02,Bipolar Disorders,Age,All,579
2022-02,Bipolar Disorders,RaceEthnicity,AI/AN,664
2022-02,Bipolar Disorders,RaceEthnicity,All,579
2022-02,Bipolar Disorders,RaceEthnicity,Asian,259
2022-02,Bipolar Disorders,RaceEthnicity,Black,519
2022-02,Bipolar Disorders,RaceEthnicity,Hispanic,383
2022-02,Bipolar Disorders,RaceEthnicity,Multiple/Other,409
2022-02,Bipolar Disorders,RaceEthnicity,NHOPI,348
2022-02,Bipolar Disorders,RaceEthnicity,White,689
2022-02,Bipolar Disorders,Sex,All,579
2022-02,Bipolar Disorders,Sex,Female,616
2022-02,Bipolar Disorders,Sex,Male,541
2022-02,Bipolar Disorders,Total,All,579
2022-01,Bipolar Disorders,Age,12-17 years,290
2022-01,Bipolar Disorders,Age,18-34 years,657
2022-01,Bipolar Disorders,Age,35-64 years,745
2022-01,Bipolar Disorders,Age,65+ years,275
2022-01,Bipolar Disorders,Age,All,515
2022-01,Bipolar Disorders,RaceEthnicity,AI/AN,565
2022-01,Bipolar Disorders,RaceEthnicity,All,515
2022-01,Bipolar Disorders,RaceEthnicity,Asian,233
2022-01,Bipolar Disorders,RaceEthnicity,Black,448
2022-01,Bipolar Disorders,RaceEthnicity,Hispanic,346
2022-01,Bipolar Disorders,RaceEthnicity,Multiple/Other,354
2022-01,Bipolar Disorders,RaceEthnicity,NHOPI,246
2022-01,Bipolar Disorders,RaceEthnicity,White,625
2022-01,Bipolar Disorders,Sex,All,515
2022-01,Bipolar Disorders,Sex,Female,545
2022-01,Bipolar Disorders,Sex,Male,487
2022-01,Bipolar Disorders,Total,All,515
2021-12,Bipolar Disorders,Age,12-17 years,248
2021-12,Bipolar Disorders,Age,18-34 years,602
2021-12,Bipolar Disorders,Age,35-64 years,713
2021-12,Bipolar Disorders,Age,65+ years,266
2021-12,Bipolar Disorders,Age,All,475
2021-12,Bipolar Disorders,RaceEthnicity,AI/AN,578
2021-12,Bipolar Disorders,RaceEthnicity,All,475
2021-12,Bipolar Disorders,RaceEthnicity,Asian,202
2021-12,Bipolar Disorders,RaceEthnicity,Black,399
2021-12,Bipolar Disorders,RaceEthnicity,Hispanic,329
2021-12,Bipolar Disorders,RaceEthnicity,Multiple/Other,312
2021-12,Bipolar Disorders,RaceEthnicity,NHOPI,278
2021-12,Bipolar Disorders,RaceEthnicity,White,585
2021-12,Bipolar Disorders,Sex,All,475
2021-12,Bipolar Disorders,Sex,Female,503
2021-12,Bipolar Disorders,Sex,Male,449
2021-12,Bipolar Disorders,Total,All,475
2021-11,Bipolar Disorders,Age,12-17 years,285
2021-11,Bipolar Disorders,Age,18-34 years,693
2021-11,Bipolar Disorders,Age,35-64 years,783
2021-11,Bipolar Disorders,Age,65+ years,278
2021-11,Bipolar Disorders,Age,All,520
2021-11,Bipolar Disorders,RaceEthnicity,AI/AN,560
2021-11,Bipolar Disorders,RaceEthnicity,All,520
2021-11,Bipolar Disorders,RaceEthnicity,Asian,221
2021-11,Bipolar Disorders,RaceEthnicity,Black,450
2021-11,Bipolar Disorders,RaceEthnicity,Hispanic,367
2021-11,Bipolar Disorders,RaceEthnicity,Multiple/Other,363
2021-11,Bipolar Disorders,RaceEthnicity,NHOPI,201
2021-11,Bipolar Disorders,RaceEthnicity,White,626
2021-11,Bipolar Disorders,Sex,All,520
2021-11,Bipolar Disorders,Sex,Female,559
2021-11,Bipolar Disorders,Sex,Male,484
2021-11,Bipolar Disorders,Total,All,520
2021-10,Bipolar Disorders,Age,12-17 years,288
2021-10,Bipolar Disorders,Age,18-34 years,720
2021-10,Bipolar Disorders,Age,35-64 years,816
2021-10,Bipolar Disorders,Age,65+ years,279
2021-10,Bipolar Disorders,Age,All,542
2021-10,Bipolar Disorders,RaceEthnicity,AI/AN,644
2021-10,Bipolar Disorders,RaceEthnicity,All,542
2021-10,Bipolar Disorders,RaceEthnicity,Asian,233
2021-10,Bipolar Disorders,RaceEthnicity,Black,472
2021-10,Bipolar Disorders,RaceEthnicity,Hispanic,390
2021-10,Bipolar Disorders,RaceEthnicity,Multiple/Other,360
2021-10,Bipolar Disorders,RaceEthnicity,NHOPI,211
2021-10,Bipolar Disorders,RaceEthnicity,White,652
2021-10,Bipolar Disorders,Sex,All,542
2021-10,Bipolar Disorders,Sex,Female,586
2021-10,Bipolar Disorders,Sex,Male,501
2021-10,Bipolar Disorders,Total,All,542
2021-09,Bipolar Disorders,Age,12-17 years,272
2021-09,Bipolar Disorders,Age,18-34 years,688
2021-09,Bipolar Disorders,Age,35-64 years,793
2021-09,Bipolar Disorders,Age,65+ years,281
2021-09,Bipolar Disorders,Age,All,529
2021-09,Bipolar Disorders,RaceEthnicity,AI/AN,539
2021-09,Bipolar Disorders,RaceEthnicity,All,529
2021-09,Bipolar Disorders,RaceEthnicity,Asian,225
2021-09,Bipolar Disorders,RaceEthnicity,Black,458
2021-09,Bipolar Disorders,RaceEthnicity,Hispanic,360
2021-09,Bipolar Disorders,RaceEthnicity,Multiple/Other,341
2021-09,Bipolar Disorders,RaceEthnicity,NHOPI,210
2021-09,Bipolar Disorders,RaceEthnicity,White,647
2021-09,Bipolar Disorders,Sex,All,529
2021-09,Bipolar Disorders,Sex,Female,578
2021-09,Bipolar Disorders,Sex,Male,483
2021-09,Bipolar Disorders,Total,All,529
2021-08,Bipolar Disorders,Age,12-17 years,249
2021-08,Bipolar Disorders,Age,18-34 years,666
2021-08,Bipolar Disorders,Age,35-64 years,763
2021-08,Bipolar Disorders,Age,65+ years,281
2021-08,Bipolar Disorders,Age,All,522
2021-08,Bipolar Disorders,RaceEthnicity,AI/AN,573
2021-08,Bipolar Disorders,RaceEthnicity,All,522
2021-08,Bipolar Disorders,RaceEthnicity,Asian,238
2021-08,Bipolar Disorders,RaceEthnicity,Black,436
2021-08,Bipolar Disorders,RaceEthnicity,Hispanic,356
2021-08,Bipolar Disorders,RaceEthnicity,Multiple/Other,390
2021-08,Bipolar Disorders,RaceEthnicity,NHOPI,316
2021-08,Bipolar Disorders,RaceEthnicity,White,635
2021-08,Bipolar Disorders,Sex,All,522
2021-08,Bipolar Disorders,Sex,Female,569
2021-08,Bipolar Disorders,Sex,Male,478
2021-08,Bipolar Disorders,Total,All,522
2021-07,Bipolar Disorders,Age,12-17 years,294
2021-07,Bipolar Disorders,Age,18-34 years,715
2021-07,Bipolar Disorders,Age,35-64 years,822
2021-07,Bipolar Disorders,Age,65+ years,288
2021-07,Bipolar Disorders,Age,All,563
2021-07,Bipolar Disorders,RaceEthnicity,AI/AN,641
2021-07,Bipolar Disorders,RaceEthnicity,All,563
2021-07,Bipolar Disorders,RaceEthnicity,Asian,236
2021-07,Bipolar Disorders,RaceEthnicity,Black,464
2021-07,Bipolar Disorders,RaceEthnicity,Hispanic,393
2021-07,Bipolar Disorders,RaceEthnicity,Multiple/Other,441
2021-07,Bipolar Disorders,RaceEthnicity,NHOPI,268
2021-07,Bipolar Disorders,RaceEthnicity,White,681
2021-07,Bipolar Disorders,Sex,All,563
2021-07,Bipolar Disorders,Sex,Female,609
2021-07,Bipolar Disorders,Sex,Male,520
2021-07,Bipolar Disorders,Total,All,563
2021-06,Bipolar Disorders,Age,12-17 years,307
2021-06,Bipolar Disorders,Age,18-34 years,777
2021-06,Bipolar Disorders,Age,35-64 years,863
2021-06,Bipolar Disorders,Age,65+ years,296
2021-06,Bipolar Disorders,Age,All,596
2021-06,Bipolar Disorders,RaceEthnicity,AI/AN,572
2021-06,Bipolar Disorders,RaceEthnicity,All,596
2021-06,Bipolar Disorders,RaceEthnicity,Asian,241
2021-06,Bipolar Disorders,RaceEthnicity,Black,508
2021-06,Bipolar Disorders,RaceEthnicity,Hispanic,434
2021-06,Bipolar Disorders,RaceEthnicity,Multiple/Other,472
2021-06,Bipolar Disorders,RaceEthnicity,NHOPI,342
2021-06,Bipolar Disorders,RaceEthnicity,White,707
2021-06,Bipolar Disorders,Sex,All,596
2021-06,Bipolar Disorders,Sex,Female,645
2021-06,Bipolar Disorders,Sex,Male,551
2021-06,Bipolar Disorders,Total,All,596
2021-05,Bipolar Disorders,Age,12-17 years,336
2021-05,Bipolar Disorders,Age,18-34 years,796
2021-05,Bipolar Disorders,Age,35-64 years,893
2021-05,Bipolar Disorders,Age,65+ years,297
2021-05,Bipolar Disorders,Age,All,612
2021-05,Bipolar Disorders,RaceEthnicity,AI/AN,645
2021-05,Bipolar Disorders,RaceEthnicity,All,612
2021-05,Bipolar Disorders,RaceEthnicity,Asian,259
2021-05,Bipolar Disorders,RaceEthnicity,Black,521
2021-05,Bipolar Disorders,RaceEthnicity,Hispanic,454
2021-05,Bipolar Disorders,RaceEthnicity,Multiple/Other,474
2021-05,Bipolar Disorders,RaceEthnicity,NHOPI,312
2021-05,Bipolar Disorders,RaceEthnicity,White,722
2021-05,Bipolar Disorders,Sex,All,612
2021-05,Bipolar Disorders,Sex,Female,658
2021-05,Bipolar Disorders,Sex,Male,571
2021-05,Bipolar Disorders,Total,All,612
2021-04,Bipolar Disorders,Age,12-17 years,363
2021-04,Bipolar Disorders,Age,18-34 years,806
2021-04,Bipolar Disorders,Age,35-64 years,880
2021-04,Bipolar Disorders,Age,65+ years,291
2021-04,Bipolar Disorders,Age,All,616
2021-04,Bipolar Disorders,RaceEthnicity,AI/AN,708
2021-04,Bipolar Disorders,RaceEthnicity,All,616
2021-04,Bipolar Disorders,RaceEthnicity,Asian,247
2021-04,Bipolar Disorders,RaceEthnicity,Black,521
2021-04,Bipolar Disorders,RaceEthnicity,Hispanic,445
2021-04,Bipolar Disorders,RaceEthnicity,Multiple/Other,492
2021-04,Bipolar Disorders,RaceEthnicity,NHOPI,314
2021-04,Bipolar Disorders,RaceEthnicity,White,729
2021-04,Bipolar Disorders,Sex,All,616
2021-04,Bipolar Disorders,Sex,Female,661
2021-04,Bipolar Disorders,Sex,Male,576
2021-04,Bipolar Disorders,Total,All,616
2021-03,Bipolar Disorders,Age,12-17 years,389
2021-03,Bipolar Disorders,Age,18-34 years,876
2021-03,Bipolar Disorders,Age,35-64 years,966
2021-03,Bipolar Disorders,Age,65+ years,311
2021-03,Bipolar Disorders,Age,All,676
2021-03,Bipolar Disorders,RaceEthnicity,AI/AN,693
2021-03,Bipolar Disorders,RaceEthnicity,All,676
2021-03,Bipolar Disorders,RaceEthnicity,Asian,272
2021-03,Bipolar Disorders,RaceEthnicity,Black,585
2021-03,Bipolar Disorders,RaceEthnicity,Hispanic,502
2021-03,Bipolar Disorders,RaceEthnicity,Multiple/Other,517
2021-03,Bipolar Disorders,RaceEthnicity,NHOPI,355
2021-03,Bipolar Disorders,RaceEthnicity,White,795
2021-03,Bipolar Disorders,Sex,All,676
2021-03,Bipolar Disorders,Sex,Female,722
2021-03,Bipolar Disorders,Sex,Male,639
2021-03,Bipolar Disorders,Total,All,676
2021-02,Bipolar Disorders,Age,12-17 years,464
2021-02,Bipolar Disorders,Age,18-34 years,924
2021-02,Bipolar Disorders,Age,35-64 years,978
2021-02,Bipolar Disorders,Age,65+ years,319
2021-02,Bipolar Disorders,Age,All,708
2021-02,Bipolar Disorders,RaceEthnicity,AI/AN,784
2021-02,Bipolar Disorders,RaceEthnicity,All,708
2021-02,Bipolar Disorders,RaceEthnicity,Asian,314
2021-02,Bipolar Disorders,RaceEthnicity,Black,607
2021-02,Bipolar Disorders,RaceEthnicity,Hispanic,536
2021-02,Bipolar Disorders,RaceEthnicity,Multiple/Other,520
2021-02,Bipolar Disorders,RaceEthnicity,NHOPI,527
2021-02,Bipolar Disorders,RaceEthnicity,White,829
2021-02,Bipolar Disorders,Sex,All,708
2021-02,Bipolar Disorders,Sex,Female,753
2021-02,Bipolar Disorders,Sex,Male,669
2021-02,Bipolar Disorders,Total,All,708
2021-01,Bipolar Disorders,Age,12-17 years,428
2021-01,Bipolar Disorders,Age,18-34 years,866
2021-01,Bipolar Disorders,Age,35-64 years,945
2021-01,Bipolar Disorders,Age,65+ years,315
2021-01,Bipolar Disorders,Age,All,683
2021-01,Bipolar Disorders,RaceEthnicity,AI/AN,716
2021-01,Bipolar Disorders,RaceEthnicity,All,683
2021-01,Bipolar Disorders,RaceEthnicity,Asian,357
2021-01,Bipolar Disorders,RaceEthnicity,Black,601
2021-01,Bipolar Disorders,RaceEthnicity,Hispanic,541
2021-01,Bipolar Disorders,RaceEthnicity,Multiple/Other,520
2021-01,Bipolar Disorders,RaceEthnicity,NHOPI,408
2021-01,Bipolar Disorders,RaceEthnicity,White,804
2021-01,Bipolar Disorders,Sex,All,683
2021-01,Bipolar Disorders,Sex,Female,731
2021-01,Bipolar Disorders,Sex,Male,637
2021-01,Bipolar Disorders,Total,All,683
2020-12,Bipolar Disorders,Age,12-17 years,443
2020-12,Bipolar Disorders,Age,18-34 years,856
2020-12,Bipolar Disorders,Age,35-64 years,932
2020-12,Bipolar Disorders,Age,65+ years,310
2020-12,Bipolar Disorders,Age,All,674
2020-12,Bipolar Disorders,RaceEthnicity,AI/AN,773
2020-12,Bipolar Disorders,RaceEthnicity,All,674
2020-12,Bipolar Disorders,RaceEthnicity,Asian,347
2020-12,Bipolar Disorders,RaceEthnicity,Black,605
2020-12,Bipolar Disorders,RaceEthnicity,Hispanic,519
2020-12,Bipolar Disorders,RaceEthnicity,Multiple/Other,542
2020-12,Bipolar Disorders,RaceEthnicity,NHOPI,416
2020-12,Bipolar Disorders,RaceEthnicity,White,795
2020-12,Bipolar Disorders,Sex,All,674
2020-12,Bipolar Disorders,Sex,Female,713
2020-12,Bipolar Disorders,Sex,Male,637
2020-12,Bipolar Disorders,Total,All,674
2020-11,Bipolar Disorders,Age,12-17 years,436
2020-11,Bipolar Disorders,Age,18-34 years,855
2020-11,Bipolar Disorders,Age,35-64 years,953
2020-11,Bipolar Disorders,Age,65+ years,319
2020-11,Bipolar Disorders,Age,All,684
2020-11,Bipolar Disorders,RaceEthnicity,AI/AN,699
2020-11,Bipolar Disorders,RaceEthnicity,All,684
2020-11,Bipolar Disorders,RaceEthnicity,Asian,337
2020-11,Bipolar Disorders,RaceEthnicity,Black,613
2020-11,Bipolar Disorders,RaceEthnicity,Hispanic,522
2020-11,Bipolar Disorders,RaceEthnicity,Multiple/Other,561
2020-11,Bipolar Disorders,RaceEthnicity,NHOPI,429
2020-11,Bipolar Disorders,RaceEthnicity,White,809
2020-11,Bipolar Disorders,Sex,All,684
2020-11,Bipolar Disorders,Sex,Female,734
2020-11,Bipolar Disorders,Sex,Male,633
2020-11,Bipolar Disorders,Total,All,684
2020-10,Bipolar Disorders,Age,12-17 years,432
2020-10,Bipolar Disorders,Age,18-34 years,909
2020-10,Bipolar Disorders,Age,35-64 years,1025
2020-10,Bipolar Disorders,Age,65+ years,336
2020-10,Bipolar Disorders,Age,All,726
2020-10,Bipolar Disorders,RaceEthnicity,AI/AN,729
2020-10,Bipolar Disorders,RaceEthnicity,All,726
2020-10,Bipolar Disorders,RaceEthnicity,Asian,373
2020-10,Bipolar Disorders,RaceEthnicity,Black,667
2020-10,Bipolar Disorders,RaceEthnicity,Hispanic,538
2020-10,Bipolar Disorders,RaceEthnicity,Multiple/Other,536
2020-10,Bipolar Disorders,RaceEthnicity,NHOPI,376
2020-10,Bipolar Disorders,RaceEthnicity,White,872
2020-10,Bipolar Disorders,Sex,All,726
2020-10,Bipolar Disorders,Sex,Female,792
2020-10,Bipolar Disorders,Sex,Male,660
2020-10,Bipolar Disorders,Total,All,726
2020-09,Bipolar Disorders,Age,12-17 years,438
2020-09,Bipolar Disorders,Age,18-34 years,957
2020-09,Bipolar Disorders,Age,35-64 years,1104
2020-09,Bipolar Disorders,Age,65+ years,344
2020-09,Bipolar Disorders,Age,All,772
2020-09,Bipolar Disorders,RaceEthnicity,AI/AN,754
2020-09,Bipolar Disorders,RaceEthnicity,All,772
2020-09,Bipolar Disorders,RaceEthnicity,Asian,392
2020-09,Bipolar Disorders,RaceEthnicity,Black,719
2020-09,Bipolar Disorders,RaceEthnicity,Hispanic,556
2020-09,Bipolar Disorders,RaceEthnicity,Multiple/Other,575
2020-09,Bipolar Disorders,RaceEthnicity,NHOPI,485
2020-09,Bipolar Disorders,RaceEthnicity,White,927
2020-09,Bipolar Disorders,Sex,All,772
2020-09,Bipolar Disorders,Sex,Female,845
2020-09,Bipolar Disorders,Sex,Male,698
2020-09,Bipolar Disorders,Total,All,772
2020-08,Bipolar Disorders,Age,12-17 years,431
2020-08,Bipolar Disorders,Age,18-34 years,986
2020-08,Bipolar Disorders,Age,35-64 years,1128
2020-08,Bipolar Disorders,Age,65+ years,365
2020-08,Bipolar Disorders,Age,All,803
2020-08,Bipolar Disorders,RaceEthnicity,AI/AN,696
2020-08,Bipolar Disorders,RaceEthnicity,All,803
2020-08,Bipolar Disorders,RaceEthnicity,Asian,415
2020-08,Bipolar Disorders,RaceEthnicity,Black,749
2020-08,Bipolar Disorders,RaceEthnicity,Hispanic,567
2020-08,Bipolar Disorders,RaceEthnicity,Multiple/Other,565
2020-08,Bipolar Disorders,RaceEthnicity,NHOPI,403
2020-08,Bipolar Disorders,RaceEthnicity,White,964
2020-08,Bipolar Disorders,Sex,All,803
2020-08,Bipolar Disorders,Sex,Female,873
2020-08,Bipolar Disorders,Sex,Male,733
2020-08,Bipolar Disorders,Total,All,803
2020-07,Bipolar Disorders,Age,12-17 years,418
2020-07,Bipolar Disorders,Age,18-34 years,950
2020-07,Bipolar Disorders,Age,35-64 years,1083
2020-07,Bipolar Disorders,Age,65+ years,356
2020-07,Bipolar Disorders,Age,All,780
2020-07,Bipolar Disorders,RaceEthnicity,AI/AN,811
2020-07,Bipolar Disorders,RaceEthnicity,All,780
2020-07,Bipolar Disorders,RaceEthnicity,Asian,352
2020-07,Bipolar Disorders,RaceEthnicity,Black,712
2020-07,Bipolar Disorders,RaceEthnicity,Hispanic,516
2020-07,Bipolar Disorders,RaceEthnicity,Multiple/Other,594
2020-07,Bipolar Disorders,RaceEthnicity,NHOPI,493
2020-07,Bipolar Disorders,RaceEthnicity,White,945
2020-07,Bipolar Disorders,Sex,All,780
2020-07,Bipolar Disorders,Sex,Female,845
2020-07,Bipolar Disorders,Sex,Male,714
2020-07,Bipolar Disorders,Total,All,780
2020-06,Bipolar Disorders,Age,12-17 years,456
2020-06,Bipolar Disorders,Age,18-34 years,982
2020-06,Bipolar Disorders,Age,35-64 years,1137
2020-06,Bipolar Disorders,Age,65+ years,353
2020-06,Bipolar Disorders,Age,All,808
2020-06,Bipolar Disorders,RaceEthnicity,AI/AN,624
2020-06,Bipolar Disorders,RaceEthnicity,All,808
2020-06,Bipolar Disorders,RaceEthnicity,Asian,353
2020-06,Bipolar Disorders,RaceEthnicity,Black,737
2020-06,Bipolar Disorders,RaceEthnicity,Hispanic,549
2020-06,Bipolar Disorders,RaceEthnicity,Multiple/Other,578
2020-06,Bipolar Disorders,RaceEthnicity,NHOPI,398
2020-06,Bipolar Disorders,RaceEthnicity,White,963
2020-06,Bipolar Disorders,Sex,All,808
2020-06,Bipolar Disorders,Sex,Female,879
2020-06,Bipolar Disorders,Sex,Male,738
2020-06,Bipolar Disorders,Total,All,808
2020-05,Bipolar Disorders,Age,12-17 years,551
2020-05,Bipolar Disorders,Age,18-34 years,1106
2020-05,Bipolar Disorders,Age,35-64 years,1198
2020-05,Bipolar Disorders,Age,65+ years,378
2020-05,Bipolar Disorders,Age,All,875
2020-05,Bipolar Disorders,RaceEthnicity,AI/AN,640
2020-05,Bipolar Disorders,RaceEthnicity,All,875
2020-05,Bipolar Disorders,RaceEthnicity,Asian,363
2020-05,Bipolar Disorders,RaceEthnicity,Black,798
2020-05,Bipolar Disorders,RaceEthnicity,Hispanic,604
2020-05,Bipolar Disorders,RaceEthnicity,Multiple/Other,597
2020-05,Bipolar Disorders,RaceEthnicity,NHOPI,361
2020-05,Bipolar Disorders,RaceEthnicity,White,1019
2020-05,Bipolar Disorders,Sex,All,875
2020-05,Bipolar Disorders,Sex,Female,954
2020-05,Bipolar Disorders,Sex,Male,795
2020-05,Bipolar Disorders,Total,All,875
2020-04,Bipolar Disorders,Age,12-17 years,637
2020-04,Bipolar Disorders,Age,18-34 years,1106
2020-04,Bipolar Disorders,Age,35-64 years,1185
2020-04,Bipolar Disorders,Age,65+ years,389
2020-04,Bipolar Disorders,Age,All,886
2020-04,Bipolar Disorders,RaceEthnicity,AI/AN,726
2020-04,Bipolar Disorders,RaceEthnicity,All,886
2020-04,Bipolar Disorders,RaceEthnicity,Asian,341
2020-04,Bipolar Disorders,RaceEthnicity,Black,826
2020-04,Bipolar Disorders,RaceEthnicity,Hispanic,583
2020-04,Bipolar Disorders,RaceEthnicity,Multiple/Other,605
2020-04,Bipolar Disorders,RaceEthnicity,NHOPI,502
2020-04,Bipolar Disorders,RaceEthnicity,White,1045
2020-04,Bipolar Disorders,Sex,All,886
2020-04,Bipolar Disorders,Sex,Female,960
2020-04,Bipolar Disorders,Sex,Male,813
2020-04,Bipolar Disorders,Total,All,886
2020-03,Bipolar Disorders,Age,12-17 years,390
2020-03,Bipolar Disorders,Age,18-34 years,847
2020-03,Bipolar Disorders,Age,35-64 years,1021
2020-03,Bipolar Disorders,Age,65+ years,328
2020-03,Bipolar Disorders,Age,All,692
2020-03,Bipolar Disorders,RaceEthnicity,AI/AN,544
2020-03,Bipolar Disorders,RaceEthnicity,All,692
2020-03,Bipolar Disorders,RaceEthnicity,Asian,266
2020-03,Bipolar Disorders,RaceEthnicity,Black,603
2020-03,Bipolar Disorders,RaceEthnicity,Hispanic,429
2020-03,Bipolar Disorders,RaceEthnicity,Multiple/Other,447
2020-03,Bipolar Disorders,RaceEthnicity,NHOPI,291
2020-03,Bipolar Disorders,RaceEthnicity,White,862
2020-03,Bipolar Disorders,Sex,All,692
2020-03,Bipolar Disorders,Sex,Female,752
2020-03,Bipolar Disorders,Sex,Male,631
2020-03,Bipolar Disorders,Total,All,692
2020-02,Bipolar Disorders,Age,12-17 years,341
2020-02,Bipolar Disorders,Age,18-34 years,827
2020-02,Bipolar Disorders,Age,35-64 years,973
2020-02,Bipolar Disorders,Age,65+ years,310
2020-02,Bipolar Disorders,Age,All,627
2020-02,Bipolar Disorders,RaceEthnicity,AI/AN,496
2020-02,Bipolar Disorders,RaceEthnicity,All,627
2020-02,Bipolar Disorders,RaceEthnicity,Asian,235
2020-02,Bipolar Disorders,RaceEthnicity,Black,560
2020-02,Bipolar Disorders,RaceEthnicity,Hispanic,388
2020-02,Bipolar Disorders,RaceEthnicity,Multiple/Other,404
2020-02,Bipolar Disorders,RaceEthnicity,NHOPI,322
2020-02,Bipolar Disorders,RaceEthnicity,White,777
2020-02,Bipolar Disorders,Sex,All,627
2020-02,Bipolar Disorders,Sex,Female,677
2020-02,Bipolar Disorders,Sex,Male,576
2020-02,Bipolar Disorders,Total,All,627
2020-01,Bipolar Disorders,Age,12-17 years,324
2020-01,Bipolar Disorders,Age,18-34 years,815
2020-01,Bipolar Disorders,Age,35-64 years,968
2020-01,Bipolar Disorders,Age,65+ years,305
2020-01,Bipolar Disorders,Age,All,622
2020-01,Bipolar Disorders,RaceEthnicity,AI/AN,509
2020-01,Bipolar Disorders,RaceEthnicity,All,622
2020-01,Bipolar Disorders,RaceEthnicity,Asian,252
2020-01,Bipolar Disorders,RaceEthnicity,Black,556
2020-01,Bipolar Disorders,RaceEthnicity,Hispanic,385
2020-01,Bipolar Disorders,RaceEthnicity,Multiple/Other,403
2020-01,Bipolar Disorders,RaceEthnicity,NHOPI,278
2020-01,Bipolar Disorders,RaceEthnicity,White,780
2020-01,Bipolar Disorders,Sex,All,622
2020-01,Bipolar Disorders,Sex,Female,668
2020-01,Bipolar Disorders,Sex,Male,575
2020-01,Bipolar Disorders,Total,All,622
2019-12,Bipolar Disorders,Age,12-17 years,330
2019-12,Bipolar Disorders,Age,18-34 years,779
2019-12,Bipolar Disorders,Age,35-64 years,946
2019-12,Bipolar Disorders,Age,65+ years,295
2019-12,Bipolar Disorders,Age,All,592
2019-12,Bipolar Disorders,RaceEthnicity,AI/AN,370
2019-12,Bipolar Disorders,RaceEthnicity,All,592
2019-12,Bipolar Disorders,RaceEthnicity,Asian,228
2019-12,Bipolar Disorders,RaceEthnicity,Black,529
2019-12,Bipolar Disorders,RaceEthnicity,Hispanic,397
2019-12,Bipolar Disorders,RaceEthnicity,Multiple/Other,360
2019-12,Bipolar Disorders,RaceEthnicity,NHOPI,336
2019-12,Bipolar Disorders,RaceEthnicity,White,735
2019-12,Bipolar Disorders,Sex,All,592
2019-12,Bipolar Disorders,Sex,Female,637
2019-12,Bipolar Disorders,Sex,Male,549
2019-12,Bipolar Disorders,Total,All,592
2019-11,Bipolar Disorders,Age,12-17 years,348
2019-11,Bipolar Disorders,Age,18-34 years,824
2019-11,Bipolar Disorders,Age,35-64 years,971
2019-11,Bipolar Disorders,Age,65+ years,286
2019-11,Bipolar Disorders,Age,All,617
2019-11,Bipolar Disorders,RaceEthnicity,AI/AN,524
2019-11,Bipolar Disorders,RaceEthnicity,All,617
2019-11,Bipolar Disorders,RaceEthnicity,Asian,239
2019-11,Bipolar Disorders,RaceEthnicity,Black,567
2019-11,Bipolar Disorders,RaceEthnicity,Hispanic,404
2019-11,Bipolar Disorders,RaceEthnicity,Multiple/Other,396
2019-11,Bipolar Disorders,RaceEthnicity,NHOPI,271
2019-11,Bipolar Disorders,RaceEthnicity,White,747
2019-11,Bipolar Disorders,Sex,All,617
2019-11,Bipolar Disorders,Sex,Female,667
2019-11,Bipolar Disorders,Sex,Male,571
2019-11,Bipolar Disorders,Total,All,617
2019-10,Bipolar Disorders,Age,12-17 years,348
2019-10,Bipolar Disorders,Age,18-34 years,829
2019-10,Bipolar Disorders,Age,35-64 years,988
2019-10,Bipolar Disorders,Age,65+ years,300
2019-10,Bipolar Disorders,Age,All,643
2019-10,Bipolar Disorders,RaceEthnicity,AI/AN,506
2019-10,Bipolar Disorders,RaceEthnicity,All,643
2019-10,Bipolar Disorders,RaceEthnicity,Asian,237
2019-10,Bipolar Disorders,RaceEthnicity,Black,577
2019-10,Bipolar Disorders,RaceEthnicity,Hispanic,424
2019-10,Bipolar Disorders,RaceEthnicity,Multiple/Other,424
2019-10,Bipolar Disorders,RaceEthnicity,NHOPI,443
2019-10,Bipolar Disorders,RaceEthnicity,White,788
2019-10,Bipolar Disorders,Sex,All,643
2019-10,Bipolar Disorders,Sex,Female,698
2019-10,Bipolar Disorders,Sex,Male,593
2019-10,Bipolar Disorders,Total,All,643
2019-09,Bipolar Disorders,Age,12-17 years,310
2019-09,Bipolar Disorders,Age,18-34 years,817
2019-09,Bipolar Disorders,Age,35-64 years,970
2019-09,Bipolar Disorders,Age,65+ years,302
2019-09,Bipolar Disorders,Age,All,638
2019-09,Bipolar Disorders,RaceEthnicity,AI/AN,486
2019-09,Bipolar Disorders,RaceEthnicity,All,638
2019-09,Bipolar Disorders,RaceEthnicity,Asian,234
2019-09,Bipolar Disorders,RaceEthnicity,Black,574
2019-09,Bipolar Disorders,RaceEthnicity,Hispanic,407
2019-09,Bipolar Disorders,RaceEthnicity,Multiple/Other,415
2019-09,Bipolar Disorders,RaceEthnicity,NHOPI,285
2019-09,Bipolar Disorders,RaceEthnicity,White,781
2019-09,Bipolar Disorders,Sex,All,638
2019-09,Bipolar Disorders,Sex,Female,690
2019-09,Bipolar Disorders,Sex,Male,590
2019-09,Bipolar Disorders,Total,All,638
2019-08,Bipolar Disorders,Age,12-17 years,333
2019-08,Bipolar Disorders,Age,18-34 years,852
2019-08,Bipolar Disorders,Age,35-64 years,985
2019-08,Bipolar Disorders,Age,65+ years,306
2019-08,Bipolar Disorders,Age,All,667
2019-08,Bipolar Disorders,RaceEthnicity,AI/AN,513
2019-08,Bipolar Disorders,RaceEthnicity,All,667
2019-08,Bipolar Disorders,RaceEthnicity,Asian,246
2019-08,Bipolar Disorders,RaceEthnicity,Black,611
2019-08,Bipolar Disorders,RaceEthnicity,Hispanic,444
2019-08,Bipolar Disorders,RaceEthnicity,Multiple/Other,455
2019-08,Bipolar Disorders,RaceEthnicity,NHOPI,349
2019-08,Bipolar Disorders,RaceEthnicity,White,800
2019-08,Bipolar Disorders,Sex,All,667
2019-08,Bipolar Disorders,Sex,Female,719
2019-08,Bipolar Disorders,Sex,Male,622
2019-08,Bipolar Disorders,Total,All,667
2019-07,Bipolar Disorders,Age,12-17 years,358
2019-07,Bipolar Disorders,Age,18-34 years,813
2019-07,Bipolar Disorders,Age,35-64 years,948
2019-07,Bipolar Disorders,Age,65+ years,292
2019-07,Bipolar Disorders,Age,All,647
2019-07,Bipolar Disorders,RaceEthnicity,AI/AN,503
2019-07,Bipolar Disorders,RaceEthnicity,All,647
2019-07,Bipolar Disorders,RaceEthnicity,Asian,258
2019-07,Bipolar Disorders,RaceEthnicity,Black,602
2019-07,Bipolar Disorders,RaceEthnicity,Hispanic,408
2019-07,Bipolar Disorders,RaceEthnicity,Multiple/Other,421
2019-07,Bipolar Disorders,RaceEthnicity,NHOPI,323
2019-07,Bipolar Disorders,RaceEthnicity,White,778
2019-07,Bipolar Disorders,Sex,All,647
2019-07,Bipolar Disorders,Sex,Female,700
2019-07,Bipolar Disorders,Sex,Male,597
2019-07,Bipolar Disorders,Total,All,647
2019-06,Bipolar Disorders,Age,12-17 years,333
2019-06,Bipolar Disorders,Age,18-34 years,797
2019-06,Bipolar Disorders,Age,35-64 years,948
2019-06,Bipolar Disorders,Age,65+ years,282
2019-06,Bipolar Disorders,Age,All,631
2019-06,Bipolar Disorders,RaceEthnicity,AI/AN,482
2019-06,Bipolar Disorders,RaceEthnicity,All,631
2019-06,Bipolar Disorders,RaceEthnicity,Asian,244
2019-06,Bipolar Disorders,RaceEthnicity,Black,587
2019-06,Bipolar Disorders,RaceEthnicity,Hispanic,411
2019-06,Bipolar Disorders,RaceEthnicity,Multiple/Other,419
2019-06,Bipolar Disorders,RaceEthnicity,NHOPI,271
2019-06,Bipolar Disorders,RaceEthnicity,White,756
2019-06,Bipolar Disorders,Sex,All,631
2019-06,Bipolar Disorders,Sex,Female,679
2019-06,Bipolar Disorders,Sex,Male,586
2019-06,Bipolar Disorders,Total,All,631
2019-05,Bipolar Disorders,Age,12-17 years,329
2019-05,Bipolar Disorders,Age,18-34 years,795
2019-05,Bipolar Disorders,Age,35-64 years,938
2019-05,Bipolar Disorders,Age,65+ years,283
2019-05,Bipolar Disorders,Age,All,614
2019-05,Bipolar Disorders,RaceEthnicity,AI/AN,581
2019-05,Bipolar Disorders,RaceEthnicity,All,614
2019-05,Bipolar Disorders,RaceEthnicity,Asian,234
2019-05,Bipolar Disorders,RaceEthnicity,Black,550
2019-05,Bipolar Disorders,RaceEthnicity,Hispanic,384
2019-05,Bipolar Disorders,RaceEthnicity,Multiple/Other,397
2019-05,Bipolar Disorders,RaceEthnicity,NHOPI,311
2019-05,Bipolar Disorders,RaceEthnicity,White,747
2019-05,Bipolar Disorders,Sex,All,614
2019-05,Bipolar Disorders,Sex,Female,661
2019-05,Bipolar Disorders,Sex,Male,569
2019-05,Bipolar Disorders,Total,All,614
2019-04,Bipolar Disorders,Age,12-17 years,339
2019-04,Bipolar Disorders,Age,18-34 years,805
2019-04,Bipolar Disorders,Age,35-64 years,949
2019-04,Bipolar Disorders,Age,65+ years,279
2019-04,Bipolar Disorders,Age,All,616
2019-04,Bipolar Disorders,RaceEthnicity,AI/AN,546
2019-04,Bipolar Disorders,RaceEthnicity,All,616
2019-04,Bipolar Disorders,RaceEthnicity,Asian,231
2019-04,Bipolar Disorders,RaceEthnicity,Black,568
2019-04,Bipolar Disorders,RaceEthnicity,Hispanic,377
2019-04,Bipolar Disorders,RaceEthnicity,Multiple/Other,399
2019-04,Bipolar Disorders,RaceEthnicity,NHOPI,181
2019-04,Bipolar Disorders,RaceEthnicity,White,747
2019-04,Bipolar Disorders,Sex,All,616
2019-04,Bipolar Disorders,Sex,Female,657
2019-04,Bipolar Disorders,Sex,Male,570
2019-04,Bipolar Disorders,Total,All,616
2019-03,Bipolar Disorders,Age,12-17 years,312
2019-03,Bipolar Disorders,Age,18-34 years,775
2019-03,Bipolar Disorders,Age,35-64 years,911
2019-03,Bipolar Disorders,Age,65+ years,265
2019-03,Bipolar Disorders,Age,All,585
2019-03,Bipolar Disorders,RaceEthnicity,AI/AN,531
2019-03,Bipolar Disorders,RaceEthnicity,All,585
2019-03,Bipolar Disorders,RaceEthnicity,Asian,231
2019-03,Bipolar Disorders,RaceEthnicity,Black,526
2019-03,Bipolar Disorders,RaceEthnicity,Hispanic,327
2019-03,Bipolar Disorders,RaceEthnicity,Multiple/Other,376
2019-03,Bipolar Disorders,RaceEthnicity,NHOPI,185
2019-03,Bipolar Disorders,RaceEthnicity,White,714
2019-03,Bipolar Disorders,Sex,All,585
2019-03,Bipolar Disorders,Sex,Female,620
2019-03,Bipolar Disorders,Sex,Male,544
2019-03,Bipolar Disorders,Total,All,585
2019-02,Bipolar Disorders,Age,12-17 years,311
2019-02,Bipolar Disorders,Age,18-34 years,760
2019-02,Bipolar Disorders,Age,35-64 years,877
2019-02,Bipolar Disorders,Age,65+ years,261
2019-02,Bipolar Disorders,Age,All,568
2019-02,Bipolar Disorders,RaceEthnicity,AI/AN,473
2019-02,Bipolar Disorders,RaceEthnicity,All,568
2019-02,Bipolar Disorders,RaceEthnicity,Asian,230
2019-02,Bipolar Disorders,RaceEthnicity,Black,520
2019-02,Bipolar Disorders,RaceEthnicity,Hispanic,321
2019-02,Bipolar Disorders,RaceEthnicity,Multiple/Other,361
2019-02,Bipolar Disorders,RaceEthnicity,NHOPI,177
2019-02,Bipolar Disorders,RaceEthnicity,White,697
2019-02,Bipolar Disorders,Sex,All,568
2019-02,Bipolar Disorders,Sex,Female,605
2019-02,Bipolar Disorders,Sex,Male,524
2019-02,Bipolar Disorders,Total,All,568
2019-01,Bipolar Disorders,Age,12-17 years,316
2019-01,Bipolar Disorders,Age,18-34 years,721
2019-01,Bipolar Disorders,Age,35-64 years,853
2019-01,Bipolar Disorders,Age,65+ years,259
2019-01,Bipolar Disorders,Age,All,557
2019-01,Bipolar Disorders,RaceEthnicity,AI/AN,427
2019-01,Bipolar Disorders,RaceEthnicity,All,557
2019-01,Bipolar Disorders,RaceEthnicity,Asian,204
2019-01,Bipolar Disorders,RaceEthnicity,Black,513
2019-01,Bipolar Disorders,RaceEthnicity,Hispanic,345
2019-01,Bipolar Disorders,RaceEthnicity,Multiple/Other,374
2019-01,Bipolar Disorders,RaceEthnicity,NHOPI,200
2019-01,Bipolar Disorders,RaceEthnicity,White,675
2019-01,Bipolar Disorders,Sex,All,557
2019-01,Bipolar Disorders,Sex,Female,586
2019-01,Bipolar Disorders,Sex,Male,524
2019-01,Bipolar Disorders,Total,All,557
2026-05,Depressive Disorders,Age,12-17 years,2542
2026-05,Depressive Disorders,Age,18-34 years,1432
2026-05,Depressive Disorders,Age,35-64 years,1703
2026-05,Depressive Disorders,Age,65+ years,2139
2026-05,Depressive Disorders,Age,All,1619
2026-05,Depressive Disorders,RaceEthnicity,AI/AN,1663
2026-05,Depressive Disorders,RaceEthnicity,All,1619
2026-05,Depressive Disorders,RaceEthnicity,Asian,959
2026-05,Depressive Disorders,RaceEthnicity,Black,1087
2026-05,Depressive Disorders,RaceEthnicity,Hispanic,1133
2026-05,Depressive Disorders,RaceEthnicity,Multiple/Other,1207
2026-05,Depressive Disorders,RaceEthnicity,NHOPI,809
2026-05,Depressive Disorders,RaceEthnicity,White,2076
2026-05,Depressive Disorders,Sex,All,1619
2026-05,Depressive Disorders,Sex,Female,1825
2026-05,Depressive Disorders,Sex,Male,1368
2026-05,Depressive Disorders,Total,All,1619
2026-04,Depressive Disorders,Age,12-17 years,2676
2026-04,Depressive Disorders,Age,18-34 years,1441
2026-04,Depressive Disorders,Age,35-64 years,1738
2026-04,Depressive Disorders,Age,65+ years,2223
2026-04,Depressive Disorders,Age,All,1660
2026-04,Depressive Disorders,RaceEthnicity,AI/AN,1778
2026-04,Depressive Disorders,RaceEthnicity,All,1660
2026-04,Depressive Disorders,RaceEthnicity,Asian,992
2026-04,Depressive Disorders,RaceEthnicity,Black,1091
2026-04,Depressive Disorders,RaceEthnicity,Hispanic,1148
2026-04,Depressive Disorders,RaceEthnicity,Multiple/Other,1192
2026-04,Depressive Disorders,RaceEthnicity,NHOPI,851
2026-04,Depressive Disorders,RaceEthnicity,White,2142
2026-04,Depressive Disorders,Sex,All,1660
2026-04,Depressive Disorders,Sex,Female,1860
2026-04,Depressive Disorders,Sex,Male,1412
2026-04,Depressive Disorders,Total,All,1660
2026-03,Depressive Disorders,Age,12-17 years,2598
2026-03,Depressive Disorders,Age,18-34 years,1422
2026-03,Depressive Disorders,Age,35-64 years,1702
2026-03,Depressive Disorders,Age,65+ years,2195
2026-03,Depressive Disorders,Age,All,1614
2026-03,Depressive Disorders,RaceEthnicity,AI/AN,1703
2026-03,Depressive Disorders,RaceEthnicity,All,1614
2026-03,Depressive Disorders,RaceEthnicity,Asian,940
2026-03,Depressive Disorders,RaceEthnicity,Black,1068
2026-03,Depressive Disorders,RaceEthnicity,Hispanic,1120
2026-03,Depressive Disorders,RaceEthnicity,Multiple/Other,1150
2026-03,Depressive Disorders,RaceEthnicity,NHOPI,855
2026-03,Depressive Disorders,RaceEthnicity,White,2080
2026-03,Depressive Disorders,Sex,All,1614
2026-03,Depressive Disorders,Sex,Female,1800
2026-03,Depressive Disorders,Sex,Male,1384
2026-03,Depressive Disorders,Total,All,1614
2026-02,Depressive Disorders,Age,12-17 years,2551
2026-02,Depressive Disorders,Age,18-34 years,1433
2026-02,Depressive Disorders,Age,35-64 years,1678
2026-02,Depressive Disorders,Age,65+ years,2212
2026-02,Depressive Disorders,Age,All,1610
2026-02,Depressive Disorders,RaceEthnicity,AI/AN,1752
2026-02,Depressive Disorders,RaceEthnicity,All,1610
2026-02,Depressive Disorders,RaceEthnicity,Asian,916
2026-02,Depressive Disorders,RaceEthnicity,Black,1081
2026-02,Depressive Disorders,RaceEthnicity,Hispanic,1089
2026-02,Depressive Disorders,RaceEthnicity,Multiple/Other,1120
2026-02,Depressive Disorders,RaceEthnicity,NHOPI,759
2026-02,Depressive Disorders,RaceEthnicity,White,2084
2026-02,Depressive Disorders,Sex,All,1610
2026-02,Depressive Disorders,Sex,Female,1789
2026-02,Depressive Disorders,Sex,Male,1390
2026-02,Depressive Disorders,Total,All,1610
2026-01,Depressive Disorders,Age,12-17 years,2526
2026-01,Depressive Disorders,Age,18-34 years,1362
2026-01,Depressive Disorders,Age,35-64 years,1667
2026-01,Depressive Disorders,Age,65+ years,2173
2026-01,Depressive Disorders,Age,All,1587
2026-01,Depressive Disorders,RaceEthnicity,AI/AN,1686
2026-01,Depressive Disorders,RaceEthnicity,All,1587
2026-01,Depressive Disorders,RaceEthnicity,Asian,926
2026-01,Depressive Disorders,RaceEthnicity,Black,1058
2026-01,Depressive Disorders,RaceEthnicity,Hispanic,1079
2026-01,Depressive Disorders,RaceEthnicity,Multiple/Other,1090
2026-01,Depressive Disorders,RaceEthnicity,NHOPI,817
2026-01,Depressive Disorders,RaceEthnicity,White,2052
2026-01,Depressive Disorders,Sex,All,1587
2026-01,Depressive Disorders,Sex,Female,1757
2026-01,Depressive Disorders,Sex,Male,1376
2026-01,Depressive Disorders,Total,All,1587
2025-12,Depressive Disorders,Age,12-17 years,2117
2025-12,Depressive Disorders,Age,18-34 years,1290
2025-12,Depressive Disorders,Age,35-64 years,1612
2025-12,Depressive Disorders,Age,65+ years,2073
2025-12,Depressive Disorders,Age,All,1484
2025-12,Depressive Disorders,RaceEthnicity,AI/AN,1593
2025-12,Depressive Disorders,RaceEthnicity,All,1484
2025-12,Depressive Disorders,RaceEthnicity,Asian,872
2025-12,Depressive Disorders,RaceEthnicity,Black,968
2025-12,Depressive Disorders,RaceEthnicity,Hispanic,1004
2025-12,Depressive Disorders,RaceEthnicity,Multiple/Other,999
2025-12,Depressive Disorders,RaceEthnicity,NHOPI,787
2025-12,Depressive Disorders,RaceEthnicity,White,1937
2025-12,Depressive Disorders,Sex,All,1484
2025-12,Depressive Disorders,Sex,Female,1645
2025-12,Depressive Disorders,Sex,Male,1283
2025-12,Depressive Disorders,Total,All,1484
2025-11,Depressive Disorders,Age,12-17 years,2649
2025-11,Depressive Disorders,Age,18-34 years,1438
2025-11,Depressive Disorders,Age,35-64 years,1703
2025-11,Depressive Disorders,Age,65+ years,2107
2025-11,Depressive Disorders,Age,All,1599
2025-11,Depressive Disorders,RaceEthnicity,AI/AN,1727
2025-11,Depressive Disorders,RaceEthnicity,All,1599
2025-11,Depressive Disorders,RaceEthnicity,Asian,946
2025-11,Depressive Disorders,RaceEthnicity,Black,1089
2025-11,Depressive Disorders,RaceEthnicity,Hispanic,1125
2025-11,Depressive Disorders,RaceEthnicity,Multiple/Other,1154
2025-11,Depressive Disorders,RaceEthnicity,NHOPI,776
2025-11,Depressive Disorders,RaceEthnicity,White,2037
2025-11,Depressive Disorders,Sex,All,1599
2025-11,Depressive Disorders,Sex,Female,1771
2025-11,Depressive Disorders,Sex,Male,1386
2025-11,Depressive Disorders,Total,All,1599
2025-10,Depressive Disorders,Age,12-17 years,2651
2025-10,Depressive Disorders,Age,18-34 years,1427
2025-10,Depressive Disorders,Age,35-64 years,1697
2025-10,Depressive Disorders,Age,65+ years,2113
2025-10,Depressive Disorders,Age,All,1615
2025-10,Depressive Disorders,RaceEthnicity,AI/AN,1691
2025-10,Depressive Disorders,RaceEthnicity,All,1615
2025-10,Depressive Disorders,RaceEthnicity,Asian,949
2025-10,Depressive Disorders,RaceEthnicity,Black,1087
2025-10,Depressive Disorders,RaceEthnicity,Hispanic,1118
2025-10,Depressive Disorders,RaceEthnicity,Multiple/Other,1152
2025-10,Depressive Disorders,RaceEthnicity,NHOPI,780
2025-10,Depressive Disorders,RaceEthnicity,White,2048
2025-10,Depressive Disorders,Sex,All,1615
2025-10,Depressive Disorders,Sex,Female,1802
2025-10,Depressive Disorders,Sex,Male,1384
2025-10,Depressive Disorders,Total,All,1615
2025-09,Depressive Disorders,Age,12-17 years,2394
2025-09,Depressive Disorders,Age,18-34 years,1397
2025-09,Depressive Disorders,Age,35-64 years,1652
2025-09,Depressive Disorders,Age,65+ years,2091
2025-09,Depressive Disorders,Age,All,1576
2025-09,Depressive Disorders,RaceEthnicity,AI/AN,1636
2025-09,Depressive Disorders,RaceEthnicity,All,1576
2025-09,Depressive Disorders,RaceEthnicity,Asian,890
2025-09,Depressive Disorders,RaceEthnicity,Black,1051
2025-09,Depressive Disorders,RaceEthnicity,Hispanic,1075
2025-09,Depressive Disorders,RaceEthnicity,Multiple/Other,1093
2025-09,Depressive Disorders,RaceEthnicity,NHOPI,736
2025-09,Depressive Disorders,RaceEthnicity,White,1986
2025-09,Depressive Disorders,Sex,All,1576
2025-09,Depressive Disorders,Sex,Female,1757
2025-09,Depressive Disorders,Sex,Male,1353
2025-09,Depressive Disorders,Total,All,1576
2025-08,Depressive Disorders,Age,12-17 years,2040
2025-08,Depressive Disorders,Age,18-34 years,1380
2025-08,Depressive Disorders,Age,35-64 years,1634
2025-08,Depressive Disorders,Age,65+ years,2070
2025-08,Depressive Disorders,Age,All,1550
2025-08,Depressive Disorders,RaceEthnicity,AI/AN,1538
2025-08,Depressive Disorders,RaceEthnicity,All,1550
2025-08,Depressive Disorders,RaceEthnicity,Asian,890
2025-08,Depressive Disorders,RaceEthnicity,Black,1022
2025-08,Depressive Disorders,RaceEthnicity,Hispanic,1058
2025-08,Depressive Disorders,RaceEthnicity,Multiple/Other,1045
2025-08,Depressive Disorders,RaceEthnicity,NHOPI,771
2025-08,Depressive Disorders,RaceEthnicity,White,1948
2025-08,Depressive Disorders,Sex,All,1550
2025-08,Depressive Disorders,Sex,Female,1710
2025-08,Depressive Disorders,Sex,Male,1355
2025-08,Depressive Disorders,Total,All,1550
2025-07,Depressive Disorders,Age,12-17 years,2205
2025-07,Depressive Disorders,Age,18-34 years,1421
2025-07,Depressive Disorders,Age,35-64 years,1671
2025-07,Depressive Disorders,Age,65+ years,2057
2025-07,Depressive Disorders,Age,All,1585
2025-07,Depressive Disorders,RaceEthnicity,AI/AN,1661
2025-07,Depressive Disorders,RaceEthnicity,All,1585
2025-07,Depressive Disorders,RaceEthnicity,Asian,831
2025-07,Depressive Disorders,RaceEthnicity,Black,1052
2025-07,Depressive Disorders,RaceEthnicity,Hispanic,1095
2025-07,Depressive Disorders,RaceEthnicity,Multiple/Other,1065
2025-07,Depressive Disorders,RaceEthnicity,NHOPI,752
2025-07,Depressive Disorders,RaceEthnicity,White,1979
2025-07,Depressive Disorders,Sex,All,1585
2025-07,Depressive Disorders,Sex,Female,1746
2025-07,Depressive Disorders,Sex,Male,1389
2025-07,Depressive Disorders,Total,All,1585
2025-06,Depressive Disorders,Age,12-17 years,2234
2025-06,Depressive Disorders,Age,18-34 years,1426
2025-06,Depressive Disorders,Age,35-64 years,1669
2025-06,Depressive Disorders,Age,65+ years,2049
2025-06,Depressive Disorders,Age,All,1575
2025-06,Depressive Disorders,RaceEthnicity,AI/AN,1631
2025-06,Depressive Disorders,RaceEthnicity,All,1575
2025-06,Depressive Disorders,RaceEthnicity,Asian,831
2025-06,Depressive Disorders,RaceEthnicity,Black,1044
2025-06,Depressive Disorders,RaceEthnicity,Hispanic,1087
2025-06,Depressive Disorders,RaceEthnicity,Multiple/Other,1097
2025-06,Depressive Disorders,RaceEthnicity,NHOPI,837
2025-06,Depressive Disorders,RaceEthnicity,White,1968
2025-06,Depressive Disorders,Sex,All,1575
2025-06,Depressive Disorders,Sex,Female,1739
2025-06,Depressive Disorders,Sex,Male,1378
2025-06,Depressive Disorders,Total,All,1575
2025-05,Depressive Disorders,Age,12-17 years,2509
2025-05,Depressive Disorders,Age,18-34 years,1424
2025-05,Depressive Disorders,Age,35-64 years,1677
2025-05,Depressive Disorders,Age,65+ years,2069
2025-05,Depressive Disorders,Age,All,1578
2025-05,Depressive Disorders,RaceEthnicity,AI/AN,1699
2025-05,Depressive Disorders,RaceEthnicity,All,1578
2025-05,Depressive Disorders,RaceEthnicity,Asian,934
2025-05,Depressive Disorders,RaceEthnicity,Black,1058
2025-05,Depressive Disorders,RaceEthnicity,Hispanic,1052
2025-05,Depressive Disorders,RaceEthnicity,Multiple/Other,1073
2025-05,Depressive Disorders,RaceEthnicity,NHOPI,829
2025-05,Depressive Disorders,RaceEthnicity,White,2008
2025-05,Depressive Disorders,Sex,All,1578
2025-05,Depressive Disorders,Sex,Female,1751
2025-05,Depressive Disorders,Sex,Male,1368
2025-05,Depressive Disorders,Total,All,1578
2025-04,Depressive Disorders,Age,12-17 years,2607
2025-04,Depressive Disorders,Age,18-34 years,1442
2025-04,Depressive Disorders,Age,35-64 years,1684
2025-04,Depressive Disorders,Age,65+ years,2091
2025-04,Depressive Disorders,Age,All,1596
2025-04,Depressive Disorders,RaceEthnicity,AI/AN,1647
2025-04,Depressive Disorders,RaceEthnicity,All,1596
2025-04,Depressive Disorders,RaceEthnicity,Asian,975
2025-04,Depressive Disorders,RaceEthnicity,Black,1057
2025-04,Depressive Disorders,RaceEthnicity,Hispanic,1064
2025-04,Depressive Disorders,RaceEthnicity,Multiple/Other,1076
2025-04,Depressive Disorders,RaceEthnicity,NHOPI,789
2025-04,Depressive Disorders,RaceEthnicity,White,2045
2025-04,Depressive Disorders,Sex,All,1596
2025-04,Depressive Disorders,Sex,Female,1774
2025-04,Depressive Disorders,Sex,Male,1375
2025-04,Depressive Disorders,Total,All,1596
2025-03,Depressive Disorders,Age,12-17 years,2609
2025-03,Depressive Disorders,Age,18-34 years,1419
2025-03,Depressive Disorders,Age,35-64 years,1682
2025-03,Depressive Disorders,Age,65+ years,2135
2025-03,Depressive Disorders,Age,All,1593
2025-03,Depressive Disorders,RaceEthnicity,AI/AN,1628
2025-03,Depressive Disorders,RaceEthnicity,All,1593
2025-03,Depressive Disorders,RaceEthnicity,Asian,952
2025-03,Depressive Disorders,RaceEthnicity,Black,1035
2025-03,Depressive Disorders,RaceEthnicity,Hispanic,1044
2025-03,Depressive Disorders,RaceEthnicity,Multiple/Other,1088
2025-03,Depressive Disorders,RaceEthnicity,NHOPI,723
2025-03,Depressive Disorders,RaceEthnicity,White,2049
2025-03,Depressive Disorders,Sex,All,1593
2025-03,Depressive Disorders,Sex,Female,1766
2025-03,Depressive Disorders,Sex,Male,1376
2025-03,Depressive Disorders,Total,All,1593
2025-02,Depressive Disorders,Age,12-17 years,2293
2025-02,Depressive Disorders,Age,18-34 years,1356
2025-02,Depressive Disorders,Age,35-64 years,1612
2025-02,Depressive Disorders,Age,65+ years,2076
2025-02,Depressive Disorders,Age,All,1520
2025-02,Depressive Disorders,RaceEthnicity,AI/AN,1535
2025-02,Depressive Disorders,RaceEthnicity,All,1520
2025-02,Depressive Disorders,RaceEthnicity,Asian,903
2025-02,Depressive Disorders,RaceEthnicity,Black,992
2025-02,Depressive Disorders,RaceEthnicity,Hispanic,995
2025-02,Depressive Disorders,RaceEthnicity,Multiple/Other,1066
2025-02,Depressive Disorders,RaceEthnicity,NHOPI,767
2025-02,Depressive Disorders,RaceEthnicity,White,1950
2025-02,Depressive Disorders,Sex,All,1520
2025-02,Depressive Disorders,Sex,Female,1685
2025-02,Depressive Disorders,Sex,Male,1317
2025-02,Depressive Disorders,Total,All,1520
2025-01,Depressive Disorders,Age,12-17 years,2261
2025-01,Depressive Disorders,Age,18-34 years,1342
2025-01,Depressive Disorders,Age,35-64 years,1610
2025-01,Depressive Disorders,Age,65+ years,2093
2025-01,Depressive Disorders,Age,All,1509
2025-01,Depressive Disorders,RaceEthnicity,AI/AN,1605
2025-01,Depressive Disorders,RaceEthnicity,All,1509
2025-01,Depressive Disorders,RaceEthnicity,Asian,832
2025-01,Depressive Disorders,RaceEthnicity,Black,977
2025-01,Depressive Disorders,RaceEthnicity,Hispanic,995
2025-01,Depressive Disorders,RaceEthnicity,Multiple/Other,998
2025-01,Depressive Disorders,RaceEthnicity,NHOPI,716
2025-01,Depressive Disorders,RaceEthnicity,White,1958
2025-01,Depressive Disorders,Sex,All,1509
2025-01,Depressive Disorders,Sex,Female,1661
2025-01,Depressive Disorders,Sex,Male,1320
2025-01,Depressive Disorders,Total,All,1509
2024-12,Depressive Disorders,Age,12-17 years,2032
2024-12,Depressive Disorders,Age,18-34 years,1313
2024-12,Depressive Disorders,Age,35-64 years,1592
2024-12,Depressive Disorders,Age,65+ years,2016
2024-12,Depressive Disorders,Age,All,1443
2024-12,Depressive Disorders,RaceEthnicity,AI/AN,1475
2024-12,Depressive Disorders,RaceEthnicity,All,1443
2024-12,Depressive Disorders,RaceEthnicity,Asian,790
2024-12,Depressive Disorders,RaceEthnicity,Black,975
2024-12,Depressive Disorders,RaceEthnicity,Hispanic,939
2024-12,Depressive Disorders,RaceEthnicity,Multiple/Other,937
2024-12,Depressive Disorders,RaceEthnicity,NHOPI,642
2024-12,Depressive Disorders,RaceEthnicity,White,1867
2024-12,Depressive Disorders,Sex,All,1443
2024-12,Depressive Disorders,Sex,Female,1582
2024-12,Depressive Disorders,Sex,Male,1269
2024-12,Depressive Disorders,Total,All,1443
2024-11,Depressive Disorders,Age,12-17 years,2409
2024-11,Depressive Disorders,Age,18-34 years,1467
2024-11,Depressive Disorders,Age,35-64 years,1720
2024-11,Depressive Disorders,Age,65+ years,2080
2024-11,Depressive Disorders,Age,All,1569
2024-11,Depressive Disorders,RaceEthnicity,AI/AN,1774
2024-11,Depressive Disorders,RaceEthnicity,All,1569
2024-11,Depressive Disorders,RaceEthnicity,Asian,968
2024-11,Depressive Disorders,RaceEthnicity,Black,1068
2024-11,Depressive Disorders,RaceEthnicity,Hispanic,1051
2024-11,Depressive Disorders,RaceEthnicity,Multiple/Other,1058
2024-11,Depressive Disorders,RaceEthnicity,NHOPI,782
2024-11,Depressive Disorders,RaceEthnicity,White,1999
2024-11,Depressive Disorders,Sex,All,1569
2024-11,Depressive Disorders,Sex,Female,1731
2024-11,Depressive Disorders,Sex,Male,1369
2024-11,Depressive Disorders,Total,All,1569
2024-10,Depressive Disorders,Age,12-17 years,2433
2024-10,Depressive Disorders,Age,18-34 years,1478
2024-10,Depressive Disorders,Age,35-64 years,1690
2024-10,Depressive Disorders,Age,65+ years,2068
2024-10,Depressive Disorders,Age,All,1582
2024-10,Depressive Disorders,RaceEthnicity,AI/AN,1783
2024-10,Depressive Disorders,RaceEthnicity,All,1582
2024-10,Depressive Disorders,RaceEthnicity,Asian,931
2024-10,Depressive Disorders,RaceEthnicity,Black,1063
2024-10,Depressive Disorders,RaceEthnicity,Hispanic,1079
2024-10,Depressive Disorders,RaceEthnicity,Multiple/Other,1043
2024-10,Depressive Disorders,RaceEthnicity,NHOPI,755
2024-10,Depressive Disorders,RaceEthnicity,White,2011
2024-10,Depressive Disorders,Sex,All,1582
2024-10,Depressive Disorders,Sex,Female,1759
2024-10,Depressive Disorders,Sex,Male,1367
2024-10,Depressive Disorders,Total,All,1582
2024-09,Depressive Disorders,Age,12-17 years,2319
2024-09,Depressive Disorders,Age,18-34 years,1453
2024-09,Depressive Disorders,Age,35-64 years,1674
2024-09,Depressive Disorders,Age,65+ years,2036
2024-09,Depressive Disorders,Age,All,1565
2024-09,Depressive Disorders,RaceEthnicity,AI/AN,1736
2024-09,Depressive Disorders,RaceEthnicity,All,1565
2024-09,Depressive Disorders,RaceEthnicity,Asian,920
2024-09,Depressive Disorders,RaceEthnicity,Black,1040
2024-09,Depressive Disorders,RaceEthnicity,Hispanic,1079
2024-09,Depressive Disorders,RaceEthnicity,Multiple/Other,1056
2024-09,Depressive Disorders,RaceEthnicity,NHOPI,853
2024-09,Depressive Disorders,RaceEthnicity,White,1982
2024-09,Depressive Disorders,Sex,All,1565
2024-09,Depressive Disorders,Sex,Female,1728
2024-09,Depressive Disorders,Sex,Male,1365
2024-09,Depressive Disorders,Total,All,1565
2024-08,Depressive Disorders,Age,12-17 years,1955
2024-08,Depressive Disorders,Age,18-34 years,1433
2024-08,Depressive Disorders,Age,35-64 years,1661
2024-08,Depressive Disorders,Age,65+ years,2013
2024-08,Depressive Disorders,Age,All,1545
2024-08,Depressive Disorders,RaceEthnicity,AI/AN,1695
2024-08,Depressive Disorders,RaceEthnicity,All,1545
2024-08,Depressive Disorders,RaceEthnicity,Asian,905
2024-08,Depressive Disorders,RaceEthnicity,Black,1021
2024-08,Depressive Disorders,RaceEthnicity,Hispanic,1071
2024-08,Depressive Disorders,RaceEthnicity,Multiple/Other,1021
2024-08,Depressive Disorders,RaceEthnicity,NHOPI,776
2024-08,Depressive Disorders,RaceEthnicity,White,1951
2024-08,Depressive Disorders,Sex,All,1545
2024-08,Depressive Disorders,Sex,Female,1698
2024-08,Depressive Disorders,Sex,Male,1359
2024-08,Depressive Disorders,Total,All,1545
2024-07,Depressive Disorders,Age,12-17 years,2023
2024-07,Depressive Disorders,Age,18-34 years,1437
2024-07,Depressive Disorders,Age,35-64 years,1648
2024-07,Depressive Disorders,Age,65+ years,1988
2024-07,Depressive Disorders,Age,All,1545
2024-07,Depressive Disorders,RaceEthnicity,AI/AN,1674
2024-07,Depressive Disorders,RaceEthnicity,All,1545
2024-07,Depressive Disorders,RaceEthnicity,Asian,869
2024-07,Depressive Disorders,RaceEthnicity,Black,1046
2024-07,Depressive Disorders,RaceEthnicity,Hispanic,1073
2024-07,Depressive Disorders,RaceEthnicity,Multiple/Other,1049
2024-07,Depressive Disorders,RaceEthnicity,NHOPI,821
2024-07,Depressive Disorders,RaceEthnicity,White,1937
2024-07,Depressive Disorders,Sex,All,1545
2024-07,Depressive Disorders,Sex,Female,1693
2024-07,Depressive Disorders,Sex,Male,1363
2024-07,Depressive Disorders,Total,All,1545
2024-06,Depressive Disorders,Age,12-17 years,2042
2024-06,Depressive Disorders,Age,18-34 years,1417
2024-06,Depressive Disorders,Age,35-64 years,1664
2024-06,Depressive Disorders,Age,65+ years,1991
2024-06,Depressive Disorders,Age,All,1534
2024-06,Depressive Disorders,RaceEthnicity,AI/AN,1709
2024-06,Depressive Disorders,RaceEthnicity,All,1534
2024-06,Depressive Disorders,RaceEthnicity,Asian,876
2024-06,Depressive Disorders,RaceEthnicity,Black,1045
2024-06,Depressive Disorders,RaceEthnicity,Hispanic,1045
2024-06,Depressive Disorders,RaceEthnicity,Multiple/Other,1024
2024-06,Depressive Disorders,RaceEthnicity,NHOPI,770
2024-06,Depressive Disorders,RaceEthnicity,White,1930
2024-06,Depressive Disorders,Sex,All,1534
2024-06,Depressive Disorders,Sex,Female,1696
2024-06,Depressive Disorders,Sex,Male,1339
2024-06,Depressive Disorders,Total,All,1534
2024-05,Depressive Disorders,Age,12-17 years,2462
2024-05,Depressive Disorders,Age,18-34 years,1437
2024-05,Depressive Disorders,Age,35-64 years,1665
2024-05,Depressive Disorders,Age,65+ years,1991
2024-05,Depressive Disorders,Age,All,1539
2024-05,Depressive Disorders,RaceEthnicity,AI/AN,1760
2024-05,Depressive Disorders,RaceEthnicity,All,1539
2024-05,Depressive Disorders,RaceEthnicity,Asian,887
2024-05,Depressive Disorders,RaceEthnicity,Black,1024
2024-05,Depressive Disorders,RaceEthnicity,Hispanic,1032
2024-05,Depressive Disorders,RaceEthnicity,Multiple/Other,1058
2024-05,Depressive Disorders,RaceEthnicity,NHOPI,756
2024-05,Depressive Disorders,RaceEthnicity,White,1957
2024-05,Depressive Disorders,Sex,All,1539
2024-05,Depressive Disorders,Sex,Female,1705
2024-05,Depressive Disorders,Sex,Male,1337
2024-05,Depressive Disorders,Total,All,1539
2024-04,Depressive Disorders,Age,12-17 years,2599
2024-04,Depressive Disorders,Age,18-34 years,1492
2024-04,Depressive Disorders,Age,35-64 years,1686
2024-04,Depressive Disorders,Age,65+ years,2033
2024-04,Depressive Disorders,Age,All,1575
2024-04,Depressive Disorders,RaceEthnicity,AI/AN,1788
2024-04,Depressive Disorders,RaceEthnicity,All,1575
2024-04,Depressive Disorders,RaceEthnicity,Asian,906
2024-04,Depressive Disorders,RaceEthnicity,Black,1049
2024-04,Depressive Disorders,RaceEthnicity,Hispanic,1049
2024-04,Depressive Disorders,RaceEthnicity,Multiple/Other,1107
2024-04,Depressive Disorders,RaceEthnicity,NHOPI,835
2024-04,Depressive Disorders,RaceEthnicity,White,2000
2024-04,Depressive Disorders,Sex,All,1575
2024-04,Depressive Disorders,Sex,Female,1745
2024-04,Depressive Disorders,Sex,Male,1371
2024-04,Depressive Disorders,Total,All,1575
2024-03,Depressive Disorders,Age,12-17 years,2507
2024-03,Depressive Disorders,Age,18-34 years,1457
2024-03,Depressive Disorders,Age,35-64 years,1688
2024-03,Depressive Disorders,Age,65+ years,2051
2024-03,Depressive Disorders,Age,All,1554
2024-03,Depressive Disorders,RaceEthnicity,AI/AN,1758
2024-03,Depressive Disorders,RaceEthnicity,All,1554
2024-03,Depressive Disorders,RaceEthnicity,Asian,888
2024-03,Depressive Disorders,RaceEthnicity,Black,1030
2024-03,Depressive Disorders,RaceEthnicity,Hispanic,1031
2024-03,Depressive Disorders,RaceEthnicity,Multiple/Other,1085
2024-03,Depressive Disorders,RaceEthnicity,NHOPI,853
2024-03,Depressive Disorders,RaceEthnicity,White,1976
2024-03,Depressive Disorders,Sex,All,1554
2024-03,Depressive Disorders,Sex,Female,1715
2024-03,Depressive Disorders,Sex,Male,1365
2024-03,Depressive Disorders,Total,All,1554
2024-02,Depressive Disorders,Age,12-17 years,2522
2024-02,Depressive Disorders,Age,18-34 years,1477
2024-02,Depressive Disorders,Age,35-64 years,1678
2024-02,Depressive Disorders,Age,65+ years,2066
2024-02,Depressive Disorders,Age,All,1560
2024-02,Depressive Disorders,RaceEthnicity,AI/AN,1808
2024-02,Depressive Disorders,RaceEthnicity,All,1560
2024-02,Depressive Disorders,RaceEthnicity,Asian,927
2024-02,Depressive Disorders,RaceEthnicity,Black,1021
2024-02,Depressive Disorders,RaceEthnicity,Hispanic,1058
2024-02,Depressive Disorders,RaceEthnicity,Multiple/Other,1088
2024-02,Depressive Disorders,RaceEthnicity,NHOPI,838
2024-02,Depressive Disorders,RaceEthnicity,White,1978
2024-02,Depressive Disorders,Sex,All,1560
2024-02,Depressive Disorders,Sex,Female,1717
2024-02,Depressive Disorders,Sex,Male,1375
2024-02,Depressive Disorders,Total,All,1560
2024-01,Depressive Disorders,Age,12-17 years,2562
2024-01,Depressive Disorders,Age,18-34 years,1470
2024-01,Depressive Disorders,Age,35-64 years,1683
2024-01,Depressive Disorders,Age,65+ years,2097
2024-01,Depressive Disorders,Age,All,1586
2024-01,Depressive Disorders,RaceEthnicity,AI/AN,1755
2024-01,Depressive Disorders,RaceEthnicity,All,1586
2024-01,Depressive Disorders,RaceEthnicity,Asian,941
2024-01,Depressive Disorders,RaceEthnicity,Black,1017
2024-01,Depressive Disorders,RaceEthnicity,Hispanic,1040
2024-01,Depressive Disorders,RaceEthnicity,Multiple/Other,1089
2024-01,Depressive Disorders,RaceEthnicity,NHOPI,940
2024-01,Depressive Disorders,RaceEthnicity,White,2032
2024-01,Depressive Disorders,Sex,All,1586
2024-01,Depressive Disorders,Sex,Female,1747
2024-01,Depressive Disorders,Sex,Male,1391
2024-01,Depressive Disorders,Total,All,1586
2023-12,Depressive Disorders,Age,12-17 years,2144
2023-12,Depressive Disorders,Age,18-34 years,1370
2023-12,Depressive Disorders,Age,35-64 years,1609
2023-12,Depressive Disorders,Age,65+ years,2007
2023-12,Depressive Disorders,Age,All,1445
2023-12,Depressive Disorders,RaceEthnicity,AI/AN,1579
2023-12,Depressive Disorders,RaceEthnicity,All,1445
2023-12,Depressive Disorders,RaceEthnicity,Asian,791
2023-12,Depressive Disorders,RaceEthnicity,Black,938
2023-12,Depressive Disorders,RaceEthnicity,Hispanic,930
2023-12,Depressive Disorders,RaceEthnicity,Multiple/Other,972
2023-12,Depressive Disorders,RaceEthnicity,NHOPI,823
2023-12,Depressive Disorders,RaceEthnicity,White,1870
2023-12,Depressive Disorders,Sex,All,1445
2023-12,Depressive Disorders,Sex,Female,1591
2023-12,Depressive Disorders,Sex,Male,1273
2023-12,Depressive Disorders,Total,All,1445
2023-11,Depressive Disorders,Age,12-17 years,2627
2023-11,Depressive Disorders,Age,18-34 years,1507
2023-11,Depressive Disorders,Age,35-64 years,1701
2023-11,Depressive Disorders,Age,65+ years,2013
2023-11,Depressive Disorders,Age,All,1542
2023-11,Depressive Disorders,RaceEthnicity,AI/AN,1740
2023-11,Depressive Disorders,RaceEthnicity,All,1542
2023-11,Depressive Disorders,RaceEthnicity,Asian,933
2023-11,Depressive Disorders,RaceEthnicity,Black,1005
2023-11,Depressive Disorders,RaceEthnicity,Hispanic,1001
2023-11,Depressive Disorders,RaceEthnicity,Multiple/Other,1087
2023-11,Depressive Disorders,RaceEthnicity,NHOPI,862
2023-11,Depressive Disorders,RaceEthnicity,White,1987
2023-11,Depressive Disorders,Sex,All,1542
2023-11,Depressive Disorders,Sex,Female,1705
2023-11,Depressive Disorders,Sex,Male,1349
2023-11,Depressive Disorders,Total,All,1542
2023-10,Depressive Disorders,Age,12-17 years,2619
2023-10,Depressive Disorders,Age,18-34 years,1567
2023-10,Depressive Disorders,Age,35-64 years,1747
2023-10,Depressive Disorders,Age,65+ years,2039
2023-10,Depressive Disorders,Age,All,1604
2023-10,Depressive Disorders,RaceEthnicity,AI/AN,1793
2023-10,Depressive Disorders,RaceEthnicity,All,1604
2023-10,Depressive Disorders,RaceEthnicity,Asian,948
2023-10,Depressive Disorders,RaceEthnicity,Black,1057
2023-10,Depressive Disorders,RaceEthnicity,Hispanic,1059
2023-10,Depressive Disorders,RaceEthnicity,Multiple/Other,1121
2023-10,Depressive Disorders,RaceEthnicity,NHOPI,914
2023-10,Depressive Disorders,RaceEthnicity,White,2057
2023-10,Depressive Disorders,Sex,All,1604
2023-10,Depressive Disorders,Sex,Female,1781
2023-10,Depressive Disorders,Sex,Male,1398
2023-10,Depressive Disorders,Total,All,1604
2023-09,Depressive Disorders,Age,12-17 years,2357
2023-09,Depressive Disorders,Age,18-34 years,1516
2023-09,Depressive Disorders,Age,35-64 years,1719
2023-09,Depressive Disorders,Age,65+ years,1956
2023-09,Depressive Disorders,Age,All,1566
2023-09,Depressive Disorders,RaceEthnicity,AI/AN,1732
2023-09,Depressive Disorders,RaceEthnicity,All,1566
2023-09,Depressive Disorders,RaceEthnicity,Asian,928
2023-09,Depressive Disorders,RaceEthnicity,Black,1053
2023-09,Depressive Disorders,RaceEthnicity,Hispanic,1034
2023-09,Depressive Disorders,RaceEthnicity,Multiple/Other,1104
2023-09,Depressive Disorders,RaceEthnicity,NHOPI,849
2023-09,Depressive Disorders,RaceEthnicity,White,2003
2023-09,Depressive Disorders,Sex,All,1566
2023-09,Depressive Disorders,Sex,Female,1742
2023-09,Depressive Disorders,Sex,Male,1364
2023-09,Depressive Disorders,Total,All,1566
2023-08,Depressive Disorders,Age,12-17 years,2152
2023-08,Depressive Disorders,Age,18-34 years,1522
2023-08,Depressive Disorders,Age,35-64 years,1724
2023-08,Depressive Disorders,Age,65+ years,1963
2023-08,Depressive Disorders,Age,All,1577
2023-08,Depressive Disorders,RaceEthnicity,AI/AN,1731
2023-08,Depressive Disorders,RaceEthnicity,All,1577
2023-08,Depressive Disorders,RaceEthnicity,Asian,948
2023-08,Depressive Disorders,RaceEthnicity,Black,1057
2023-08,Depressive Disorders,RaceEthnicity,Hispanic,1072
2023-08,Depressive Disorders,RaceEthnicity,Multiple/Other,1085
2023-08,Depressive Disorders,RaceEthnicity,NHOPI,910
2023-08,Depressive Disorders,RaceEthnicity,White,2003
2023-08,Depressive Disorders,Sex,All,1577
2023-08,Depressive Disorders,Sex,Female,1745
2023-08,Depressive Disorders,Sex,Male,1384
2023-08,Depressive Disorders,Total,All,1577
2023-07,Depressive Disorders,Age,12-17 years,2181
2023-07,Depressive Disorders,Age,18-34 years,1527
2023-07,Depressive Disorders,Age,35-64 years,1740
2023-07,Depressive Disorders,Age,65+ years,1968
2023-07,Depressive Disorders,Age,All,1590
2023-07,Depressive Disorders,RaceEthnicity,AI/AN,1778
2023-07,Depressive Disorders,RaceEthnicity,All,1590
2023-07,Depressive Disorders,RaceEthnicity,Asian,879
2023-07,Depressive Disorders,RaceEthnicity,Black,1087
2023-07,Depressive Disorders,RaceEthnicity,Hispanic,1079
2023-07,Depressive Disorders,RaceEthnicity,Multiple/Other,1062
2023-07,Depressive Disorders,RaceEthnicity,NHOPI,990
2023-07,Depressive Disorders,RaceEthnicity,White,2010
2023-07,Depressive Disorders,Sex,All,1590
2023-07,Depressive Disorders,Sex,Female,1760
2023-07,Depressive Disorders,Sex,Male,1399
2023-07,Depressive Disorders,Total,All,1590
2023-06,Depressive Disorders,Age,12-17 years,2329
2023-06,Depressive Disorders,Age,18-34 years,1541
2023-06,Depressive Disorders,Age,35-64 years,1750
2023-06,Depressive Disorders,Age,65+ years,1993
2023-06,Depressive Disorders,Age,All,1595
2023-06,Depressive Disorders,RaceEthnicity,AI/AN,1793
2023-06,Depressive Disorders,RaceEthnicity,All,1595
2023-06,Depressive Disorders,RaceEthnicity,Asian,891
2023-06,Depressive Disorders,RaceEthnicity,Black,1093
2023-06,Depressive Disorders,RaceEthnicity,Hispanic,1076
2023-06,Depressive Disorders,RaceEthnicity,Multiple/Other,1099
2023-06,Depressive Disorders,RaceEthnicity,NHOPI,1026
2023-06,Depressive Disorders,RaceEthnicity,White,2026
2023-06,Depressive Disorders,Sex,All,1595
2023-06,Depressive Disorders,Sex,Female,1763
2023-06,Depressive Disorders,Sex,Male,1403
2023-06,Depressive Disorders,Total,All,1595
2023-05,Depressive Disorders,Age,12-17 years,2900
2023-05,Depressive Disorders,Age,18-34 years,1597
2023-05,Depressive Disorders,Age,35-64 years,1771
2023-05,Depressive Disorders,Age,65+ years,2020
2023-05,Depressive Disorders,Age,All,1622
2023-05,Depressive Disorders,RaceEthnicity,AI/AN,1831
2023-05,Depressive Disorders,RaceEthnicity,All,1622
2023-05,Depressive Disorders,RaceEthnicity,Asian,970
2023-05,Depressive Disorders,RaceEthnicity,Black,1106
2023-05,Depressive Disorders,RaceEthnicity,Hispanic,1080
2023-05,Depressive Disorders,RaceEthnicity,Multiple/Other,1115
2023-05,Depressive Disorders,RaceEthnicity,NHOPI,986
2023-05,Depressive Disorders,RaceEthnicity,White,2077
2023-05,Depressive Disorders,Sex,All,1622
2023-05,Depressive Disorders,Sex,Female,1817
2023-05,Depressive Disorders,Sex,Male,1398
2023-05,Depressive Disorders,Total,All,1622
2023-04,Depressive Disorders,Age,12-17 years,3119
2023-04,Depressive Disorders,Age,18-34 years,1663
2023-04,Depressive Disorders,Age,35-64 years,1826
2023-04,Depressive Disorders,Age,65+ years,2073
2023-04,Depressive Disorders,Age,All,1682
2023-04,Depressive Disorders,RaceEthnicity,AI/AN,1863
2023-04,Depressive Disorders,RaceEthnicity,All,1682
2023-04,Depressive Disorders,RaceEthnicity,Asian,1024
2023-04,Depressive Disorders,RaceEthnicity,Black,1144
2023-04,Depressive Disorders,RaceEthnicity,Hispanic,1110
2023-04,Depressive Disorders,RaceEthnicity,Multiple/Other,1131
2023-04,Depressive Disorders,RaceEthnicity,NHOPI,1013
2023-04,Depressive Disorders,RaceEthnicity,White,2153
2023-04,Depressive Disorders,Sex,All,1682
2023-04,Depressive Disorders,Sex,Female,1885
2023-04,Depressive Disorders,Sex,Male,1448
2023-04,Depressive Disorders,Total,All,1682
2023-03,Depressive Disorders,Age,12-17 years,3482
2023-03,Depressive Disorders,Age,18-34 years,1679
2023-03,Depressive Disorders,Age,35-64 years,1837
2023-03,Depressive Disorders,Age,65+ years,2084
2023-03,Depressive Disorders,Age,All,1706
2023-03,Depressive Disorders,RaceEthnicity,AI/AN,1928
2023-03,Depressive Disorders,RaceEthnicity,All,1706
2023-03,Depressive Disorders,RaceEthnicity,Asian,1059
2023-03,Depressive Disorders,RaceEthnicity,Black,1164
2023-03,Depressive Disorders,RaceEthnicity,Hispanic,1174
2023-03,Depressive Disorders,RaceEthnicity,Multiple/Other,1162
2023-03,Depressive Disorders,RaceEthnicity,NHOPI,939
2023-03,Depressive Disorders,RaceEthnicity,White,2168
2023-03,Depressive Disorders,Sex,All,1706
2023-03,Depressive Disorders,Sex,Female,1901
2023-03,Depressive Disorders,Sex,Male,1479
2023-03,Depressive Disorders,Total,All,1706
2023-02,Depressive Disorders,Age,12-17 years,3576
2023-02,Depressive Disorders,Age,18-34 years,1716
2023-02,Depressive Disorders,Age,35-64 years,1849
2023-02,Depressive Disorders,Age,65+ years,2096
2023-02,Depressive Disorders,Age,All,1731
2023-02,Depressive Disorders,RaceEthnicity,AI/AN,1939
2023-02,Depressive Disorders,RaceEthnicity,All,1731
2023-02,Depressive Disorders,RaceEthnicity,Asian,1062
2023-02,Depressive Disorders,RaceEthnicity,Black,1177
2023-02,Depressive Disorders,RaceEthnicity,Hispanic,1207
2023-02,Depressive Disorders,RaceEthnicity,Multiple/Other,1199
2023-02,Depressive Disorders,RaceEthnicity,NHOPI,944
2023-02,Depressive Disorders,RaceEthnicity,White,2194
2023-02,Depressive Disorders,Sex,All,1731
2023-02,Depressive Disorders,Sex,Female,1943
2023-02,Depressive Disorders,Sex,Male,1484
2023-02,Depressive Disorders,Total,All,1731
2023-01,Depressive Disorders,Age,12-17 years,3530
2023-01,Depressive Disorders,Age,18-34 years,1707
2023-01,Depressive Disorders,Age,35-64 years,1842
2023-01,Depressive Disorders,Age,65+ years,2089
2023-01,Depressive Disorders,Age,All,1743
2023-01,Depressive Disorders,RaceEthnicity,AI/AN,1979
2023-01,Depressive Disorders,RaceEthnicity,All,1743
2023-01,Depressive Disorders,RaceEthnicity,Asian,1044
2023-01,Depressive Disorders,RaceEthnicity,Black,1175
2023-01,Depressive Disorders,RaceEthnicity,Hispanic,1220
2023-01,Depressive Disorders,RaceEthnicity,Multiple/Other,1220
2023-01,Depressive Disorders,RaceEthnicity,NHOPI,1134
2023-01,Depressive Disorders,RaceEthnicity,White,2208
2023-01,Depressive Disorders,Sex,All,1743
2023-01,Depressive Disorders,Sex,Female,1949
2023-01,Depressive Disorders,Sex,Male,1503
2023-01,Depressive Disorders,Total,All,1743
2022-12,Depressive Disorders,Age,12-17 years,2592
2022-12,Depressive Disorders,Age,18-34 years,1526
2022-12,Depressive Disorders,Age,35-64 years,1748
2022-12,Depressive Disorders,Age,65+ years,2031
2022-12,Depressive Disorders,Age,All,1555
2022-12,Depressive Disorders,RaceEthnicity,AI/AN,1667
2022-12,Depressive Disorders,RaceEthnicity,All,1555
2022-12,Depressive Disorders,RaceEthnicity,Asian,924
2022-12,Depressive Disorders,RaceEthnicity,Black,1063
2022-12,Depressive Disorders,RaceEthnicity,Hispanic,1039
2022-12,Depressive Disorders,RaceEthnicity,Multiple/Other,1016
2022-12,Depressive Disorders,RaceEthnicity,NHOPI,1010
2022-12,Depressive Disorders,RaceEthnicity,White,1986
2022-12,Depressive Disorders,Sex,All,1555
2022-12,Depressive Disorders,Sex,Female,1730
2022-12,Depressive Disorders,Sex,Male,1359
2022-12,Depressive Disorders,Total,All,1555
2022-11,Depressive Disorders,Age,12-17 years,2604
2022-11,Depressive Disorders,Age,18-34 years,1544
2022-11,Depressive Disorders,Age,35-64 years,1735
2022-11,Depressive Disorders,Age,65+ years,2033
2022-11,Depressive Disorders,Age,All,1507
2022-11,Depressive Disorders,RaceEthnicity,AI/AN,1762
2022-11,Depressive Disorders,RaceEthnicity,All,1507
2022-11,Depressive Disorders,RaceEthnicity,Asian,936
2022-11,Depressive Disorders,RaceEthnicity,Black,982
2022-11,Depressive Disorders,RaceEthnicity,Hispanic,995
2022-11,Depressive Disorders,RaceEthnicity,Multiple/Other,983
2022-11,Depressive Disorders,RaceEthnicity,NHOPI,818
2022-11,Depressive Disorders,RaceEthnicity,White,1970
2022-11,Depressive Disorders,Sex,All,1507
2022-11,Depressive Disorders,Sex,Female,1686
2022-11,Depressive Disorders,Sex,Male,1302
2022-11,Depressive Disorders,Total,All,1507
2022-10,Depressive Disorders,Age,12-17 years,2767
2022-10,Depressive Disorders,Age,18-34 years,1654
2022-10,Depressive Disorders,Age,35-64 years,1781
2022-10,Depressive Disorders,Age,65+ years,2015
2022-10,Depressive Disorders,Age,All,1582
2022-10,Depressive Disorders,RaceEthnicity,AI/AN,1889
2022-10,Depressive Disorders,RaceEthnicity,All,1582
2022-10,Depressive Disorders,RaceEthnicity,Asian,933
2022-10,Depressive Disorders,RaceEthnicity,Black,1051
2022-10,Depressive Disorders,RaceEthnicity,Hispanic,1105
2022-10,Depressive Disorders,RaceEthnicity,Multiple/Other,1070
2022-10,Depressive Disorders,RaceEthnicity,NHOPI,988
2022-10,Depressive Disorders,RaceEthnicity,White,2031
2022-10,Depressive Disorders,Sex,All,1582
2022-10,Depressive Disorders,Sex,Female,1772
2022-10,Depressive Disorders,Sex,Male,1366
2022-10,Depressive Disorders,Total,All,1582
2022-09,Depressive Disorders,Age,12-17 years,2778
2022-09,Depressive Disorders,Age,18-34 years,1657
2022-09,Depressive Disorders,Age,35-64 years,1796
2022-09,Depressive Disorders,Age,65+ years,1855
2022-09,Depressive Disorders,Age,All,1590
2022-09,Depressive Disorders,RaceEthnicity,AI/AN,1826
2022-09,Depressive Disorders,RaceEthnicity,All,1590
2022-09,Depressive Disorders,RaceEthnicity,Asian,1000
2022-09,Depressive Disorders,RaceEthnicity,Black,1081
2022-09,Depressive Disorders,RaceEthnicity,Hispanic,1137
2022-09,Depressive Disorders,RaceEthnicity,Multiple/Other,1097
2022-09,Depressive Disorders,RaceEthnicity,NHOPI,1058
2022-09,Depressive Disorders,RaceEthnicity,White,2026
2022-09,Depressive Disorders,Sex,All,1590
2022-09,Depressive Disorders,Sex,Female,1793
2022-09,Depressive Disorders,Sex,Male,1362
2022-09,Depressive Disorders,Total,All,1590
2022-08,Depressive Disorders,Age,12-17 years,2319
2022-08,Depressive Disorders,Age,18-34 years,1626
2022-08,Depressive Disorders,Age,35-64 years,1816
2022-08,Depressive Disorders,Age,65+ years,1831
2022-08,Depressive Disorders,Age,All,1589
2022-08,Depressive Disorders,RaceEthnicity,AI/AN,1848
2022-08,Depressive Disorders,RaceEthnicity,All,1589
2022-08,Depressive Disorders,RaceEthnicity,Asian,951
2022-08,Depressive Disorders,RaceEthnicity,Black,1052
2022-08,Depressive Disorders,RaceEthnicity,Hispanic,1124
2022-08,Depressive Disorders,RaceEthnicity,Multiple/Other,1072
2022-08,Depressive Disorders,RaceEthnicity,NHOPI,1026
2022-08,Depressive Disorders,RaceEthnicity,White,2032
2022-08,Depressive Disorders,Sex,All,1589
2022-08,Depressive Disorders,Sex,Female,1773
2022-08,Depressive Disorders,Sex,Male,1383
2022-08,Depressive Disorders,Total,All,1589
2022-07,Depressive Disorders,Age,12-17 years,2350
2022-07,Depressive Disorders,Age,18-34 years,1645
2022-07,Depressive Disorders,Age,35-64 years,1823
2022-07,Depressive Disorders,Age,65+ years,1799
2022-07,Depressive Disorders,Age,All,1597
2022-07,Depressive Disorders,RaceEthnicity,AI/AN,1914
2022-07,Depressive Disorders,RaceEthnicity,All,1597
2022-07,Depressive Disorders,RaceEthnicity,Asian,835
2022-07,Depressive Disorders,RaceEthnicity,Black,1080
2022-07,Depressive Disorders,RaceEthnicity,Hispanic,1153
2022-07,Depressive Disorders,RaceEthnicity,Multiple/Other,1065
2022-07,Depressive Disorders,RaceEthnicity,NHOPI,911
2022-07,Depressive Disorders,RaceEthnicity,White,2025
2022-07,Depressive Disorders,Sex,All,1597
2022-07,Depressive Disorders,Sex,Female,1765
2022-07,Depressive Disorders,Sex,Male,1408
2022-07,Depressive Disorders,Total,All,1597
2022-06,Depressive Disorders,Age,12-17 years,2678
2022-06,Depressive Disorders,Age,18-34 years,1682
2022-06,Depressive Disorders,Age,35-64 years,1901
2022-06,Depressive Disorders,Age,65+ years,1866
2022-06,Depressive Disorders,Age,All,1646
2022-06,Depressive Disorders,RaceEthnicity,AI/AN,1998
2022-06,Depressive Disorders,RaceEthnicity,All,1646
2022-06,Depressive Disorders,RaceEthnicity,Asian,871
2022-06,Depressive Disorders,RaceEthnicity,Black,1122
2022-06,Depressive Disorders,RaceEthnicity,Hispanic,1170
2022-06,Depressive Disorders,RaceEthnicity,Multiple/Other,1109
2022-06,Depressive Disorders,RaceEthnicity,NHOPI,965
2022-06,Depressive Disorders,RaceEthnicity,White,2096
2022-06,Depressive Disorders,Sex,All,1646
2022-06,Depressive Disorders,Sex,Female,1831
2022-06,Depressive Disorders,Sex,Male,1427
2022-06,Depressive Disorders,Total,All,1646
2022-05,Depressive Disorders,Age,12-17 years,3301
2022-05,Depressive Disorders,Age,18-34 years,1767
2022-05,Depressive Disorders,Age,35-64 years,1940
2022-05,Depressive Disorders,Age,65+ years,1889
2022-05,Depressive Disorders,Age,All,1703
2022-05,Depressive Disorders,RaceEthnicity,AI/AN,2053
2022-05,Depressive Disorders,RaceEthnicity,All,1703
2022-05,Depressive Disorders,RaceEthnicity,Asian,904
2022-05,Depressive Disorders,RaceEthnicity,Black,1168
2022-05,Depressive Disorders,RaceEthnicity,Hispanic,1202
2022-05,Depressive Disorders,RaceEthnicity,Multiple/Other,1145
2022-05,Depressive Disorders,RaceEthnicity,NHOPI,1087
2022-05,Depressive Disorders,RaceEthnicity,White,2174
2022-05,Depressive Disorders,Sex,All,1703
2022-05,Depressive Disorders,Sex,Female,1915
2022-05,Depressive Disorders,Sex,Male,1455
2022-05,Depressive Disorders,Total,All,1703
2022-04,Depressive Disorders,Age,12-17 years,3571
2022-04,Depressive Disorders,Age,18-34 years,1845
2022-04,Depressive Disorders,Age,35-64 years,2027
2022-04,Depressive Disorders,Age,65+ years,1946
2022-04,Depressive Disorders,Age,All,1794
2022-04,Depressive Disorders,RaceEthnicity,AI/AN,2191
2022-04,Depressive Disorders,RaceEthnicity,All,1794
2022-04,Depressive Disorders,RaceEthnicity,Asian,1059
2022-04,Depressive Disorders,RaceEthnicity,Black,1212
2022-04,Depressive Disorders,RaceEthnicity,Hispanic,1256
2022-04,Depressive Disorders,RaceEthnicity,Multiple/Other,1212
2022-04,Depressive Disorders,RaceEthnicity,NHOPI,1244
2022-04,Depressive Disorders,RaceEthnicity,White,2287
2022-04,Depressive Disorders,Sex,All,1794
2022-04,Depressive Disorders,Sex,Female,2026
2022-04,Depressive Disorders,Sex,Male,1535
2022-04,Depressive Disorders,Total,All,1794
2022-03,Depressive Disorders,Age,12-17 years,4256
2022-03,Depressive Disorders,Age,18-34 years,1945
2022-03,Depressive Disorders,Age,35-64 years,2078
2022-03,Depressive Disorders,Age,65+ years,1959
2022-03,Depressive Disorders,Age,All,1888
2022-03,Depressive Disorders,RaceEthnicity,AI/AN,2214
2022-03,Depressive Disorders,RaceEthnicity,All,1888
2022-03,Depressive Disorders,RaceEthnicity,Asian,1104
2022-03,Depressive Disorders,RaceEthnicity,Black,1273
2022-03,Depressive Disorders,RaceEthnicity,Hispanic,1385
2022-03,Depressive Disorders,RaceEthnicity,Multiple/Other,1314
2022-03,Depressive Disorders,RaceEthnicity,NHOPI,1403
2022-03,Depressive Disorders,RaceEthnicity,White,2386
2022-03,Depressive Disorders,Sex,All,1888
2022-03,Depressive Disorders,Sex,Female,2126
2022-03,Depressive Disorders,Sex,Male,1622
2022-03,Depressive Disorders,Total,All,1888
2022-02,Depressive Disorders,Age,12-17 years,4644
2022-02,Depressive Disorders,Age,18-34 years,2080
2022-02,Depressive Disorders,Age,35-64 years,2113
2022-02,Depressive Disorders,Age,65+ years,2014
2022-02,Depressive Disorders,Age,All,1989
2022-02,Depressive Disorders,RaceEthnicity,AI/AN,2344
2022-02,Depressive Disorders,RaceEthnicity,All,1989
2022-02,Depressive Disorders,RaceEthnicity,Asian,1113
2022-02,Depressive Disorders,RaceEthnicity,Black,1373
2022-02,Depressive Disorders,RaceEthnicity,Hispanic,1473
2022-02,Depressive Disorders,RaceEthnicity,Multiple/Other,1397
2022-02,Depressive Disorders,RaceEthnicity,NHOPI,1324
2022-02,Depressive Disorders,RaceEthnicity,White,2469
2022-02,Depressive Disorders,Sex,All,1989
2022-02,Depressive Disorders,Sex,Female,2256
2022-02,Depressive Disorders,Sex,Male,1694
2022-02,Depressive Disorders,Total,All,1989
2022-01,Depressive Disorders,Age,12-17 years,3364
2022-01,Depressive Disorders,Age,18-34 years,1653
2022-01,Depressive Disorders,Age,35-64 years,1866
2022-01,Depressive Disorders,Age,65+ years,1944
2022-01,Depressive Disorders,Age,All,1707
2022-01,Depressive Disorders,RaceEthnicity,AI/AN,2066
2022-01,Depressive Disorders,RaceEthnicity,All,1707
2022-01,Depressive Disorders,RaceEthnicity,Asian,901
2022-01,Depressive Disorders,RaceEthnicity,Black,1120
2022-01,Depressive Disorders,RaceEthnicity,Hispanic,1228
2022-01,Depressive Disorders,RaceEthnicity,Multiple/Other,1109
2022-01,Depressive Disorders,RaceEthnicity,NHOPI,944
2022-01,Depressive Disorders,RaceEthnicity,White,2182
2022-01,Depressive Disorders,Sex,All,1707
2022-01,Depressive Disorders,Sex,Female,1908
2022-01,Depressive Disorders,Sex,Male,1486
2022-01,Depressive Disorders,Total,All,1707
2021-12,Depressive Disorders,Age,12-17 years,3250
2021-12,Depressive Disorders,Age,18-34 years,1544
2021-12,Depressive Disorders,Age,35-64 years,1821
2021-12,Depressive Disorders,Age,65+ years,1869
2021-12,Depressive Disorders,Age,All,1603
2021-12,Depressive Disorders,RaceEthnicity,AI/AN,2087
2021-12,Depressive Disorders,RaceEthnicity,All,1603
2021-12,Depressive Disorders,RaceEthnicity,Asian,945
2021-12,Depressive Disorders,RaceEthnicity,Black,1016
2021-12,Depressive Disorders,RaceEthnicity,Hispanic,1169
2021-12,Depressive Disorders,RaceEthnicity,Multiple/Other,1016
2021-12,Depressive Disorders,RaceEthnicity,NHOPI,1236
2021-12,Depressive Disorders,RaceEthnicity,White,2083
2021-12,Depressive Disorders,Sex,All,1603
2021-12,Depressive Disorders,Sex,Female,1803
2021-12,Depressive Disorders,Sex,Male,1395
2021-12,Depressive Disorders,Total,All,1603
2021-11,Depressive Disorders,Age,12-17 years,3874
2021-11,Depressive Disorders,Age,18-34 years,1830
2021-11,Depressive Disorders,Age,35-64 years,1950
2021-11,Depressive Disorders,Age,65+ years,1861
2021-11,Depressive Disorders,Age,All,1752
2021-11,Depressive Disorders,RaceEthnicity,AI/AN,2188
2021-11,Depressive Disorders,RaceEthnicity,All,1752
2021-11,Depressive Disorders,RaceEthnicity,Asian,1038
2021-11,Depressive Disorders,RaceEthnicity,Black,1185
2021-11,Depressive Disorders,RaceEthnicity,Hispanic,1339
2021-11,Depressive Disorders,RaceEthnicity,Multiple/Other,1153
2021-11,Depressive Disorders,RaceEthnicity,NHOPI,1057
2021-11,Depressive Disorders,RaceEthnicity,White,2190
2021-11,Depressive Disorders,Sex,All,1752
2021-11,Depressive Disorders,Sex,Female,2002
2021-11,Depressive Disorders,Sex,Male,1493
2021-11,Depressive Disorders,Total,All,1752
2021-10,Depressive Disorders,Age,12-17 years,3599
2021-10,Depressive Disorders,Age,18-34 years,1875
2021-10,Depressive Disorders,Age,35-64 years,2016
2021-10,Depressive Disorders,Age,65+ years,1909
2021-10,Depressive Disorders,Age,All,1798
2021-10,Depressive Disorders,RaceEthnicity,AI/AN,2197
2021-10,Depressive Disorders,RaceEthnicity,All,1798
2021-10,Depressive Disorders,RaceEthnicity,Asian,1086
2021-10,Depressive Disorders,RaceEthnicity,Black,1213
2021-10,Depressive Disorders,RaceEthnicity,Hispanic,1410
2021-10,Depressive Disorders,RaceEthnicity,Multiple/Other,1169
2021-10,Depressive Disorders,RaceEthnicity,NHOPI,1397
2021-10,Depressive Disorders,RaceEthnicity,White,2250
2021-10,Depressive Disorders,Sex,All,1798
2021-10,Depressive Disorders,Sex,Female,2065
2021-10,Depressive Disorders,Sex,Male,1521
2021-10,Depressive Disorders,Total,All,1798
2021-09,Depressive Disorders,Age,12-17 years,3109
2021-09,Depressive Disorders,Age,18-34 years,1795
2021-09,Depressive Disorders,Age,35-64 years,2034
2021-09,Depressive Disorders,Age,65+ years,2024
2021-09,Depressive Disorders,Age,All,1783
2021-09,Depressive Disorders,RaceEthnicity,AI/AN,2186
2021-09,Depressive Disorders,RaceEthnicity,All,1783
2021-09,Depressive Disorders,RaceEthnicity,Asian,1027
2021-09,Depressive Disorders,RaceEthnicity,Black,1148
2021-09,Depressive Disorders,RaceEthnicity,Hispanic,1342
2021-09,Depressive Disorders,RaceEthnicity,Multiple/Other,1138
2021-09,Depressive Disorders,RaceEthnicity,NHOPI,1356
2021-09,Depressive Disorders,RaceEthnicity,White,2275
2021-09,Depressive Disorders,Sex,All,1783
2021-09,Depressive Disorders,Sex,Female,2059
2021-09,Depressive Disorders,Sex,Male,1499
2021-09,Depressive Disorders,Total,All,1783
2021-08,Depressive Disorders,Age,12-17 years,2357
2021-08,Depressive Disorders,Age,18-34 years,1655
2021-08,Depressive Disorders,Age,35-64 years,1941
2021-08,Depressive Disorders,Age,65+ years,1990
2021-08,Depressive Disorders,Age,All,1669
2021-08,Depressive Disorders,RaceEthnicity,AI/AN,1960
2021-08,Depressive Disorders,RaceEthnicity,All,1669
2021-08,Depressive Disorders,RaceEthnicity,Asian,900
2021-08,Depressive Disorders,RaceEthnicity,Black,1064
2021-08,Depressive Disorders,RaceEthnicity,Hispanic,1237
2021-08,Depressive Disorders,RaceEthnicity,Multiple/Other,1198
2021-08,Depressive Disorders,RaceEthnicity,NHOPI,1129
2021-08,Depressive Disorders,RaceEthnicity,White,2139
2021-08,Depressive Disorders,Sex,All,1669
2021-08,Depressive Disorders,Sex,Female,1906
2021-08,Depressive Disorders,Sex,Male,1428
2021-08,Depressive Disorders,Total,All,1669
2021-07,Depressive Disorders,Age,12-17 years,2646
2021-07,Depressive Disorders,Age,18-34 years,1760
2021-07,Depressive Disorders,Age,35-64 years,2066
2021-07,Depressive Disorders,Age,65+ years,2041
2021-07,Depressive Disorders,Age,All,1776
2021-07,Depressive Disorders,RaceEthnicity,AI/AN,2250
2021-07,Depressive Disorders,RaceEthnicity,All,1776
2021-07,Depressive Disorders,RaceEthnicity,Asian,939
2021-07,Depressive Disorders,RaceEthnicity,Black,1142
2021-07,Depressive Disorders,RaceEthnicity,Hispanic,1330
2021-07,Depressive Disorders,RaceEthnicity,Multiple/Other,1326
2021-07,Depressive Disorders,RaceEthnicity,NHOPI,1266
2021-07,Depressive Disorders,RaceEthnicity,White,2252
2021-07,Depressive Disorders,Sex,All,1776
2021-07,Depressive Disorders,Sex,Female,2018
2021-07,Depressive Disorders,Sex,Male,1525
2021-07,Depressive Disorders,Total,All,1776
2021-06,Depressive Disorders,Age,12-17 years,3236
2021-06,Depressive Disorders,Age,18-34 years,1911
2021-06,Depressive Disorders,Age,35-64 years,2179
2021-06,Depressive Disorders,Age,65+ years,2106
2021-06,Depressive Disorders,Age,All,1904
2021-06,Depressive Disorders,RaceEthnicity,AI/AN,2270
2021-06,Depressive Disorders,RaceEthnicity,All,1904
2021-06,Depressive Disorders,RaceEthnicity,Asian,1082
2021-06,Depressive Disorders,RaceEthnicity,Black,1240
2021-06,Depressive Disorders,RaceEthnicity,Hispanic,1502
2021-06,Depressive Disorders,RaceEthnicity,Multiple/Other,1479
2021-06,Depressive Disorders,RaceEthnicity,NHOPI,1273
2021-06,Depressive Disorders,RaceEthnicity,White,2376
2021-06,Depressive Disorders,Sex,All,1904
2021-06,Depressive Disorders,Sex,Female,2167
2021-06,Depressive Disorders,Sex,Male,1635
2021-06,Depressive Disorders,Total,All,1904
2021-05,Depressive Disorders,Age,12-17 years,4212
2021-05,Depressive Disorders,Age,18-34 years,1975
2021-05,Depressive Disorders,Age,35-64 years,2215
2021-05,Depressive Disorders,Age,65+ years,2120
2021-05,Depressive Disorders,Age,All,1989
2021-05,Depressive Disorders,RaceEthnicity,AI/AN,2328
2021-05,Depressive Disorders,RaceEthnicity,All,1989
2021-05,Depressive Disorders,RaceEthnicity,Asian,1077
2021-05,Depressive Disorders,RaceEthnicity,Black,1288
2021-05,Depressive Disorders,RaceEthnicity,Hispanic,1576
2021-05,Depressive Disorders,RaceEthnicity,Multiple/Other,1506
2021-05,Depressive Disorders,RaceEthnicity,NHOPI,1389
2021-05,Depressive Disorders,RaceEthnicity,White,2481
2021-05,Depressive Disorders,Sex,All,1989
2021-05,Depressive Disorders,Sex,Female,2289
2021-05,Depressive Disorders,Sex,Male,1679
2021-05,Depressive Disorders,Total,All,1989
2021-04,Depressive Disorders,Age,12-17 years,4343
2021-04,Depressive Disorders,Age,18-34 years,1984
2021-04,Depressive Disorders,Age,35-64 years,2218
2021-04,Depressive Disorders,Age,65+ years,2156
2021-04,Depressive Disorders,Age,All,2031
2021-04,Depressive Disorders,RaceEthnicity,AI/AN,2348
2021-04,Depressive Disorders,RaceEthnicity,All,2031
2021-04,Depressive Disorders,RaceEthnicity,Asian,1178
2021-04,Depressive Disorders,RaceEthnicity,Black,1323
2021-04,Depressive Disorders,RaceEthnicity,Hispanic,1620
2021-04,Depressive Disorders,RaceEthnicity,Multiple/Other,1519
2021-04,Depressive Disorders,RaceEthnicity,NHOPI,1214
2021-04,Depressive Disorders,RaceEthnicity,White,2528
2021-04,Depressive Disorders,Sex,All,2031
2021-04,Depressive Disorders,Sex,Female,2336
2021-04,Depressive Disorders,Sex,Male,1713
2021-04,Depressive Disorders,Total,All,2031
2021-03,Depressive Disorders,Age,12-17 years,5028
2021-03,Depressive Disorders,Age,18-34 years,2183
2021-03,Depressive Disorders,Age,35-64 years,2403
2021-03,Depressive Disorders,Age,65+ years,2278
2021-03,Depressive Disorders,Age,All,2227
2021-03,Depressive Disorders,RaceEthnicity,AI/AN,2670
2021-03,Depressive Disorders,RaceEthnicity,All,2227
2021-03,Depressive Disorders,RaceEthnicity,Asian,1357
2021-03,Depressive Disorders,RaceEthnicity,Black,1457
2021-03,Depressive Disorders,RaceEthnicity,Hispanic,1839
2021-03,Depressive Disorders,RaceEthnicity,Multiple/Other,1633
2021-03,Depressive Disorders,RaceEthnicity,NHOPI,1610
2021-03,Depressive Disorders,RaceEthnicity,White,2756
2021-03,Depressive Disorders,Sex,All,2227
2021-03,Depressive Disorders,Sex,Female,2564
2021-03,Depressive Disorders,Sex,Male,1880
2021-03,Depressive Disorders,Total,All,2227
2021-02,Depressive Disorders,Age,12-17 years,5405
2021-02,Depressive Disorders,Age,18-34 years,2330
2021-02,Depressive Disorders,Age,35-64 years,2465
2021-02,Depressive Disorders,Age,65+ years,2311
2021-02,Depressive Disorders,Age,All,2328
2021-02,Depressive Disorders,RaceEthnicity,AI/AN,2929
2021-02,Depressive Disorders,RaceEthnicity,All,2328
2021-02,Depressive Disorders,RaceEthnicity,Asian,1312
2021-02,Depressive Disorders,RaceEthnicity,Black,1554
2021-02,Depressive Disorders,RaceEthnicity,Hispanic,1964
2021-02,Depressive Disorders,RaceEthnicity,Multiple/Other,1668
2021-02,Depressive Disorders,RaceEthnicity,NHOPI,1910
2021-02,Depressive Disorders,RaceEthnicity,White,2862
2021-02,Depressive Disorders,Sex,All,2328
2021-02,Depressive Disorders,Sex,Female,2659
2021-02,Depressive Disorders,Sex,Male,1980
2021-02,Depressive Disorders,Total,All,2328
2021-01,Depressive Disorders,Age,12-17 years,4812
2021-01,Depressive Disorders,Age,18-34 years,2162
2021-01,Depressive Disorders,Age,35-64 years,2435
2021-01,Depressive Disorders,Age,65+ years,2343
2021-01,Depressive Disorders,Age,All,2261
2021-01,Depressive Disorders,RaceEthnicity,AI/AN,2882
2021-01,Depressive Disorders,RaceEthnicity,All,2261
2021-01,Depressive Disorders,RaceEthnicity,Asian,1368
2021-01,Depressive Disorders,RaceEthnicity,Black,1521
2021-01,Depressive Disorders,RaceEthnicity,Hispanic,1937
2021-01,Depressive Disorders,RaceEthnicity,Multiple/Other,1706
2021-01,Depressive Disorders,RaceEthnicity,NHOPI,1615
2021-01,Depressive Disorders,RaceEthnicity,White,2821
2021-01,Depressive Disorders,Sex,All,2261
2021-01,Depressive Disorders,Sex,Female,2572
2021-01,Depressive Disorders,Sex,Male,1929
2021-01,Depressive Disorders,Total,All,2261
2020-12,Depressive Disorders,Age,12-17 years,4524
2020-12,Depressive Disorders,Age,18-34 years,2187
2020-12,Depressive Disorders,Age,35-64 years,2457
2020-12,Depressive Disorders,Age,65+ years,2358
2020-12,Depressive Disorders,Age,All,2268
2020-12,Depressive Disorders,RaceEthnicity,AI/AN,2864
2020-12,Depressive Disorders,RaceEthnicity,All,2268
2020-12,Depressive Disorders,RaceEthnicity,Asian,1330
2020-12,Depressive Disorders,RaceEthnicity,Black,1581
2020-12,Depressive Disorders,RaceEthnicity,Hispanic,1901
2020-12,Depressive Disorders,RaceEthnicity,Multiple/Other,1725
2020-12,Depressive Disorders,RaceEthnicity,NHOPI,1759
2020-12,Depressive Disorders,RaceEthnicity,White,2840
2020-12,Depressive Disorders,Sex,All,2268
2020-12,Depressive Disorders,Sex,Female,2589
2020-12,Depressive Disorders,Sex,Male,1916
2020-12,Depressive Disorders,Total,All,2268
2020-11,Depressive Disorders,Age,12-17 years,4590
2020-11,Depressive Disorders,Age,18-34 years,2231
2020-11,Depressive Disorders,Age,35-64 years,2559
2020-11,Depressive Disorders,Age,65+ years,2416
2020-11,Depressive Disorders,Age,All,2332
2020-11,Depressive Disorders,RaceEthnicity,AI/AN,2830
2020-11,Depressive Disorders,RaceEthnicity,All,2332
2020-11,Depressive Disorders,RaceEthnicity,Asian,1427
2020-11,Depressive Disorders,RaceEthnicity,Black,1591
2020-11,Depressive Disorders,RaceEthnicity,Hispanic,1919
2020-11,Depressive Disorders,RaceEthnicity,Multiple/Other,1832
2020-11,Depressive Disorders,RaceEthnicity,NHOPI,1777
2020-11,Depressive Disorders,RaceEthnicity,White,2936
2020-11,Depressive Disorders,Sex,All,2332
2020-11,Depressive Disorders,Sex,Female,2678
2020-11,Depressive Disorders,Sex,Male,1947
2020-11,Depressive Disorders,Total,All,2332
2020-10,Depressive Disorders,Age,12-17 years,4504
2020-10,Depressive Disorders,Age,18-34 years,2396
2020-10,Depressive Disorders,Age,35-64 years,2773
2020-10,Depressive Disorders,Age,65+ years,2508
2020-10,Depressive Disorders,Age,All,2478
2020-10,Depressive Disorders,RaceEthnicity,AI/AN,2937
2020-10,Depressive Disorders,RaceEthnicity,All,2478
2020-10,Depressive Disorders,RaceEthnicity,Asian,1498
2020-10,Depressive Disorders,RaceEthnicity,Black,1741
2020-10,Depressive Disorders,RaceEthnicity,Hispanic,2051
2020-10,Depressive Disorders,RaceEthnicity,Multiple/Other,1867
2020-10,Depressive Disorders,RaceEthnicity,NHOPI,1825
2020-10,Depressive Disorders,RaceEthnicity,White,3135
2020-10,Depressive Disorders,Sex,All,2478
2020-10,Depressive Disorders,Sex,Female,2864
2020-10,Depressive Disorders,Sex,Male,2052
2020-10,Depressive Disorders,Total,All,2478
2020-09,Depressive Disorders,Age,12-17 years,4173
2020-09,Depressive Disorders,Age,18-34 years,2459
2020-09,Depressive Disorders,Age,35-64 years,2896
2020-09,Depressive Disorders,Age,65+ years,2606
2020-09,Depressive Disorders,Age,All,2546
2020-09,Depressive Disorders,RaceEthnicity,AI/AN,2805
2020-09,Depressive Disorders,RaceEthnicity,All,2546
2020-09,Depressive Disorders,RaceEthnicity,Asian,1504
2020-09,Depressive Disorders,RaceEthnicity,Black,1804
2020-09,Depressive Disorders,RaceEthnicity,Hispanic,2118
2020-09,Depressive Disorders,RaceEthnicity,Multiple/Other,1881
2020-09,Depressive Disorders,RaceEthnicity,NHOPI,2027
2020-09,Depressive Disorders,RaceEthnicity,White,3218
2020-09,Depressive Disorders,Sex,All,2546
2020-09,Depressive Disorders,Sex,Female,2939
2020-09,Depressive Disorders,Sex,Male,2117
2020-09,Depressive Disorders,Total,All,2546
2020-08,Depressive Disorders,Age,12-17 years,3473
2020-08,Depressive Disorders,Age,18-34 years,2431
2020-08,Depressive Disorders,Age,35-64 years,2904
2020-08,Depressive Disorders,Age,65+ years,2658
2020-08,Depressive Disorders,Age,All,2525
2020-08,Depressive Disorders,RaceEthnicity,AI/AN,2541
2020-08,Depressive Disorders,RaceEthnicity,All,2525
2020-08,Depressive Disorders,RaceEthnicity,Asian,1374
2020-08,Depressive Disorders,RaceEthnicity,Black,1793
2020-08,Depressive Disorders,RaceEthnicity,Hispanic,2017
2020-08,Depressive Disorders,RaceEthnicity,Multiple/Other,1820
2020-08,Depressive Disorders,RaceEthnicity,NHOPI,1759
2020-08,Depressive Disorders,RaceEthnicity,White,3204
2020-08,Depressive Disorders,Sex,All,2525
2020-08,Depressive Disorders,Sex,Female,2915
2020-08,Depressive Disorders,Sex,Male,2104
2020-08,Depressive Disorders,Total,All,2525
2020-07,Depressive Disorders,Age,12-17 years,3280
2020-07,Depressive Disorders,Age,18-34 years,2344
2020-07,Depressive Disorders,Age,35-64 years,2816
2020-07,Depressive Disorders,Age,65+ years,2611
2020-07,Depressive Disorders,Age,All,2455
2020-07,Depressive Disorders,RaceEthnicity,AI/AN,2567
2020-07,Depressive Disorders,RaceEthnicity,All,2455
2020-07,Depressive Disorders,RaceEthnicity,Asian,1351
2020-07,Depressive Disorders,RaceEthnicity,Black,1727
2020-07,Depressive Disorders,RaceEthnicity,Hispanic,1863
2020-07,Depressive Disorders,RaceEthnicity,Multiple/Other,1753
2020-07,Depressive Disorders,RaceEthnicity,NHOPI,1574
2020-07,Depressive Disorders,RaceEthnicity,White,3148
2020-07,Depressive Disorders,Sex,All,2455
2020-07,Depressive Disorders,Sex,Female,2834
2020-07,Depressive Disorders,Sex,Male,2047
2020-07,Depressive Disorders,Total,All,2455
2020-06,Depressive Disorders,Age,12-17 years,3419
2020-06,Depressive Disorders,Age,18-34 years,2409
2020-06,Depressive Disorders,Age,35-64 years,2912
2020-06,Depressive Disorders,Age,65+ years,2622
2020-06,Depressive Disorders,Age,All,2521
2020-06,Depressive Disorders,RaceEthnicity,AI/AN,2711
2020-06,Depressive Disorders,RaceEthnicity,All,2521
2020-06,Depressive Disorders,RaceEthnicity,Asian,1390
2020-06,Depressive Disorders,RaceEthnicity,Black,1771
2020-06,Depressive Disorders,RaceEthnicity,Hispanic,1927
2020-06,Depressive Disorders,RaceEthnicity,Multiple/Other,1799
2020-06,Depressive Disorders,RaceEthnicity,NHOPI,1773
2020-06,Depressive Disorders,RaceEthnicity,White,3176
2020-06,Depressive Disorders,Sex,All,2521
2020-06,Depressive Disorders,Sex,Female,2904
2020-06,Depressive Disorders,Sex,Male,2117
2020-06,Depressive Disorders,Total,All,2521
2020-05,Depressive Disorders,Age,12-17 years,4185
2020-05,Depressive Disorders,Age,18-34 years,2595
2020-05,Depressive Disorders,Age,35-64 years,3038
2020-05,Depressive Disorders,Age,65+ years,2692
2020-05,Depressive Disorders,Age,All,2674
2020-05,Depressive Disorders,RaceEthnicity,AI/AN,2739
2020-05,Depressive Disorders,RaceEthnicity,All,2674
2020-05,Depressive Disorders,RaceEthnicity,Asian,1371
2020-05,Depressive Disorders,RaceEthnicity,Black,1886
2020-05,Depressive Disorders,RaceEthnicity,Hispanic,2083
2020-05,Depressive Disorders,RaceEthnicity,Multiple/Other,1789
2020-05,Depressive Disorders,RaceEthnicity,NHOPI,2061
2020-05,Depressive Disorders,RaceEthnicity,White,3317
2020-05,Depressive Disorders,Sex,All,2674
2020-05,Depressive Disorders,Sex,Female,3073
2020-05,Depressive Disorders,Sex,Male,2255
2020-05,Depressive Disorders,Total,All,2674
2020-04,Depressive Disorders,Age,12-17 years,4830
2020-04,Depressive Disorders,Age,18-34 years,2529
2020-04,Depressive Disorders,Age,35-64 years,2913
2020-04,Depressive Disorders,Age,65+ years,2615
2020-04,Depressive Disorders,Age,All,2622
2020-04,Depressive Disorders,RaceEthnicity,AI/AN,2635
2020-04,Depressive Disorders,RaceEthnicity,All,2622
2020-04,Depressive Disorders,RaceEthnicity,Asian,1278
2020-04,Depressive Disorders,RaceEthnicity,Black,1843
2020-04,Depressive Disorders,RaceEthnicity,Hispanic,1984
2020-04,Depressive Disorders,RaceEthnicity,Multiple/Other,1732
2020-04,Depressive Disorders,RaceEthnicity,NHOPI,1913
2020-04,Depressive Disorders,RaceEthnicity,White,3322
2020-04,Depressive Disorders,Sex,All,2622
2020-04,Depressive Disorders,Sex,Female,2978
2020-04,Depressive Disorders,Sex,Male,2258
2020-04,Depressive Disorders,Total,All,2622
2020-03,Depressive Disorders,Age,12-17 years,3837
2020-03,Depressive Disorders,Age,18-34 years,2113
2020-03,Depressive Disorders,Age,35-64 years,2594
2020-03,Depressive Disorders,Age,65+ years,2422
2020-03,Depressive Disorders,Age,All,2200
2020-03,Depressive Disorders,RaceEthnicity,AI/AN,2337
2020-03,Depressive Disorders,RaceEthnicity,All,2200
2020-03,Depressive Disorders,RaceEthnicity,Asian,1116
2020-03,Depressive Disorders,RaceEthnicity,Black,1490
2020-03,Depressive Disorders,RaceEthnicity,Hispanic,1595
2020-03,Depressive Disorders,RaceEthnicity,Multiple/Other,1452
2020-03,Depressive Disorders,RaceEthnicity,NHOPI,1222
2020-03,Depressive Disorders,RaceEthnicity,White,2883
2020-03,Depressive Disorders,Sex,All,2200
2020-03,Depressive Disorders,Sex,Female,2492
2020-03,Depressive Disorders,Sex,Male,1887
2020-03,Depressive Disorders,Total,All,2200
2020-02,Depressive Disorders,Age,12-17 years,3590
2020-02,Depressive Disorders,Age,18-34 years,2233
2020-02,Depressive Disorders,Age,35-64 years,2669
2020-02,Depressive Disorders,Age,65+ years,2404
2020-02,Depressive Disorders,Age,All,2191
2020-02,Depressive Disorders,RaceEthnicity,AI/AN,2215
2020-02,Depressive Disorders,RaceEthnicity,All,2191
2020-02,Depressive Disorders,RaceEthnicity,Asian,1189
2020-02,Depressive Disorders,RaceEthnicity,Black,1481
2020-02,Depressive Disorders,RaceEthnicity,Hispanic,1572
2020-02,Depressive Disorders,RaceEthnicity,Multiple/Other,1498
2020-02,Depressive Disorders,RaceEthnicity,NHOPI,1272
2020-02,Depressive Disorders,RaceEthnicity,White,2836
2020-02,Depressive Disorders,Sex,All,2191
2020-02,Depressive Disorders,Sex,Female,2475
2020-02,Depressive Disorders,Sex,Male,1866
2020-02,Depressive Disorders,Total,All,2191
2020-01,Depressive Disorders,Age,12-17 years,3382
2020-01,Depressive Disorders,Age,18-34 years,2169
2020-01,Depressive Disorders,Age,35-64 years,2650
2020-01,Depressive Disorders,Age,65+ years,2332
2020-01,Depressive Disorders,Age,All,2142
2020-01,Depressive Disorders,RaceEthnicity,AI/AN,2117
2020-01,Depressive Disorders,RaceEthnicity,All,2142
2020-01,Depressive Disorders,RaceEthnicity,Asian,1098
2020-01,Depressive Disorders,RaceEthnicity,Black,1457
2020-01,Depressive Disorders,RaceEthnicity,Hispanic,1522
2020-01,Depressive Disorders,RaceEthnicity,Multiple/Other,1487
2020-01,Depressive Disorders,RaceEthnicity,NHOPI,1233
2020-01,Depressive Disorders,RaceEthnicity,White,2812
2020-01,Depressive Disorders,Sex,All,2142
2020-01,Depressive Disorders,Sex,Female,2400
2020-01,Depressive Disorders,Sex,Male,1836
2020-01,Depressive Disorders,Total,All,2142
2019-12,Depressive Disorders,Age,12-17 years,2997
2019-12,Depressive Disorders,Age,18-34 years,2110
2019-12,Depressive Disorders,Age,35-64 years,2634
2019-12,Depressive Disorders,Age,65+ years,2261
2019-12,Depressive Disorders,Age,All,2044
2019-12,Depressive Disorders,RaceEthnicity,AI/AN,2106
2019-12,Depressive Disorders,RaceEthnicity,All,2044
2019-12,Depressive Disorders,RaceEthnicity,Asian,1118
2019-12,Depressive Disorders,RaceEthnicity,Black,1410
2019-12,Depressive Disorders,RaceEthnicity,Hispanic,1542
2019-12,Depressive Disorders,RaceEthnicity,Multiple/Other,1328
2019-12,Depressive Disorders,RaceEthnicity,NHOPI,1306
2019-12,Depressive Disorders,RaceEthnicity,White,2659
2019-12,Depressive Disorders,Sex,All,2044
2019-12,Depressive Disorders,Sex,Female,2295
2019-12,Depressive Disorders,Sex,Male,1769
2019-12,Depressive Disorders,Total,All,2044
2019-11,Depressive Disorders,Age,12-17 years,3433
2019-11,Depressive Disorders,Age,18-34 years,2253
2019-11,Depressive Disorders,Age,35-64 years,2679
2019-11,Depressive Disorders,Age,65+ years,2250
2019-11,Depressive Disorders,Age,All,2143
2019-11,Depressive Disorders,RaceEthnicity,AI/AN,2329
2019-11,Depressive Disorders,RaceEthnicity,All,2143
2019-11,Depressive Disorders,RaceEthnicity,Asian,1240
2019-11,Depressive Disorders,RaceEthnicity,Black,1498
2019-11,Depressive Disorders,RaceEthnicity,Hispanic,1618
2019-11,Depressive Disorders,RaceEthnicity,Multiple/Other,1473
2019-11,Depressive Disorders,RaceEthnicity,NHOPI,1375
2019-11,Depressive Disorders,RaceEthnicity,White,2735
2019-11,Depressive Disorders,Sex,All,2143
2019-11,Depressive Disorders,Sex,Female,2424
2019-11,Depressive Disorders,Sex,Male,1834
2019-11,Depressive Disorders,Total,All,2143
2019-10,Depressive Disorders,Age,12-17 years,3418
2019-10,Depressive Disorders,Age,18-34 years,2282
2019-10,Depressive Disorders,Age,35-64 years,2685
2019-10,Depressive Disorders,Age,65+ years,2285
2019-10,Depressive Disorders,Age,All,2213
2019-10,Depressive Disorders,RaceEthnicity,AI/AN,2333
2019-10,Depressive Disorders,RaceEthnicity,All,2213
2019-10,Depressive Disorders,RaceEthnicity,Asian,1253
2019-10,Depressive Disorders,RaceEthnicity,Black,1538
2019-10,Depressive Disorders,RaceEthnicity,Hispanic,1695
2019-10,Depressive Disorders,RaceEthnicity,Multiple/Other,1592
2019-10,Depressive Disorders,RaceEthnicity,NHOPI,1449
2019-10,Depressive Disorders,RaceEthnicity,White,2834
2019-10,Depressive Disorders,Sex,All,2213
2019-10,Depressive Disorders,Sex,Female,2510
2019-10,Depressive Disorders,Sex,Male,1897
2019-10,Depressive Disorders,Total,All,2213
2019-09,Depressive Disorders,Age,12-17 years,2900
2019-09,Depressive Disorders,Age,18-34 years,2217
2019-09,Depressive Disorders,Age,35-64 years,2677
2019-09,Depressive Disorders,Age,65+ years,2292
2019-09,Depressive Disorders,Age,All,2180
2019-09,Depressive Disorders,RaceEthnicity,AI/AN,2325
2019-09,Depressive Disorders,RaceEthnicity,All,2180
2019-09,Depressive Disorders,RaceEthnicity,Asian,1150
2019-09,Depressive Disorders,RaceEthnicity,Black,1538
2019-09,Depressive Disorders,RaceEthnicity,Hispanic,1652
2019-09,Depressive Disorders,RaceEthnicity,Multiple/Other,1506
2019-09,Depressive Disorders,RaceEthnicity,NHOPI,1338
2019-09,Depressive Disorders,RaceEthnicity,White,2787
2019-09,Depressive Disorders,Sex,All,2180
2019-09,Depressive Disorders,Sex,Female,2474
2019-09,Depressive Disorders,Sex,Male,1864
2019-09,Depressive Disorders,Total,All,2180
2019-08,Depressive Disorders,Age,12-17 years,2426
2019-08,Depressive Disorders,Age,18-34 years,2199
2019-08,Depressive Disorders,Age,35-64 years,2700
2019-08,Depressive Disorders,Age,65+ years,2300
2019-08,Depressive Disorders,Age,All,2183
2019-08,Depressive Disorders,RaceEthnicity,AI/AN,2197
2019-08,Depressive Disorders,RaceEthnicity,All,2183
2019-08,Depressive Disorders,RaceEthnicity,Asian,1076
2019-08,Depressive Disorders,RaceEthnicity,Black,1549
2019-08,Depressive Disorders,RaceEthnicity,Hispanic,1654
2019-08,Depressive Disorders,RaceEthnicity,Multiple/Other,1555
2019-08,Depressive Disorders,RaceEthnicity,NHOPI,1214
2019-08,Depressive Disorders,RaceEthnicity,White,2760
2019-08,Depressive Disorders,Sex,All,2183
2019-08,Depressive Disorders,Sex,Female,2470
2019-08,Depressive Disorders,Sex,Male,1878
2019-08,Depressive Disorders,Total,All,2183
2019-07,Depressive Disorders,Age,12-17 years,2293
2019-07,Depressive Disorders,Age,18-34 years,2126
2019-07,Depressive Disorders,Age,35-64 years,2630
2019-07,Depressive Disorders,Age,65+ years,2252
2019-07,Depressive Disorders,Age,All,2126
2019-07,Depressive Disorders,RaceEthnicity,AI/AN,2201
2019-07,Depressive Disorders,RaceEthnicity,All,2126
2019-07,Depressive Disorders,RaceEthnicity,Asian,1070
2019-07,Depressive Disorders,RaceEthnicity,Black,1544
2019-07,Depressive Disorders,RaceEthnicity,Hispanic,1630
2019-07,Depressive Disorders,RaceEthnicity,Multiple/Other,1513
2019-07,Depressive Disorders,RaceEthnicity,NHOPI,1413
2019-07,Depressive Disorders,RaceEthnicity,White,2687
2019-07,Depressive Disorders,Sex,All,2126
2019-07,Depressive Disorders,Sex,Female,2394
2019-07,Depressive Disorders,Sex,Male,1840
2019-07,Depressive Disorders,Total,All,2126
2019-06,Depressive Disorders,Age,12-17 years,2459
2019-06,Depressive Disorders,Age,18-34 years,2062
2019-06,Depressive Disorders,Age,35-64 years,2590
2019-06,Depressive Disorders,Age,65+ years,2213
2019-06,Depressive Disorders,Age,All,2072
2019-06,Depressive Disorders,RaceEthnicity,AI/AN,2430
2019-06,Depressive Disorders,RaceEthnicity,All,2072
2019-06,Depressive Disorders,RaceEthnicity,Asian,1175
2019-06,Depressive Disorders,RaceEthnicity,Black,1490
2019-06,Depressive Disorders,RaceEthnicity,Hispanic,1628
2019-06,Depressive Disorders,RaceEthnicity,Multiple/Other,1442
2019-06,Depressive Disorders,RaceEthnicity,NHOPI,1243
2019-06,Depressive Disorders,RaceEthnicity,White,2619
2019-06,Depressive Disorders,Sex,All,2072
2019-06,Depressive Disorders,Sex,Female,2334
2019-06,Depressive Disorders,Sex,Male,1790
2019-06,Depressive Disorders,Total,All,2072
2019-05,Depressive Disorders,Age,12-17 years,3164
2019-05,Depressive Disorders,Age,18-34 years,2115
2019-05,Depressive Disorders,Age,35-64 years,2601
2019-05,Depressive Disorders,Age,65+ years,2198
2019-05,Depressive Disorders,Age,All,2103
2019-05,Depressive Disorders,RaceEthnicity,AI/AN,2346
2019-05,Depressive Disorders,RaceEthnicity,All,2103
2019-05,Depressive Disorders,RaceEthnicity,Asian,1127
2019-05,Depressive Disorders,RaceEthnicity,Black,1471
2019-05,Depressive Disorders,RaceEthnicity,Hispanic,1625
2019-05,Depressive Disorders,RaceEthnicity,Multiple/Other,1471
2019-05,Depressive Disorders,RaceEthnicity,NHOPI,1171
2019-05,Depressive Disorders,RaceEthnicity,White,2694
2019-05,Depressive Disorders,Sex,All,2103
2019-05,Depressive Disorders,Sex,Female,2383
2019-05,Depressive Disorders,Sex,Male,1793
2019-05,Depressive Disorders,Total,All,2103
2019-04,Depressive Disorders,Age,12-17 years,3302
2019-04,Depressive Disorders,Age,18-34 years,2131
2019-04,Depressive Disorders,Age,35-64 years,2585
2019-04,Depressive Disorders,Age,65+ years,2158
2019-04,Depressive Disorders,Age,All,2091
2019-04,Depressive Disorders,RaceEthnicity,AI/AN,2433
2019-04,Depressive Disorders,RaceEthnicity,All,2091
2019-04,Depressive Disorders,RaceEthnicity,Asian,1153
2019-04,Depressive Disorders,RaceEthnicity,Black,1481
2019-04,Depressive Disorders,RaceEthnicity,Hispanic,1573
2019-04,Depressive Disorders,RaceEthnicity,Multiple/Other,1468
2019-04,Depressive Disorders,RaceEthnicity,NHOPI,1329
2019-04,Depressive Disorders,RaceEthnicity,White,2682
2019-04,Depressive Disorders,Sex,All,2091
2019-04,Depressive Disorders,Sex,Female,2350
2019-04,Depressive Disorders,Sex,Male,1776
2019-04,Depressive Disorders,Total,All,2091
2019-03,Depressive Disorders,Age,12-17 years,3219
2019-03,Depressive Disorders,Age,18-34 years,2055
2019-03,Depressive Disorders,Age,35-64 years,2514
2019-03,Depressive Disorders,Age,65+ years,2116
2019-03,Depressive Disorders,Age,All,2014
2019-03,Depressive Disorders,RaceEthnicity,AI/AN,2211
2019-03,Depressive Disorders,RaceEthnicity,All,2014
2019-03,Depressive Disorders,RaceEthnicity,Asian,1057
2019-03,Depressive Disorders,RaceEthnicity,Black,1399
2019-03,Depressive Disorders,RaceEthnicity,Hispanic,1475
2019-03,Depressive Disorders,RaceEthnicity,Multiple/Other,1460
2019-03,Depressive Disorders,RaceEthnicity,NHOPI,1046
2019-03,Depressive Disorders,RaceEthnicity,White,2578
2019-03,Depressive Disorders,Sex,All,2014
2019-03,Depressive Disorders,Sex,Female,2248
2019-03,Depressive Disorders,Sex,Male,1725
2019-03,Depressive Disorders,Total,All,2014
2019-02,Depressive Disorders,Age,12-17 years,3210
2019-02,Depressive Disorders,Age,18-34 years,2053
2019-02,Depressive Disorders,Age,35-64 years,2439
2019-02,Depressive Disorders,Age,65+ years,2081
2019-02,Depressive Disorders,Age,All,1975
2019-02,Depressive Disorders,RaceEthnicity,AI/AN,2216
2019-02,Depressive Disorders,RaceEthnicity,All,1975
2019-02,Depressive Disorders,RaceEthnicity,Asian,1205
2019-02,Depressive Disorders,RaceEthnicity,Black,1393
2019-02,Depressive Disorders,RaceEthnicity,Hispanic,1476
2019-02,Depressive Disorders,RaceEthnicity,Multiple/Other,1417
2019-02,Depressive Disorders,RaceEthnicity,NHOPI,1076
2019-02,Depressive Disorders,RaceEthnicity,White,2530
2019-02,Depressive Disorders,Sex,All,1975
2019-02,Depressive Disorders,Sex,Female,2193
2019-02,Depressive Disorders,Sex,Male,1708
2019-02,Depressive Disorders,Total,All,1975
2019-01,Depressive Disorders,Age,12-17 years,3107
2019-01,Depressive Disorders,Age,18-34 years,1932
2019-01,Depressive Disorders,Age,35-64 years,2339
2019-01,Depressive Disorders,Age,65+ years,1959
2019-01,Depressive Disorders,Age,All,1893
2019-01,Depressive Disorders,RaceEthnicity,AI/AN,2186
2019-01,Depressive Disorders,RaceEthnicity,All,1893
2019-01,Depressive Disorders,RaceEthnicity,Asian,1103
2019-01,Depressive Disorders,RaceEthnicity,Black,1345
2019-01,Depressive Disorders,RaceEthnicity,Hispanic,1421
2019-01,Depressive Disorders,RaceEthnicity,Multiple/Other,1393
2019-01,Depressive Disorders,RaceEthnicity,NHOPI,1071
2019-01,Depressive Disorders,RaceEthnicity,White,2405
2019-01,Depressive Disorders,Sex,All,1893
2019-01,Depressive Disorders,Sex,Female,2082
2019-01,Depressive Disorders,Sex,Male,1657
2019-01,Depressive Disorders,Total,All,1893
2026-05,Schizophrenia Spectrum Disorders,Age,12-17 years,55
2026-05,Schizophrenia Spectrum Disorders,Age,18-34 years,513
2026-05,Schizophrenia Spectrum Disorders,Age,35-64 years,651
2026-05,Schizophrenia Spectrum Disorders,Age,65+ years,230
2026-05,Schizophrenia Spectrum Disorders,Age,All,410
2026-05,Schizophrenia Spectrum Disorders,RaceEthnicity,AI/AN,431
2026-05,Schizophrenia Spectrum Disorders,RaceEthnicity,All,410
2026-05,Schizophrenia Spectrum Disorders,RaceEthnicity,Asian,339
2026-05,Schizophrenia Spectrum Disorders,RaceEthnicity,Black,729
2026-05,Schizophrenia Spectrum Disorders,RaceEthnicity,Hispanic,306
2026-05,Schizophrenia Spectrum Disorders,RaceEthnicity,Multiple/Other,367
2026-05,Schizophrenia Spectrum Disorders,RaceEthnicity,NHOPI,466
2026-05,Schizophrenia Spectrum Disorders,RaceEthnicity,White,336
2026-05,Schizophrenia Spectrum Disorders,Sex,All,410
2026-05,Schizophrenia Spectrum Disorders,Sex,Female,282
2026-05,Schizophrenia Spectrum Disorders,Sex,Male,565
2026-05,Schizophrenia Spectrum Disorders,Total,All,410
2026-04,Schizophrenia Spectrum Disorders,Age,12-17 years,63
2026-04,Schizophrenia Spectrum Disorders,Age,18-34 years,524
2026-04,Schizophrenia Spectrum Disorders,Age,35-64 years,664
2026-04,Schizophrenia Spectrum Disorders,Age,65+ years,232
2026-04,Schizophrenia Spectrum Disorders,Age,All,416
2026-04,Schizophrenia Spectrum Disorders,RaceEthnicity,AI/AN,425
2026-04,Schizophrenia Spectrum Disorders,RaceEthnicity,All,416
2026-04,Schizophrenia Spectrum Disorders,RaceEthnicity,Asian,326
2026-04,Schizophrenia Spectrum Disorders,RaceEthnicity,Black,734
2026-04,Schizophrenia Spectrum Disorders,RaceEthnicity,Hispanic,311
2026-04,Schizophrenia Spectrum Disorders,RaceEthnicity,Multiple/Other,368
2026-04,Schizophrenia Spectrum Disorders,RaceEthnicity,NHOPI,400
2026-04,Schizophrenia Spectrum Disorders,RaceEthnicity,White,341
2026-04,Schizophrenia Spectrum Disorders,Sex,All,416
2026-04,Schizophrenia Spectrum Disorders,Sex,Female,283
2026-04,Schizophrenia Spectrum Disorders,Sex,Male,580
2026-04,Schizophrenia Spectrum Disorders,Total,All,416
2026-03,Schizophrenia Spectrum Disorders,Age,12-17 years,55
2026-03,Schizophrenia Spectrum Disorders,Age,18-34 years,521
2026-03,Schizophrenia Spectrum Disorders,Age,35-64 years,676
2026-03,Schizophrenia Spectrum Disorders,Age,65+ years,239
2026-03,Schizophrenia Spectrum Disorders,Age,All,417
2026-03,Schizophrenia Spectrum Disorders,RaceEthnicity,AI/AN,415
2026-03,Schizophrenia Spectrum Disorders,RaceEthnicity,All,417
2026-03,Schizophrenia Spectrum Disorders,RaceEthnicity,Asian,332
2026-03,Schizophrenia Spectrum Disorders,RaceEthnicity,Black,735
2026-03,Schizophrenia Spectrum Disorders,RaceEthnicity,Hispanic,304
2026-03,Schizophrenia Spectrum Disorders,RaceEthnicity,Multiple/Other,359
2026-03,Schizophrenia Spectrum Disorders,RaceEthnicity,NHOPI,318
2026-03,Schizophrenia Spectrum Disorders,RaceEthnicity,White,343
2026-03,Schizophrenia Spectrum Disorders,Sex,All,417
2026-03,Schizophrenia Spectrum Disorders,Sex,Female,279
2026-03,Schizophrenia Spectrum Disorders,Sex,Male,586
2026-03,Schizophrenia Spectrum Disorders,Total,All,417
2026-02,Schizophrenia Spectrum Disorders,Age,12-17 years,52
2026-02,Schizophrenia Spectrum Disorders,Age,18-34 years,525
2026-02,Schizophrenia Spectrum Disorders,Age,35-64 years,680
2026-02,Schizophrenia Spectrum Disorders,Age,65+ years,242
2026-02,Schizophrenia Spectrum Disorders,Age,All,419
2026-02,Schizophrenia Spectrum Disorders,RaceEthnicity,AI/AN,403
2026-02,Schizophrenia Spectrum Disorders,RaceEthnicity,All,419
2026-02,Schizophrenia Spectrum Disorders,RaceEthnicity,Asian,324
2026-02,Schizophrenia Spectrum Disorders,RaceEthnicity,Black,748
2026-02,Schizophrenia Spectrum Disorders,RaceEthnicity,Hispanic,308
2026-02,Schizophrenia Spectrum Disorders,RaceEthnicity,Multiple/Other,342
2026-02,Schizophrenia Spectrum Disorders,RaceEthnicity,NHOPI,359
2026-02,Schizophrenia Spectrum Disorders,RaceEthnicity,White,341
2026-02,Schizophrenia Spectrum Disorders,Sex,All,419
2026-02,Schizophrenia Spectrum Disorders,Sex,Female,283
2026-02,Schizophrenia Spectrum Disorders,Sex,Male,586
2026-02,Schizophrenia Spectrum Disorders,Total,All,419
2026-01,Schizophrenia Spectrum Disorders,Age,12-17 years,54
2026-01,Schizophrenia Spectrum Disorders,Age,18-34 years,512
2026-01,Schizophrenia Spectrum Disorders,Age,35-64 years,677
2026-01,Schizophrenia Spectrum Disorders,Age,65+ years,243
2026-01,Schizophrenia Spectrum Disorders,Age,All,420
2026-01,Schizophrenia Spectrum Disorders,RaceEthnicity,AI/AN,455
2026-01,Schizophrenia Spectrum Disorders,RaceEthnicity,All,420
2026-01,Schizophrenia Spectrum Disorders,RaceEthnicity,Asian,330
2026-01,Schizophrenia Spectrum Disorders,RaceEthnicity,Black,746
2026-01,Schizophrenia Spectrum Disorders,RaceEthnicity,Hispanic,310
2026-01,Schizophrenia Spectrum Disorders,RaceEthnicity,Multiple/Other,354
2026-01,Schizophrenia Spectrum Disorders,RaceEthnicity,NHOPI,298
2026-01,Schizophrenia Spectrum Disorders,RaceEthnicity,White,342
2026-01,Schizophrenia Spectrum Disorders,Sex,All,420
2026-01,Schizophrenia Spectrum Disorders,Sex,Female,278
2026-01,Schizophrenia Spectrum Disorders,Sex,Male,596
2026-01,Schizophrenia Spectrum Disorders,Total,All,420
2025-12,Schizophrenia Spectrum Disorders,Age,12-17 years,44
2025-12,Schizophrenia Spectrum Disorders,Age,18-34 years,479
2025-12,Schizophrenia Spectrum Disorders,Age,35-64 years,635
2025-12,Schizophrenia Spectrum Disorders,Age,65+ years,220
2025-12,Schizophrenia Spectrum Disorders,Age,All,384
2025-12,Schizophrenia Spectrum Disorders,RaceEthnicity,AI/AN,395
2025-12,Schizophrenia Spectrum Disorders,RaceEthnicity,All,384
2025-12,Schizophrenia Spectrum Disorders,RaceEthnicity,Asian,296
2025-12,Schizophrenia Spectrum Disorders,RaceEthnicity,Black,683
2025-12,Schizophrenia Spectrum Disorders,RaceEthnicity,Hispanic,278
2025-12,Schizophrenia Spectrum Disorders,RaceEthnicity,Multiple/Other,319
2025-12,Schizophrenia Spectrum Disorders,RaceEthnicity,NHOPI,337
2025-12,Schizophrenia Spectrum Disorders,RaceEthnicity,White,314
2025-12,Schizophrenia Spectrum Disorders,Sex,All,384
2025-12,Schizophrenia Spectrum Disorders,Sex,Female,255
2025-12,Schizophrenia Spectrum Disorders,Sex,Male,543
2025-12,Schizophrenia Spectrum Disorders,Total,All,384
2025-11,Schizophrenia Spectrum Disorders,Age,12-17 years,52
2025-11,Schizophrenia Spectrum Disorders,Age,18-34 years,519
2025-11,Schizophrenia Spectrum Disorders,Age,35-64 years,673
2025-11,Schizophrenia Spectrum Disorders,Age,65+ years,234
2025-11,Schizophrenia Spectrum Disorders,Age,All,416
2025-11,Schizophrenia Spectrum Disorders,RaceEthnicity,AI/AN,439
2025-11,Schizophrenia Spectrum Disorders,RaceEthnicity,All,416
2025-11,Schizophrenia Spectrum Disorders,RaceEthnicity,Asian,297
2025-11,Schizophrenia Spectrum Disorders,RaceEthnicity,Black,749
2025-11,Schizophrenia Spectrum Disorders,RaceEthnicity,Hispanic,305
2025-11,Schizophrenia Spectrum Disorders,RaceEthnicity,Multiple/Other,361
2025-11,Schizophrenia Spectrum Disorders,RaceEthnicity,NHOPI,340
2025-11,Schizophrenia Spectrum Disorders,RaceEthnicity,White,334
2025-11,Schizophrenia Spectrum Disorders,Sex,All,416
2025-11,Schizophrenia Spectrum Disorders,Sex,Female,274
2025-11,Schizophrenia Spectrum Disorders,Sex,Male,591
2025-11,Schizophrenia Spectrum Disorders,Total,All,416
2025-10,Schizophrenia Spectrum Disorders,Age,12-17 years,54
2025-10,Schizophrenia Spectrum Disorders,Age,18-34 years,529
2025-10,Schizophrenia Spectrum Disorders,Age,35-64 years,666
2025-10,Schizophrenia Spectrum Disorders,Age,65+ years,234
2025-10,Schizophrenia Spectrum Disorders,Age,All,419
2025-10,Schizophrenia Spectrum Disorders,RaceEthnicity,AI/AN,421
2025-10,Schizophrenia Spectrum Disorders,RaceEthnicity,All,419
2025-10,Schizophrenia Spectrum Disorders,RaceEthnicity,Asian,311
2025-10,Schizophrenia Spectrum Disorders,RaceEthnicity,Black,732
2025-10,Schizophrenia Spectrum Disorders,RaceEthnicity,Hispanic,295
2025-10,Schizophrenia Spectrum Disorders,RaceEthnicity,Multiple/Other,362
2025-10,Schizophrenia Spectrum Disorders,RaceEthnicity,NHOPI,402
2025-10,Schizophrenia Spectrum Disorders,RaceEthnicity,White,342
2025-10,Schizophrenia Spectrum Disorders,Sex,All,419
2025-10,Schizophrenia Spectrum Disorders,Sex,Female,283
2025-10,Schizophrenia Spectrum Disorders,Sex,Male,586
2025-10,Schizophrenia Spectrum Disorders,Total,All,419
2025-09,Schizophrenia Spectrum Disorders,Age,12-17 years,52
2025-09,Schizophrenia Spectrum Disorders,Age,18-34 years,508
2025-09,Schizophrenia Spectrum Disorders,Age,35-64 years,645
2025-09,Schizophrenia Spectrum Disorders,Age,65+ years,226
2025-09,Schizophrenia Spectrum Disorders,Age,All,407
2025-09,Schizophrenia Spectrum Disorders,RaceEthnicity,AI/AN,417
2025-09,Schizophrenia Spectrum Disorders,RaceEthnicity,All,407
2025-09,Schizophrenia Spectrum Disorders,RaceEthnicity,Asian,333
2025-09,Schizophrenia Spectrum Disorders,RaceEthnicity,Black,693
2025-09,Schizophrenia Spectrum Disorders,RaceEthnicity,Hispanic,278
2025-09,Schizophrenia Spectrum Disorders,RaceEthnicity,Multiple/Other,356
2025-09,Schizophrenia Spectrum Disorders,RaceEthnicity,NHOPI,358
2025-09,Schizophrenia Spectrum Disorders,RaceEthnicity,White,329
2025-09,Schizophrenia Spectrum Disorders,Sex,All,407
2025-09,Schizophrenia Spectrum Disorders,Sex,Female,275
2025-09,Schizophrenia Spectrum Disorders,Sex,Male,568
2025-09,Schizophrenia Spectrum Disorders,Total,All,407
2025-08,Schizophrenia Spectrum Disorders,Age,12-17 years,57
2025-08,Schizophrenia Spectrum Disorders,Age,18-34 years,524
2025-08,Schizophrenia Spectrum Disorders,Age,35-64 years,640
2025-08,Schizophrenia Spectrum Disorders,Age,65+ years,218
2025-08,Schizophrenia Spectrum Disorders,Age,All,415
2025-08,Schizophrenia Spectrum Disorders,RaceEthnicity,AI/AN,434
2025-08,Schizophrenia Spectrum Disorders,RaceEthnicity,All,415
2025-08,Schizophrenia Spectrum Disorders,RaceEthnicity,Asian,292
2025-08,Schizophrenia Spectrum Disorders,RaceEthnicity,Black,726
2025-08,Schizophrenia Spectrum Disorders,RaceEthnicity,Hispanic,287
2025-08,Schizophrenia Spectrum Disorders,RaceEthnicity,Multiple/Other,354
2025-08,Schizophrenia Spectrum Disorders,RaceEthnicity,NHOPI,405
2025-08,Schizophrenia Spectrum Disorders,RaceEthnicity,White,333
2025-08,Schizophrenia Spectrum Disorders,Sex,All,415
2025-08,Schizophrenia Spectrum Disorders,Sex,Female,284
2025-08,Schizophrenia Spectrum Disorders,Sex,Male,572
2025-08,Schizophrenia Spectrum Disorders,Total,All,415
2025-07,Schizophrenia Spectrum Disorders,Age,12-17 years,65
2025-07,Schizophrenia Spectrum Disorders,Age,18-34 years,529
2025-07,Schizophrenia Spectrum Disorders,Age,35-64 years,645
2025-07,Schizophrenia Spectrum Disorders,Age,65+ years,224
2025-07,Schizophrenia Spectrum Disorders,Age,All,426
2025-07,Schizophrenia Spectrum Disorders,RaceEthnicity,AI/AN,446
2025-07,Schizophrenia Spectrum Disorders,RaceEthnicity,All,426
2025-07,Schizophrenia Spectrum Disorders,RaceEthnicity,Asian,308
2025-07,Schizophrenia Spectrum Disorders,RaceEthnicity,Black,744
2025-07,Schizophrenia Spectrum Disorders,RaceEthnicity,Hispanic,304
2025-07,Schizophrenia Spectrum Disorders,RaceEthnicity,Multiple/Other,360
2025-07,Schizophrenia Spectrum Disorders,RaceEthnicity,NHOPI,348
2025-07,Schizophrenia Spectrum Disorders,RaceEthnicity,White,340
2025-07,Schizophrenia Spectrum Disorders,Sex,All,426
2025-07,Schizophrenia Spectrum Disorders,Sex,Female,289
2025-07,Schizophrenia Spectrum Disorders,Sex,Male,590
2025-07,Schizophrenia Spectrum Disorders,Total,All,426
2025-06,Schizophrenia Spectrum Disorders,Age,12-17 years,63
2025-06,Schizophrenia Spectrum Disorders,Age,18-34 years,534
2025-06,Schizophrenia Spectrum Disorders,Age,35-64 years,649
2025-06,Schizophrenia Spectrum Disorders,Age,65+ years,229
2025-06,Schizophrenia Spectrum Disorders,Age,All,425
2025-06,Schizophrenia Spectrum Disorders,RaceEthnicity,AI/AN,438
2025-06,Schizophrenia Spectrum Disorders,RaceEthnicity,All,425
2025-06,Schizophrenia Spectrum Disorders,RaceEthnicity,Asian,316
2025-06,Schizophrenia Spectrum Disorders,RaceEthnicity,Black,748
2025-06,Schizophrenia Spectrum Disorders,RaceEthnicity,Hispanic,294
2025-06,Schizophrenia Spectrum Disorders,RaceEthnicity,Multiple/Other,379
2025-06,Schizophrenia Spectrum Disorders,RaceEthnicity,NHOPI,319
2025-06,Schizophrenia Spectrum Disorders,RaceEthnicity,White,338
2025-06,Schizophrenia Spectrum Disorders,Sex,All,425
2025-06,Schizophrenia Spectrum Disorders,Sex,Female,290
2025-06,Schizophrenia Spectrum Disorders,Sex,Male,588
2025-06,Schizophrenia Spectrum Disorders,Total,All,425
2025-05,Schizophrenia Spectrum Disorders,Age,12-17 years,58
2025-05,Schizophrenia Spectrum Disorders,Age,18-34 years,532
2025-05,Schizophrenia Spectrum Disorders,Age,35-64 years,661
2025-05,Schizophrenia Spectrum Disorders,Age,65+ years,228
2025-05,Schizophrenia Spectrum Disorders,Age,All,417
2025-05,Schizophrenia Spectrum Disorders,RaceEthnicity,AI/AN,404
2025-05,Schizophrenia Spectrum Disorders,RaceEthnicity,All,417
2025-05,Schizophrenia Spectrum Disorders,RaceEthnicity,Asian,313
2025-05,Schizophrenia Spectrum Disorders,RaceEthnicity,Black,730
2025-05,Schizophrenia Spectrum Disorders,RaceEthnicity,Hispanic,275
2025-05,Schizophrenia Spectrum Disorders,RaceEthnicity,Multiple/Other,346
2025-05,Schizophrenia Spectrum Disorders,RaceEthnicity,NHOPI,433
2025-05,Schizophrenia Spectrum Disorders,RaceEthnicity,White,340
2025-05,Schizophrenia Spectrum Disorders,Sex,All,417
2025-05,Schizophrenia Spectrum Disorders,Sex,Female,282
2025-05,Schizophrenia Spectrum Disorders,Sex,Male,580
2025-05,Schizophrenia Spectrum Disorders,Total,All,417
2025-04,Schizophrenia Spectrum Disorders,Age,12-17 years,58
2025-04,Schizophrenia Spectrum Disorders,Age,18-34 years,541
2025-04,Schizophrenia Spectrum Disorders,Age,35-64 years,671
2025-04,Schizophrenia Spectrum Disorders,Age,65+ years,228
2025-04,Schizophrenia Spectrum Disorders,Age,All,421
2025-04,Schizophrenia Spectrum Disorders,RaceEthnicity,AI/AN,433
2025-04,Schizophrenia Spectrum Disorders,RaceEthnicity,All,421
2025-04,Schizophrenia Spectrum Disorders,RaceEthnicity,Asian,312
2025-04,Schizophrenia Spectrum Disorders,RaceEthnicity,Black,741
2025-04,Schizophrenia Spectrum Disorders,RaceEthnicity,Hispanic,267
2025-04,Schizophrenia Spectrum Disorders,RaceEthnicity,Multiple/Other,350
2025-04,Schizophrenia Spectrum Disorders,RaceEthnicity,NHOPI,384
2025-04,Schizophrenia Spectrum Disorders,RaceEthnicity,White,345
2025-04,Schizophrenia Spectrum Disorders,Sex,All,421
2025-04,Schizophrenia Spectrum Disorders,Sex,Female,282
2025-04,Schizophrenia Spectrum Disorders,Sex,Male,591
2025-04,Schizophrenia Spectrum Disorders,Total,All,421
2025-03,Schizophrenia Spectrum Disorders,Age,12-17 years,52
2025-03,Schizophrenia Spectrum Disorders,Age,18-34 years,547
2025-03,Schizophrenia Spectrum Disorders,Age,35-64 years,675
2025-03,Schizophrenia Spectrum Disorders,Age,65+ years,231
2025-03,Schizophrenia Spectrum Disorders,Age,All,422
2025-03,Schizophrenia Spectrum Disorders,RaceEthnicity,AI/AN,472
2025-03,Schizophrenia Spectrum Disorders,RaceEthnicity,All,422
2025-03,Schizophrenia Spectrum Disorders,RaceEthnicity,Asian,315
2025-03,Schizophrenia Spectrum Disorders,RaceEthnicity,Black,734
2025-03,Schizophrenia Spectrum Disorders,RaceEthnicity,Hispanic,269
2025-03,Schizophrenia Spectrum Disorders,RaceEthnicity,Multiple/Other,365
2025-03,Schizophrenia Spectrum Disorders,RaceEthnicity,NHOPI,406
2025-03,Schizophrenia Spectrum Disorders,RaceEthnicity,White,345
2025-03,Schizophrenia Spectrum Disorders,Sex,All,422
2025-03,Schizophrenia Spectrum Disorders,Sex,Female,281
2025-03,Schizophrenia Spectrum Disorders,Sex,Male,595
2025-03,Schizophrenia Spectrum Disorders,Total,All,422
2025-02,Schizophrenia Spectrum Disorders,Age,12-17 years,45
2025-02,Schizophrenia Spectrum Disorders,Age,18-34 years,503
2025-02,Schizophrenia Spectrum Disorders,Age,35-64 years,635
2025-02,Schizophrenia Spectrum Disorders,Age,65+ years,231
2025-02,Schizophrenia Spectrum Disorders,Age,All,398
2025-02,Schizophrenia Spectrum Disorders,RaceEthnicity,AI/AN,422
2025-02,Schizophrenia Spectrum Disorders,RaceEthnicity,All,398
2025-02,Schizophrenia Spectrum Disorders,RaceEthnicity,Asian,289
2025-02,Schizophrenia Spectrum Disorders,RaceEthnicity,Black,695
2025-02,Schizophrenia Spectrum Disorders,RaceEthnicity,Hispanic,260
2025-02,Schizophrenia Spectrum Disorders,RaceEthnicity,Multiple/Other,341
2025-02,Schizophrenia Spectrum Disorders,RaceEthnicity,NHOPI,322
2025-02,Schizophrenia Spectrum Disorders,RaceEthnicity,White,324
2025-02,Schizophrenia Spectrum Disorders,Sex,All,398
2025-02,Schizophrenia Spectrum Disorders,Sex,Female,265
2025-02,Schizophrenia Spectrum Disorders,Sex,Male,560
2025-02,Schizophrenia Spectrum Disorders,Total,All,398
2025-01,Schizophrenia Spectrum Disorders,Age,12-17 years,52
2025-01,Schizophrenia Spectrum Disorders,Age,18-34 years,493
2025-01,Schizophrenia Spectrum Disorders,Age,35-64 years,625
2025-01,Schizophrenia Spectrum Disorders,Age,65+ years,223
2025-01,Schizophrenia Spectrum Disorders,Age,All,390
2025-01,Schizophrenia Spectrum Disorders,RaceEthnicity,AI/AN,466
2025-01,Schizophrenia Spectrum Disorders,RaceEthnicity,All,390
2025-01,Schizophrenia Spectrum Disorders,RaceEthnicity,Asian,312
2025-01,Schizophrenia Spectrum Disorders,RaceEthnicity,Black,669
2025-01,Schizophrenia Spectrum Disorders,RaceEthnicity,Hispanic,246
2025-01,Schizophrenia Spectrum Disorders,RaceEthnicity,Multiple/Other,314
2025-01,Schizophrenia Spectrum Disorders,RaceEthnicity,NHOPI,305
2025-01,Schizophrenia Spectrum Disorders,RaceEthnicity,White,324
2025-01,Schizophrenia Spectrum Disorders,Sex,All,390
2025-01,Schizophrenia Spectrum Disorders,Sex,Female,262
2025-01,Schizophrenia Spectrum Disorders,Sex,Male,546
2025-01,Schizophrenia Spectrum Disorders,Total,All,390
2024-12,Schizophrenia Spectrum Disorders,Age,12-17 years,42
2024-12,Schizophrenia Spectrum Disorders,Age,18-34 years,477
2024-12,Schizophrenia Spectrum Disorders,Age,35-64 years,606
2024-12,Schizophrenia Spectrum Disorders,Age,65+ years,214
2024-12,Schizophrenia Spectrum Disorders,Age,All,371
2024-12,Schizophrenia Spectrum Disorders,RaceEthnicity,AI/AN,439
2024-12,Schizophrenia Spectrum Disorders,RaceEthnicity,All,371
2024-12,Schizophrenia Spectrum Disorders,RaceEthnicity,Asian,276
2024-12,Schizophrenia Spectrum Disorders,RaceEthnicity,Black,648
2024-12,Schizophrenia Spectrum Disorders,RaceEthnicity,Hispanic,245
2024-12,Schizophrenia Spectrum Disorders,RaceEthnicity,Multiple/Other,309
2024-12,Schizophrenia Spectrum Disorders,RaceEthnicity,NHOPI,337
2024-12,Schizophrenia Spectrum Disorders,RaceEthnicity,White,306
2024-12,Schizophrenia Spectrum Disorders,Sex,All,371
2024-12,Schizophrenia Spectrum Disorders,Sex,Female,248
2024-12,Schizophrenia Spectrum Disorders,Sex,Male,521
2024-12,Schizophrenia Spectrum Disorders,Total,All,371
2024-11,Schizophrenia Spectrum Disorders,Age,12-17 years,48
2024-11,Schizophrenia Spectrum Disorders,Age,18-34 years,519
2024-11,Schizophrenia Spectrum Disorders,Age,35-64 years,662
2024-11,Schizophrenia Spectrum Disorders,Age,65+ years,220
2024-11,Schizophrenia Spectrum Disorders,Age,All,405
2024-11,Schizophrenia Spectrum Disorders,RaceEthnicity,AI/AN,487
2024-11,Schizophrenia Spectrum Disorders,RaceEthnicity,All,405
2024-11,Schizophrenia Spectrum Disorders,RaceEthnicity,Asian,327
2024-11,Schizophrenia Spectrum Disorders,RaceEthnicity,Black,724
2024-11,Schizophrenia Spectrum Disorders,RaceEthnicity,Hispanic,263
2024-11,Schizophrenia Spectrum Disorders,RaceEthnicity,Multiple/Other,332
2024-11,Schizophrenia Spectrum Disorders,RaceEthnicity,NHOPI,309
2024-11,Schizophrenia Spectrum Disorders,RaceEthnicity,White,326
2024-11,Schizophrenia Spectrum Disorders,Sex,All,405
2024-11,Schizophrenia Spectrum Disorders,Sex,Female,271
2024-11,Schizophrenia Spectrum Disorders,Sex,Male,570
2024-11,Schizophrenia Spectrum Disorders,Total,All,405
2024-10,Schizophrenia Spectrum Disorders,Age,12-17 years,50
2024-10,Schizophrenia Spectrum Disorders,Age,18-34 years,510
2024-10,Schizophrenia Spectrum Disorders,Age,35-64 years,642
2024-10,Schizophrenia Spectrum Disorders,Age,65+ years,218
2024-10,Schizophrenia Spectrum Disorders,Age,All,398
2024-10,Schizophrenia Spectrum Disorders,RaceEthnicity,AI/AN,510
2024-10,Schizophrenia Spectrum Disorders,RaceEthnicity,All,398
2024-10,Schizophrenia Spectrum Disorders,RaceEthnicity,Asian,307
2024-10,Schizophrenia Spectrum Disorders,RaceEthnicity,Black,690
2024-10,Schizophrenia Spectrum Disorders,RaceEthnicity,Hispanic,268
2024-10,Schizophrenia Spectrum Disorders,RaceEthnicity,Multiple/Other,327
2024-10,Schizophrenia Spectrum Disorders,RaceEthnicity,NHOPI,342
2024-10,Schizophrenia Spectrum Disorders,RaceEthnicity,White,324
2024-10,Schizophrenia Spectrum Disorders,Sex,All,398
2024-10,Schizophrenia Spectrum Disorders,Sex,Female,272
2024-10,Schizophrenia Spectrum Disorders,Sex,Male,552
2024-10,Schizophrenia Spectrum Disorders,Total,All,398
2024-09,Schizophrenia Spectrum Disorders,Age,12-17 years,47
2024-09,Schizophrenia Spectrum Disorders,Age,18-34 years,512
2024-09,Schizophrenia Spectrum Disorders,Age,35-64 years,626
2024-09,Schizophrenia Spectrum Disorders,Age,65+ years,218
2024-09,Schizophrenia Spectrum Disorders,Age,All,397
2024-09,Schizophrenia Spectrum Disorders,RaceEthnicity,AI/AN,446
2024-09,Schizophrenia Spectrum Disorders,RaceEthnicity,All,397
2024-09,Schizophrenia Spectrum Disorders,RaceEthnicity,Asian,291
2024-09,Schizophrenia Spectrum Disorders,RaceEthnicity,Black,691
2024-09,Schizophrenia Spectrum Disorders,RaceEthnicity,Hispanic,262
2024-09,Schizophrenia Spectrum Disorders,RaceEthnicity,Multiple/Other,334
2024-09,Schizophrenia Spectrum Disorders,RaceEthnicity,NHOPI,427
2024-09,Schizophrenia Spectrum Disorders,RaceEthnicity,White,322
2024-09,Schizophrenia Spectrum Disorders,Sex,All,397
2024-09,Schizophrenia Spectrum Disorders,Sex,Female,270
2024-09,Schizophrenia Spectrum Disorders,Sex,Male,549
2024-09,Schizophrenia Spectrum Disorders,Total,All,397
2024-08,Schizophrenia Spectrum Disorders,Age,12-17 years,54
2024-08,Schizophrenia Spectrum Disorders,Age,18-34 years,524
2024-08,Schizophrenia Spectrum Disorders,Age,35-64 years,635
2024-08,Schizophrenia Spectrum Disorders,Age,65+ years,218
2024-08,Schizophrenia Spectrum Disorders,Age,All,413
2024-08,Schizophrenia Spectrum Disorders,RaceEthnicity,AI/AN,476
2024-08,Schizophrenia Spectrum Disorders,RaceEthnicity,All,413
2024-08,Schizophrenia Spectrum Disorders,RaceEthnicity,Asian,333
2024-08,Schizophrenia Spectrum Disorders,RaceEthnicity,Black,708
2024-08,Schizophrenia Spectrum Disorders,RaceEthnicity,Hispanic,281
2024-08,Schizophrenia Spectrum Disorders,RaceEthnicity,Multiple/Other,362
2024-08,Schizophrenia Spectrum Disorders,RaceEthnicity,NHOPI,352
2024-08,Schizophrenia Spectrum Disorders,RaceEthnicity,White,338
2024-08,Schizophrenia Spectrum Disorders,Sex,All,413
2024-08,Schizophrenia Spectrum Disorders,Sex,Female,280
2024-08,Schizophrenia Spectrum Disorders,Sex,Male,572
2024-08,Schizophrenia Spectrum Disorders,Total,All,413
2024-07,Schizophrenia Spectrum Disorders,Age,12-17 years,66
2024-07,Schizophrenia Spectrum Disorders,Age,18-34 years,520
2024-07,Schizophrenia Spectrum Disorders,Age,35-64 years,626
2024-07,Schizophrenia Spectrum Disorders,Age,65+ years,208
2024-07,Schizophrenia Spectrum Disorders,Age,All,412
2024-07,Schizophrenia Spectrum Disorders,RaceEthnicity,AI/AN,466
2024-07,Schizophrenia Spectrum Disorders,RaceEthnicity,All,412
2024-07,Schizophrenia Spectrum Disorders,RaceEthnicity,Asian,325
2024-07,Schizophrenia Spectrum Disorders,RaceEthnicity,Black,713
2024-07,Schizophrenia Spectrum Disorders,RaceEthnicity,Hispanic,276
2024-07,Schizophrenia Spectrum Disorders,RaceEthnicity,Multiple/Other,354
2024-07,Schizophrenia Spectrum Disorders,RaceEthnicity,NHOPI,409
2024-07,Schizophrenia Spectrum Disorders,RaceEthnicity,White,337
2024-07,Schizophrenia Spectrum Disorders,Sex,All,412
2024-07,Schizophrenia Spectrum Disorders,Sex,Female,276
2024-07,Schizophrenia Spectrum Disorders,Sex,Male,576
2024-07,Schizophrenia Spectrum Disorders,Total,All,412
2024-06,Schizophrenia Spectrum Disorders,Age,12-17 years,57
2024-06,Schizophrenia Spectrum Disorders,Age,18-34 years,528
2024-06,Schizophrenia Spectrum Disorders,Age,35-64 years,631
2024-06,Schizophrenia Spectrum Disorders,Age,65+ years,211
2024-06,Schizophrenia Spectrum Disorders,Age,All,411
2024-06,Schizophrenia Spectrum Disorders,RaceEthnicity,AI/AN,490
2024-06,Schizophrenia Spectrum Disorders,RaceEthnicity,All,411
2024-06,Schizophrenia Spectrum Disorders,RaceEthnicity,Asian,327
2024-06,Schizophrenia Spectrum Disorders,RaceEthnicity,Black,716
2024-06,Schizophrenia Spectrum Disorders,RaceEthnicity,Hispanic,272
2024-06,Schizophrenia Spectrum Disorders,RaceEthnicity,Multiple/Other,350
2024-06,Schizophrenia Spectrum Disorders,RaceEthnicity,NHOPI,393
2024-06,Schizophrenia Spectrum Disorders,RaceEthnicity,White,336
2024-06,Schizophrenia Spectrum Disorders,Sex,All,411
2024-06,Schizophrenia Spectrum Disorders,Sex,Female,278
2024-06,Schizophrenia Spectrum Disorders,Sex,Male,571
2024-06,Schizophrenia Spectrum Disorders,Total,All,411
2024-05,Schizophrenia Spectrum Disorders,Age,12-17 years,52
2024-05,Schizophrenia Spectrum Disorders,Age,18-34 years,525
2024-05,Schizophrenia Spectrum Disorders,Age,35-64 years,641
2024-05,Schizophrenia Spectrum Disorders,Age,65+ years,216
2024-05,Schizophrenia Spectrum Disorders,Age,All,404
2024-05,Schizophrenia Spectrum Disorders,RaceEthnicity,AI/AN,483
2024-05,Schizophrenia Spectrum Disorders,RaceEthnicity,All,404
2024-05,Schizophrenia Spectrum Disorders,RaceEthnicity,Asian,321
2024-05,Schizophrenia Spectrum Disorders,RaceEthnicity,Black,705
2024-05,Schizophrenia Spectrum Disorders,RaceEthnicity,Hispanic,262
2024-05,Schizophrenia Spectrum Disorders,RaceEthnicity,Multiple/Other,351
2024-05,Schizophrenia Spectrum Disorders,RaceEthnicity,NHOPI,348
2024-05,Schizophrenia Spectrum Disorders,RaceEthnicity,White,329
2024-05,Schizophrenia Spectrum Disorders,Sex,All,404
2024-05,Schizophrenia Spectrum Disorders,Sex,Female,274
2024-05,Schizophrenia Spectrum Disorders,Sex,Male,560
2024-05,Schizophrenia Spectrum Disorders,Total,All,404
2024-04,Schizophrenia Spectrum Disorders,Age,12-17 years,54
2024-04,Schizophrenia Spectrum Disorders,Age,18-34 years,543
2024-04,Schizophrenia Spectrum Disorders,Age,35-64 years,663
2024-04,Schizophrenia Spectrum Disorders,Age,65+ years,224
2024-04,Schizophrenia Spectrum Disorders,Age,All,416
2024-04,Schizophrenia Spectrum Disorders,RaceEthnicity,AI/AN,461
2024-04,Schizophrenia Spectrum Disorders,RaceEthnicity,All,416
2024-04,Schizophrenia Spectrum Disorders,RaceEthnicity,Asian,330
2024-04,Schizophrenia Spectrum Disorders,RaceEthnicity,Black,725
2024-04,Schizophrenia Spectrum Disorders,RaceEthnicity,Hispanic,265
2024-04,Schizophrenia Spectrum Disorders,RaceEthnicity,Multiple/Other,355
2024-04,Schizophrenia Spectrum Disorders,RaceEthnicity,NHOPI,322
2024-04,Schizophrenia Spectrum Disorders,RaceEthnicity,White,339
2024-04,Schizophrenia Spectrum Disorders,Sex,All,416
2024-04,Schizophrenia Spectrum Disorders,Sex,Female,281
2024-04,Schizophrenia Spectrum Disorders,Sex,Male,581
2024-04,Schizophrenia Spectrum Disorders,Total,All,416
2024-03,Schizophrenia Spectrum Disorders,Age,12-17 years,49
2024-03,Schizophrenia Spectrum Disorders,Age,18-34 years,556
2024-03,Schizophrenia Spectrum Disorders,Age,35-64 years,668
2024-03,Schizophrenia Spectrum Disorders,Age,65+ years,216
2024-03,Schizophrenia Spectrum Disorders,Age,All,417
2024-03,Schizophrenia Spectrum Disorders,RaceEthnicity,AI/AN,476
2024-03,Schizophrenia Spectrum Disorders,RaceEthnicity,All,417
2024-03,Schizophrenia Spectrum Disorders,RaceEthnicity,Asian,322
2024-03,Schizophrenia Spectrum Disorders,RaceEthnicity,Black,731
2024-03,Schizophrenia Spectrum Disorders,RaceEthnicity,Hispanic,261
2024-03,Schizophrenia Spectrum Disorders,RaceEthnicity,Multiple/Other,354
2024-03,Schizophrenia Spectrum Disorders,RaceEthnicity,NHOPI,386
2024-03,Schizophrenia Spectrum Disorders,RaceEthnicity,White,339
2024-03,Schizophrenia Spectrum Disorders,Sex,All,417
2024-03,Schizophrenia Spectrum Disorders,Sex,Female,277
2024-03,Schizophrenia Spectrum Disorders,Sex,Male,589
2024-03,Schizophrenia Spectrum Disorders,Total,All,417
2024-02,Schizophrenia Spectrum Disorders,Age,12-17 years,51
2024-02,Schizophrenia Spectrum Disorders,Age,18-34 years,536
2024-02,Schizophrenia Spectrum Disorders,Age,35-64 years,661
2024-02,Schizophrenia Spectrum Disorders,Age,65+ years,221
2024-02,Schizophrenia Spectrum Disorders,Age,All,409
2024-02,Schizophrenia Spectrum Disorders,RaceEthnicity,AI/AN,507
2024-02,Schizophrenia Spectrum Disorders,RaceEthnicity,All,409
2024-02,Schizophrenia Spectrum Disorders,RaceEthnicity,Asian,303
2024-02,Schizophrenia Spectrum Disorders,RaceEthnicity,Black,699
2024-02,Schizophrenia Spectrum Disorders,RaceEthnicity,Hispanic,260
2024-02,Schizophrenia Spectrum Disorders,RaceEthnicity,Multiple/Other,350
2024-02,Schizophrenia Spectrum Disorders,RaceEthnicity,NHOPI,417
2024-02,Schizophrenia Spectrum Disorders,RaceEthnicity,White,336
2024-02,Schizophrenia Spectrum Disorders,Sex,All,409
2024-02,Schizophrenia Spectrum Disorders,Sex,Female,270
2024-02,Schizophrenia Spectrum Disorders,Sex,Male,582
2024-02,Schizophrenia Spectrum Disorders,Total,All,409
2024-01,Schizophrenia Spectrum Disorders,Age,12-17 years,59
2024-01,Schizophrenia Spectrum Disorders,Age,18-34 years,554
2024-01,Schizophrenia Spectrum Disorders,Age,35-64 years,650
2024-01,Schizophrenia Spectrum Disorders,Age,65+ years,229
2024-01,Schizophrenia Spectrum Disorders,Age,All,419
2024-01,Schizophrenia Spectrum Disorders,RaceEthnicity,AI/AN,485
2024-01,Schizophrenia Spectrum Disorders,RaceEthnicity,All,419
2024-01,Schizophrenia Spectrum Disorders,RaceEthnicity,Asian,318
2024-01,Schizophrenia Spectrum Disorders,RaceEthnicity,Black,720
2024-01,Schizophrenia Spectrum Disorders,RaceEthnicity,Hispanic,266
2024-01,Schizophrenia Spectrum Disorders,RaceEthnicity,Multiple/Other,360
2024-01,Schizophrenia Spectrum Disorders,RaceEthnicity,NHOPI,384
2024-01,Schizophrenia Spectrum Disorders,RaceEthnicity,White,345
2024-01,Schizophrenia Spectrum Disorders,Sex,All,419
2024-01,Schizophrenia Spectrum Disorders,Sex,Female,278
2024-01,Schizophrenia Spectrum Disorders,Sex,Male,593
2024-01,Schizophrenia Spectrum Disorders,Total,All,419
2023-12,Schizophrenia Spectrum Disorders,Age,12-17 years,49
2023-12,Schizophrenia Spectrum Disorders,Age,18-34 years,502
2023-12,Schizophrenia Spectrum Disorders,Age,35-64 years,607
2023-12,Schizophrenia Spectrum Disorders,Age,65+ years,209
2023-12,Schizophrenia Spectrum Disorders,Age,All,372
2023-12,Schizophrenia Spectrum Disorders,RaceEthnicity,AI/AN,467
2023-12,Schizophrenia Spectrum Disorders,RaceEthnicity,All,372
2023-12,Schizophrenia Spectrum Disorders,RaceEthnicity,Asian,271
2023-12,Schizophrenia Spectrum Disorders,RaceEthnicity,Black,636
2023-12,Schizophrenia Spectrum Disorders,RaceEthnicity,Hispanic,239
2023-12,Schizophrenia Spectrum Disorders,RaceEthnicity,Multiple/Other,321
2023-12,Schizophrenia Spectrum Disorders,RaceEthnicity,NHOPI,434
2023-12,Schizophrenia Spectrum Disorders,RaceEthnicity,White,307
2023-12,Schizophrenia Spectrum Disorders,Sex,All,372
2023-12,Schizophrenia Spectrum Disorders,Sex,Female,251
2023-12,Schizophrenia Spectrum Disorders,Sex,Male,522
2023-12,Schizophrenia Spectrum Disorders,Total,All,372
2023-11,Schizophrenia Spectrum Disorders,Age,12-17 years,51
2023-11,Schizophrenia Spectrum Disorders,Age,18-34 years,527
2023-11,Schizophrenia Spectrum Disorders,Age,35-64 years,645
2023-11,Schizophrenia Spectrum Disorders,Age,65+ years,221
2023-11,Schizophrenia Spectrum Disorders,Age,All,396
2023-11,Schizophrenia Spectrum Disorders,RaceEthnicity,AI/AN,478
2023-11,Schizophrenia Spectrum Disorders,RaceEthnicity,All,396
2023-11,Schizophrenia Spectrum Disorders,RaceEthnicity,Asian,294
2023-11,Schizophrenia Spectrum Disorders,RaceEthnicity,Black,682
2023-11,Schizophrenia Spectrum Disorders,RaceEthnicity,Hispanic,252
2023-11,Schizophrenia Spectrum Disorders,RaceEthnicity,Multiple/Other,353
2023-11,Schizophrenia Spectrum Disorders,RaceEthnicity,NHOPI,360
2023-11,Schizophrenia Spectrum Disorders,RaceEthnicity,White,325
2023-11,Schizophrenia Spectrum Disorders,Sex,All,396
2023-11,Schizophrenia Spectrum Disorders,Sex,Female,265
2023-11,Schizophrenia Spectrum Disorders,Sex,Male,558
2023-11,Schizophrenia Spectrum Disorders,Total,All,396
2023-10,Schizophrenia Spectrum Disorders,Age,12-17 years,54
2023-10,Schizophrenia Spectrum Disorders,Age,18-34 years,539
2023-10,Schizophrenia Spectrum Disorders,Age,35-64 years,647
2023-10,Schizophrenia Spectrum Disorders,Age,65+ years,217
2023-10,Schizophrenia Spectrum Disorders,Age,All,404
2023-10,Schizophrenia Spectrum Disorders,RaceEthnicity,AI/AN,443
2023-10,Schizophrenia Spectrum Disorders,RaceEthnicity,All,404
2023-10,Schizophrenia Spectrum Disorders,RaceEthnicity,Asian,304
2023-10,Schizophrenia Spectrum Disorders,RaceEthnicity,Black,705
2023-10,Schizophrenia Spectrum Disorders,RaceEthnicity,Hispanic,268
2023-10,Schizophrenia Spectrum Disorders,RaceEthnicity,Multiple/Other,334
2023-10,Schizophrenia Spectrum Disorders,RaceEthnicity,NHOPI,374
2023-10,Schizophrenia Spectrum Disorders,RaceEthnicity,White,334
2023-10,Schizophrenia Spectrum Disorders,Sex,All,404
2023-10,Schizophrenia Spectrum Disorders,Sex,Female,275
2023-10,Schizophrenia Spectrum Disorders,Sex,Male,563
2023-10,Schizophrenia Spectrum Disorders,Total,All,404
2023-09,Schizophrenia Spectrum Disorders,Age,12-17 years,53
2023-09,Schizophrenia Spectrum Disorders,Age,18-34 years,529
2023-09,Schizophrenia Spectrum Disorders,Age,35-64 years,627
2023-09,Schizophrenia Spectrum Disorders,Age,65+ years,215
2023-09,Schizophrenia Spectrum Disorders,Age,All,399
2023-09,Schizophrenia Spectrum Disorders,RaceEthnicity,AI/AN,440
2023-09,Schizophrenia Spectrum Disorders,RaceEthnicity,All,399
2023-09,Schizophrenia Spectrum Disorders,RaceEthnicity,Asian,309
2023-09,Schizophrenia Spectrum Disorders,RaceEthnicity,Black,697
2023-09,Schizophrenia Spectrum Disorders,RaceEthnicity,Hispanic,261
2023-09,Schizophrenia Spectrum Disorders,RaceEthnicity,Multiple/Other,352
2023-09,Schizophrenia Spectrum Disorders,RaceEthnicity,NHOPI,399
2023-09,Schizophrenia Spectrum Disorders,RaceEthnicity,White,331
2023-09,Schizophrenia Spectrum Disorders,Sex,All,399
2023-09,Schizophrenia Spectrum Disorders,Sex,Female,273
2023-09,Schizophrenia Spectrum Disorders,Sex,Male,554
2023-09,Schizophrenia Spectrum Disorders,Total,All,399
2023-08,Schizophrenia Spectrum Disorders,Age,12-17 years,49
2023-08,Schizophrenia Spectrum Disorders,Age,18-34 years,532
2023-08,Schizophrenia Spectrum Disorders,Age,35-64 years,625
2023-08,Schizophrenia Spectrum Disorders,Age,65+ years,213
2023-08,Schizophrenia Spectrum Disorders,Age,All,411
2023-08,Schizophrenia Spectrum Disorders,RaceEthnicity,AI/AN,514
2023-08,Schizophrenia Spectrum Disorders,RaceEthnicity,All,411
2023-08,Schizophrenia Spectrum Disorders,RaceEthnicity,Asian,346
2023-08,Schizophrenia Spectrum Disorders,RaceEthnicity,Black,713
2023-08,Schizophrenia Spectrum Disorders,RaceEthnicity,Hispanic,276
2023-08,Schizophrenia Spectrum Disorders,RaceEthnicity,Multiple/Other,369
2023-08,Schizophrenia Spectrum Disorders,RaceEthnicity,NHOPI,453
2023-08,Schizophrenia Spectrum Disorders,RaceEthnicity,White,336
2023-08,Schizophrenia Spectrum Disorders,Sex,All,411
2023-08,Schizophrenia Spectrum Disorders,Sex,Female,282
2023-08,Schizophrenia Spectrum Disorders,Sex,Male,567
2023-08,Schizophrenia Spectrum Disorders,Total,All,411
2023-07,Schizophrenia Spectrum Disorders,Age,12-17 years,66
2023-07,Schizophrenia Spectrum Disorders,Age,18-34 years,540
2023-07,Schizophrenia Spectrum Disorders,Age,35-64 years,628
2023-07,Schizophrenia Spectrum Disorders,Age,65+ years,213
2023-07,Schizophrenia Spectrum Disorders,Age,All,420
2023-07,Schizophrenia Spectrum Disorders,RaceEthnicity,AI/AN,482
2023-07,Schizophrenia Spectrum Disorders,RaceEthnicity,All,420
2023-07,Schizophrenia Spectrum Disorders,RaceEthnicity,Asian,357
2023-07,Schizophrenia Spectrum Disorders,RaceEthnicity,Black,730
2023-07,Schizophrenia Spectrum Disorders,RaceEthnicity,Hispanic,292
2023-07,Schizophrenia Spectrum Disorders,RaceEthnicity,Multiple/Other,356
2023-07,Schizophrenia Spectrum Disorders,RaceEthnicity,NHOPI,443
2023-07,Schizophrenia Spectrum Disorders,RaceEthnicity,White,346
2023-07,Schizophrenia Spectrum Disorders,Sex,All,420
2023-07,Schizophrenia Spectrum Disorders,Sex,Female,285
2023-07,Schizophrenia Spectrum Disorders,Sex,Male,583
2023-07,Schizophrenia Spectrum Disorders,Total,All,420
2023-06,Schizophrenia Spectrum Disorders,Age,12-17 years,61
2023-06,Schizophrenia Spectrum Disorders,Age,18-34 years,553
2023-06,Schizophrenia Spectrum Disorders,Age,35-64 years,648
2023-06,Schizophrenia Spectrum Disorders,Age,65+ years,215
2023-06,Schizophrenia Spectrum Disorders,Age,All,424
2023-06,Schizophrenia Spectrum Disorders,RaceEthnicity,AI/AN,466
2023-06,Schizophrenia Spectrum Disorders,RaceEthnicity,All,424
2023-06,Schizophrenia Spectrum Disorders,RaceEthnicity,Asian,343
2023-06,Schizophrenia Spectrum Disorders,RaceEthnicity,Black,745
2023-06,Schizophrenia Spectrum Disorders,RaceEthnicity,Hispanic,280
2023-06,Schizophrenia Spectrum Disorders,RaceEthnicity,Multiple/Other,360
2023-06,Schizophrenia Spectrum Disorders,RaceEthnicity,NHOPI,476
2023-06,Schizophrenia Spectrum Disorders,RaceEthnicity,White,352
2023-06,Schizophrenia Spectrum Disorders,Sex,All,424
2023-06,Schizophrenia Spectrum Disorders,Sex,Female,285
2023-06,Schizophrenia Spectrum Disorders,Sex,Male,593
2023-06,Schizophrenia Spectrum Disorders,Total,All,424
2023-05,Schizophrenia Spectrum Disorders,Age,12-17 years,53
2023-05,Schizophrenia Spectrum Disorders,Age,18-34 years,551
2023-05,Schizophrenia Spectrum Disorders,Age,35-64 years,655
2023-05,Schizophrenia Spectrum Disorders,Age,65+ years,215
2023-05,Schizophrenia Spectrum Disorders,Age,All,411
2023-05,Schizophrenia Spectrum Disorders,RaceEthnicity,AI/AN,468
2023-05,Schizophrenia Spectrum Disorders,RaceEthnicity,All,411
2023-05,Schizophrenia Spectrum Disorders,RaceEthnicity,Asian,297
2023-05,Schizophrenia Spectrum Disorders,RaceEthnicity,Black,728
2023-05,Schizophrenia Spectrum Disorders,RaceEthnicity,Hispanic,268
2023-05,Schizophrenia Spectrum Disorders,RaceEthnicity,Multiple/Other,347
2023-05,Schizophrenia Spectrum Disorders,RaceEthnicity,NHOPI,416
2023-05,Schizophrenia Spectrum Disorders,RaceEthnicity,White,341
2023-05,Schizophrenia Spectrum Disorders,Sex,All,411
2023-05,Schizophrenia Spectrum Disorders,Sex,Female,278
2023-05,Schizophrenia Spectrum Disorders,Sex,Male,574
2023-05,Schizophrenia Spectrum Disorders,Total,All,411
2023-04,Schizophrenia Spectrum Disorders,Age,12-17 years,53
2023-04,Schizophrenia Spectrum Disorders,Age,18-34 years,566
2023-04,Schizophrenia Spectrum Disorders,Age,35-64 years,671
2023-04,Schizophrenia Spectrum Disorders,Age,65+ years,222
2023-04,Schizophrenia Spectrum Disorders,Age,All,421
2023-04,Schizophrenia Spectrum Disorders,RaceEthnicity,AI/AN,514
2023-04,Schizophrenia Spectrum Disorders,RaceEthnicity,All,421
2023-04,Schizophrenia Spectrum Disorders,RaceEthnicity,Asian,312
2023-04,Schizophrenia Spectrum Disorders,RaceEthnicity,Black,739
2023-04,Schizophrenia Spectrum Disorders,RaceEthnicity,Hispanic,286
2023-04,Schizophrenia Spectrum Disorders,RaceEthnicity,Multiple/Other,321
2023-04,Schizophrenia Spectrum Disorders,RaceEthnicity,NHOPI,455
2023-04,Schizophrenia Spectrum Disorders,RaceEthnicity,White,352
2023-04,Schizophrenia Spectrum Disorders,Sex,All,421
2023-04,Schizophrenia Spectrum Disorders,Sex,Female,284
2023-04,Schizophrenia Spectrum Disorders,Sex,Male,590
2023-04,Schizophrenia Spectrum Disorders,Total,All,421
2023-03,Schizophrenia Spectrum Disorders,Age,12-17 years,58
2023-03,Schizophrenia Spectrum Disorders,Age,18-34 years,582
2023-03,Schizophrenia Spectrum Disorders,Age,35-64 years,686
2023-03,Schizophrenia Spectrum Disorders,Age,65+ years,231
2023-03,Schizophrenia Spectrum Disorders,Age,All,431
2023-03,Schizophrenia Spectrum Disorders,RaceEthnicity,AI/AN,519
2023-03,Schizophrenia Spectrum Disorders,RaceEthnicity,All,431
2023-03,Schizophrenia Spectrum Disorders,RaceEthnicity,Asian,342
2023-03,Schizophrenia Spectrum Disorders,RaceEthnicity,Black,764
2023-03,Schizophrenia Spectrum Disorders,RaceEthnicity,Hispanic,296
2023-03,Schizophrenia Spectrum Disorders,RaceEthnicity,Multiple/Other,323
2023-03,Schizophrenia Spectrum Disorders,RaceEthnicity,NHOPI,420
2023-03,Schizophrenia Spectrum Disorders,RaceEthnicity,White,357
2023-03,Schizophrenia Spectrum Disorders,Sex,All,431
2023-03,Schizophrenia Spectrum Disorders,Sex,Female,290
2023-03,Schizophrenia Spectrum Disorders,Sex,Male,606
2023-03,Schizophrenia Spectrum Disorders,Total,All,431
2023-02,Schizophrenia Spectrum Disorders,Age,12-17 years,59
2023-02,Schizophrenia Spectrum Disorders,Age,18-34 years,580
2023-02,Schizophrenia Spectrum Disorders,Age,35-64 years,691
2023-02,Schizophrenia Spectrum Disorders,Age,65+ years,226
2023-02,Schizophrenia Spectrum Disorders,Age,All,432
2023-02,Schizophrenia Spectrum Disorders,RaceEthnicity,AI/AN,498
2023-02,Schizophrenia Spectrum Disorders,RaceEthnicity,All,432
2023-02,Schizophrenia Spectrum Disorders,RaceEthnicity,Asian,314
2023-02,Schizophrenia Spectrum Disorders,RaceEthnicity,Black,767
2023-02,Schizophrenia Spectrum Disorders,RaceEthnicity,Hispanic,299
2023-02,Schizophrenia Spectrum Disorders,RaceEthnicity,Multiple/Other,352
2023-02,Schizophrenia Spectrum Disorders,RaceEthnicity,NHOPI,506
2023-02,Schizophrenia Spectrum Disorders,RaceEthnicity,White,353
2023-02,Schizophrenia Spectrum Disorders,Sex,All,432
2023-02,Schizophrenia Spectrum Disorders,Sex,Female,288
2023-02,Schizophrenia Spectrum Disorders,Sex,Male,609
2023-02,Schizophrenia Spectrum Disorders,Total,All,432
2023-01,Schizophrenia Spectrum Disorders,Age,12-17 years,59
2023-01,Schizophrenia Spectrum Disorders,Age,18-34 years,576
2023-01,Schizophrenia Spectrum Disorders,Age,35-64 years,678
2023-01,Schizophrenia Spectrum Disorders,Age,65+ years,222
2023-01,Schizophrenia Spectrum Disorders,Age,All,434
2023-01,Schizophrenia Spectrum Disorders,RaceEthnicity,AI/AN,539
2023-01,Schizophrenia Spectrum Disorders,RaceEthnicity,All,434
2023-01,Schizophrenia Spectrum Disorders,RaceEthnicity,Asian,341
2023-01,Schizophrenia Spectrum Disorders,RaceEthnicity,Black,761
2023-01,Schizophrenia Spectrum Disorders,RaceEthnicity,Hispanic,307
2023-01,Schizophrenia Spectrum Disorders,RaceEthnicity,Multiple/Other,340
2023-01,Schizophrenia Spectrum Disorders,RaceEthnicity,NHOPI,407
2023-01,Schizophrenia Spectrum Disorders,RaceEthnicity,White,353
2023-01,Schizophrenia Spectrum Disorders,Sex,All,434
2023-01,Schizophrenia Spectrum Disorders,Sex,Female,289
2023-01,Schizophrenia Spectrum Disorders,Sex,Male,614
2023-01,Schizophrenia Spectrum Disorders,Total,All,434
2022-12,Schizophrenia Spectrum Disorders,Age,12-17 years,47
2022-12,Schizophrenia Spectrum Disorders,Age,18-34 years,530
2022-12,Schizophrenia Spectrum Disorders,Age,35-64 years,635
2022-12,Schizophrenia Spectrum Disorders,Age,65+ years,217
2022-12,Schizophrenia Spectrum Disorders,Age,All,392
2022-12,Schizophrenia Spectrum Disorders,RaceEthnicity,AI/AN,466
2022-12,Schizophrenia Spectrum Disorders,RaceEthnicity,All,392
2022-12,Schizophrenia Spectrum Disorders,RaceEthnicity,Asian,278
2022-12,Schizophrenia Spectrum Disorders,RaceEthnicity,Black,705
2022-12,Schizophrenia Spectrum Disorders,RaceEthnicity,Hispanic,267
2022-12,Schizophrenia Spectrum Disorders,RaceEthnicity,Multiple/Other,294
2022-12,Schizophrenia Spectrum Disorders,RaceEthnicity,NHOPI,395
2022-12,Schizophrenia Spectrum Disorders,RaceEthnicity,White,323
2022-12,Schizophrenia Spectrum Disorders,Sex,All,392
2022-12,Schizophrenia Spectrum Disorders,Sex,Female,263
2022-12,Schizophrenia Spectrum Disorders,Sex,Male,550
2022-12,Schizophrenia Spectrum Disorders,Total,All,392
2022-11,Schizophrenia Spectrum Disorders,Age,12-17 years,44
2022-11,Schizophrenia Spectrum Disorders,Age,18-34 years,510
2022-11,Schizophrenia Spectrum Disorders,Age,35-64 years,635
2022-11,Schizophrenia Spectrum Disorders,Age,65+ years,213
2022-11,Schizophrenia Spectrum Disorders,Age,All,372
2022-11,Schizophrenia Spectrum Disorders,RaceEthnicity,AI/AN,425
2022-11,Schizophrenia Spectrum Disorders,RaceEthnicity,All,372
2022-11,Schizophrenia Spectrum Disorders,RaceEthnicity,Asian,283
2022-11,Schizophrenia Spectrum Disorders,RaceEthnicity,Black,637
2022-11,Schizophrenia Spectrum Disorders,RaceEthnicity,Hispanic,254
2022-11,Schizophrenia Spectrum Disorders,RaceEthnicity,Multiple/Other,274
2022-11,Schizophrenia Spectrum Disorders,RaceEthnicity,NHOPI,336
2022-11,Schizophrenia Spectrum Disorders,RaceEthnicity,White,310
2022-11,Schizophrenia Spectrum Disorders,Sex,All,372
2022-11,Schizophrenia Spectrum Disorders,Sex,Female,250
2022-11,Schizophrenia Spectrum Disorders,Sex,Male,523
2022-11,Schizophrenia Spectrum Disorders,Total,All,372
2022-10,Schizophrenia Spectrum Disorders,Age,12-17 years,46
2022-10,Schizophrenia Spectrum Disorders,Age,18-34 years,549
2022-10,Schizophrenia Spectrum Disorders,Age,35-64 years,654
2022-10,Schizophrenia Spectrum Disorders,Age,65+ years,210
2022-10,Schizophrenia Spectrum Disorders,Age,All,392
2022-10,Schizophrenia Spectrum Disorders,RaceEthnicity,AI/AN,474
2022-10,Schizophrenia Spectrum Disorders,RaceEthnicity,All,392
2022-10,Schizophrenia Spectrum Disorders,RaceEthnicity,Asian,315
2022-10,Schizophrenia Spectrum Disorders,RaceEthnicity,Black,668
2022-10,Schizophrenia Spectrum Disorders,RaceEthnicity,Hispanic,278
2022-10,Schizophrenia Spectrum Disorders,RaceEthnicity,Multiple/Other,306
2022-10,Schizophrenia Spectrum Disorders,RaceEthnicity,NHOPI,466
2022-10,Schizophrenia Spectrum Disorders,RaceEthnicity,White,322
2022-10,Schizophrenia Spectrum Disorders,Sex,All,392
2022-10,Schizophrenia Spectrum Disorders,Sex,Female,269
2022-10,Schizophrenia Spectrum Disorders,Sex,Male,541
2022-10,Schizophrenia Spectrum Disorders,Total,All,392
2022-09,Schizophrenia Spectrum Disorders,Age,12-17 years,50
2022-09,Schizophrenia Spectrum Disorders,Age,18-34 years,543
2022-09,Schizophrenia Spectrum Disorders,Age,35-64 years,641
2022-09,Schizophrenia Spectrum Disorders,Age,65+ years,210
2022-09,Schizophrenia Spectrum Disorders,Age,All,398
2022-09,Schizophrenia Spectrum Disorders,RaceEthnicity,AI/AN,455
2022-09,Schizophrenia Spectrum Disorders,RaceEthnicity,All,398
2022-09,Schizophrenia Spectrum Disorders,RaceEthnicity,Asian,302
2022-09,Schizophrenia Spectrum Disorders,RaceEthnicity,Black,696
2022-09,Schizophrenia Spectrum Disorders,RaceEthnicity,Hispanic,287
2022-09,Schizophrenia Spectrum Disorders,RaceEthnicity,Multiple/Other,319
2022-09,Schizophrenia Spectrum Disorders,RaceEthnicity,NHOPI,430
2022-09,Schizophrenia Spectrum Disorders,RaceEthnicity,White,333
2022-09,Schizophrenia Spectrum Disorders,Sex,All,398
2022-09,Schizophrenia Spectrum Disorders,Sex,Female,274
2022-09,Schizophrenia Spectrum Disorders,Sex,Male,547
2022-09,Schizophrenia Spectrum Disorders,Total,All,398
2022-08,Schizophrenia Spectrum Disorders,Age,12-17 years,52
2022-08,Schizophrenia Spectrum Disorders,Age,18-34 years,543
2022-08,Schizophrenia Spectrum Disorders,Age,35-64 years,645
2022-08,Schizophrenia Spectrum Disorders,Age,65+ years,211
2022-08,Schizophrenia Spectrum Disorders,Age,All,416
2022-08,Schizophrenia Spectrum Disorders,RaceEthnicity,AI/AN,486
2022-08,Schizophrenia Spectrum Disorders,RaceEthnicity,All,416
2022-08,Schizophrenia Spectrum Disorders,RaceEthnicity,Asian,346
2022-08,Schizophrenia Spectrum Disorders,RaceEthnicity,Black,712
2022-08,Schizophrenia Spectrum Disorders,RaceEthnicity,Hispanic,328
2022-08,Schizophrenia Spectrum Disorders,RaceEthnicity,Multiple/Other,332
2022-08,Schizophrenia Spectrum Disorders,RaceEthnicity,NHOPI,368
2022-08,Schizophrenia Spectrum Disorders,RaceEthnicity,White,347
2022-08,Schizophrenia Spectrum Disorders,Sex,All,416
2022-08,Schizophrenia Spectrum Disorders,Sex,Female,284
2022-08,Schizophrenia Spectrum Disorders,Sex,Male,576
2022-08,Schizophrenia Spectrum Disorders,Total,All,416
2022-07,Schizophrenia Spectrum Disorders,Age,12-17 years,64
2022-07,Schizophrenia Spectrum Disorders,Age,18-34 years,533
2022-07,Schizophrenia Spectrum Disorders,Age,35-64 years,641
2022-07,Schizophrenia Spectrum Disorders,Age,65+ years,205
2022-07,Schizophrenia Spectrum Disorders,Age,All,418
2022-07,Schizophrenia Spectrum Disorders,RaceEthnicity,AI/AN,508
2022-07,Schizophrenia Spectrum Disorders,RaceEthnicity,All,418
2022-07,Schizophrenia Spectrum Disorders,RaceEthnicity,Asian,311
2022-07,Schizophrenia Spectrum Disorders,RaceEthnicity,Black,744
2022-07,Schizophrenia Spectrum Disorders,RaceEthnicity,Hispanic,328
2022-07,Schizophrenia Spectrum Disorders,RaceEthnicity,Multiple/Other,318
2022-07,Schizophrenia Spectrum Disorders,RaceEthnicity,NHOPI,323
2022-07,Schizophrenia Spectrum Disorders,RaceEthnicity,White,341
2022-07,Schizophrenia Spectrum Disorders,Sex,All,418
2022-07,Schizophrenia Spectrum Disorders,Sex,Female,287
2022-07,Schizophrenia Spectrum Disorders,Sex,Male,577
2022-07,Schizophrenia Spectrum Disorders,Total,All,418
2022-06,Schizophrenia Spectrum Disorders,Age,12-17 years,63
2022-06,Schizophrenia Spectrum Disorders,Age,18-34 years,556
2022-06,Schizophrenia Spectrum Disorders,Age,35-64 years,670
2022-06,Schizophrenia Spectrum Disorders,Age,65+ years,214
2022-06,Schizophrenia Spectrum Disorders,Age,All,429
2022-06,Schizophrenia Spectrum Disorders,RaceEthnicity,AI/AN,493
2022-06,Schizophrenia Spectrum Disorders,RaceEthnicity,All,429
2022-06,Schizophrenia Spectrum Disorders,RaceEthnicity,Asian,296
2022-06,Schizophrenia Spectrum Disorders,RaceEthnicity,Black,783
2022-06,Schizophrenia Spectrum Disorders,RaceEthnicity,Hispanic,329
2022-06,Schizophrenia Spectrum Disorders,RaceEthnicity,Multiple/Other,326
2022-06,Schizophrenia Spectrum Disorders,RaceEthnicity,NHOPI,357
2022-06,Schizophrenia Spectrum Disorders,RaceEthnicity,White,352
2022-06,Schizophrenia Spectrum Disorders,Sex,All,429
2022-06,Schizophrenia Spectrum Disorders,Sex,Female,293
2022-06,Schizophrenia Spectrum Disorders,Sex,Male,592
2022-06,Schizophrenia Spectrum Disorders,Total,All,429
2022-05,Schizophrenia Spectrum Disorders,Age,12-17 years,57
2022-05,Schizophrenia Spectrum Disorders,Age,18-34 years,574
2022-05,Schizophrenia Spectrum Disorders,Age,35-64 years,674
2022-05,Schizophrenia Spectrum Disorders,Age,65+ years,214
2022-05,Schizophrenia Spectrum Disorders,Age,All,423
2022-05,Schizophrenia Spectrum Disorders,RaceEthnicity,AI/AN,576
2022-05,Schizophrenia Spectrum Disorders,RaceEthnicity,All,423
2022-05,Schizophrenia Spectrum Disorders,RaceEthnicity,Asian,294
2022-05,Schizophrenia Spectrum Disorders,RaceEthnicity,Black,752
2022-05,Schizophrenia Spectrum Disorders,RaceEthnicity,Hispanic,312
2022-05,Schizophrenia Spectrum Disorders,RaceEthnicity,Multiple/Other,353
2022-05,Schizophrenia Spectrum Disorders,RaceEthnicity,NHOPI,354
2022-05,Schizophrenia Spectrum Disorders,RaceEthnicity,White,351
2022-05,Schizophrenia Spectrum Disorders,Sex,All,423
2022-05,Schizophrenia Spectrum Disorders,Sex,Female,288
2022-05,Schizophrenia Spectrum Disorders,Sex,Male,587
2022-05,Schizophrenia Spectrum Disorders,Total,All,423
2022-04,Schizophrenia Spectrum Disorders,Age,12-17 years,68
2022-04,Schizophrenia Spectrum Disorders,Age,18-34 years,593
2022-04,Schizophrenia Spectrum Disorders,Age,35-64 years,727
2022-04,Schizophrenia Spectrum Disorders,Age,65+ years,227
2022-04,Schizophrenia Spectrum Disorders,Age,All,452
2022-04,Schizophrenia Spectrum Disorders,RaceEthnicity,AI/AN,512
2022-04,Schizophrenia Spectrum Disorders,RaceEthnicity,All,452
2022-04,Schizophrenia Spectrum Disorders,RaceEthnicity,Asian,316
2022-04,Schizophrenia Spectrum Disorders,RaceEthnicity,Black,825
2022-04,Schizophrenia Spectrum Disorders,RaceEthnicity,Hispanic,330
2022-04,Schizophrenia Spectrum Disorders,RaceEthnicity,Multiple/Other,382
2022-04,Schizophrenia Spectrum Disorders,RaceEthnicity,NHOPI,464
2022-04,Schizophrenia Spectrum Disorders,RaceEthnicity,White,371
2022-04,Schizophrenia Spectrum Disorders,Sex,All,452
2022-04,Schizophrenia Spectrum Disorders,Sex,Female,303
2022-04,Schizophrenia Spectrum Disorders,Sex,Male,639
2022-04,Schizophrenia Spectrum Disorders,Total,All,452
2022-03,Schizophrenia Spectrum Disorders,Age,12-17 years,66
2022-03,Schizophrenia Spectrum Disorders,Age,18-34 years,646
2022-03,Schizophrenia Spectrum Disorders,Age,35-64 years,758
2022-03,Schizophrenia Spectrum Disorders,Age,65+ years,228
2022-03,Schizophrenia Spectrum Disorders,Age,All,478
2022-03,Schizophrenia Spectrum Disorders,RaceEthnicity,AI/AN,650
2022-03,Schizophrenia Spectrum Disorders,RaceEthnicity,All,478
2022-03,Schizophrenia Spectrum Disorders,RaceEthnicity,Asian,334
2022-03,Schizophrenia Spectrum Disorders,RaceEthnicity,Black,867
2022-03,Schizophrenia Spectrum Disorders,RaceEthnicity,Hispanic,362
2022-03,Schizophrenia Spectrum Disorders,RaceEthnicity,Multiple/Other,404
2022-03,Schizophrenia Spectrum Disorders,RaceEthnicity,NHOPI,527
2022-03,Schizophrenia Spectrum Disorders,RaceEthnicity,White,389
2022-03,Schizophrenia Spectrum Disorders,Sex,All,478
2022-03,Schizophrenia Spectrum Disorders,Sex,Female,321
2022-03,Schizophrenia Spectrum Disorders,Sex,Male,676
2022-03,Schizophrenia Spectrum Disorders,Total,All,478
2022-02,Schizophrenia Spectrum Disorders,Age,12-17 years,72
2022-02,Schizophrenia Spectrum Disorders,Age,18-34 years,670
2022-02,Schizophrenia Spectrum Disorders,Age,35-64 years,776
2022-02,Schizophrenia Spectrum Disorders,Age,65+ years,232
2022-02,Schizophrenia Spectrum Disorders,Age,All,499
2022-02,Schizophrenia Spectrum Disorders,RaceEthnicity,AI/AN,700
2022-02,Schizophrenia Spectrum Disorders,RaceEthnicity,All,499
2022-02,Schizophrenia Spectrum Disorders,RaceEthnicity,Asian,359
2022-02,Schizophrenia Spectrum Disorders,RaceEthnicity,Black,922
2022-02,Schizophrenia Spectrum Disorders,RaceEthnicity,Hispanic,391
2022-02,Schizophrenia Spectrum Disorders,RaceEthnicity,Multiple/Other,409
2022-02,Schizophrenia Spectrum Disorders,RaceEthnicity,NHOPI,522
2022-02,Schizophrenia Spectrum Disorders,RaceEthnicity,White,400
2022-02,Schizophrenia Spectrum Disorders,Sex,All,499
2022-02,Schizophrenia Spectrum Disorders,Sex,Female,340
2022-02,Schizophrenia Spectrum Disorders,Sex,Male,697
2022-02,Schizophrenia Spectrum Disorders,Total,All,499
2022-01,Schizophrenia Spectrum Disorders,Age,12-17 years,67
2022-01,Schizophrenia Spectrum Disorders,Age,18-34 years,555
2022-01,Schizophrenia Spectrum Disorders,Age,35-64 years,668
2022-01,Schizophrenia Spectrum Disorders,Age,65+ years,229
2022-01,Schizophrenia Spectrum Disorders,Age,All,439
2022-01,Schizophrenia Spectrum Disorders,RaceEthnicity,AI/AN,565
2022-01,Schizophrenia Spectrum Disorders,RaceEthnicity,All,439
2022-01,Schizophrenia Spectrum Disorders,RaceEthnicity,Asian,344
2022-01,Schizophrenia Spectrum Disorders,RaceEthnicity,Black,784
2022-01,Schizophrenia Spectrum Disorders,RaceEthnicity,Hispanic,333
2022-01,Schizophrenia Spectrum Disorders,RaceEthnicity,Multiple/Other,356
2022-01,Schizophrenia Spectrum Disorders,RaceEthnicity,NHOPI,365
2022-01,Schizophrenia Spectrum Disorders,RaceEthnicity,White,358
2022-01,Schizophrenia Spectrum Disorders,Sex,All,439
2022-01,Schizophrenia Spectrum Disorders,Sex,Female,294
2022-01,Schizophrenia Spectrum Disorders,Sex,Male,622
2022-01,Schizophrenia Spectrum Disorders,Total,All,439
2021-12,Schizophrenia Spectrum Disorders,Age,12-17 years,55
2021-12,Schizophrenia Spectrum Disorders,Age,18-34 years,510
2021-12,Schizophrenia Spectrum Disorders,Age,35-64 years,626
2021-12,Schizophrenia Spectrum Disorders,Age,65+ years,213
2021-12,Schizophrenia Spectrum Disorders,Age,All,400
2021-12,Schizophrenia Spectrum Disorders,RaceEthnicity,AI/AN,607
2021-12,Schizophrenia Spectrum Disorders,RaceEthnicity,All,400
2021-12,Schizophrenia Spectrum Disorders,RaceEthnicity,Asian,291
2021-12,Schizophrenia Spectrum Disorders,RaceEthnicity,Black,674
2021-12,Schizophrenia Spectrum Disorders,RaceEthnicity,Hispanic,315
2021-12,Schizophrenia Spectrum Disorders,RaceEthnicity,Multiple/Other,307
2021-12,Schizophrenia Spectrum Disorders,RaceEthnicity,NHOPI,382
2021-12,Schizophrenia Spectrum Disorders,RaceEthnicity,White,336
2021-12,Schizophrenia Spectrum Disorders,Sex,All,400
2021-12,Schizophrenia Spectrum Disorders,Sex,Female,268
2021-12,Schizophrenia Spectrum Disorders,Sex,Male,569
2021-12,Schizophrenia Spectrum Disorders,Total,All,400
2021-11,Schizophrenia Spectrum Disorders,Age,12-17 years,66
2021-11,Schizophrenia Spectrum Disorders,Age,18-34 years,572
2021-11,Schizophrenia Spectrum Disorders,Age,35-64 years,683
2021-11,Schizophrenia Spectrum Disorders,Age,65+ years,221
2021-11,Schizophrenia Spectrum Disorders,Age,All,431
2021-11,Schizophrenia Spectrum Disorders,RaceEthnicity,AI/AN,633
2021-11,Schizophrenia Spectrum Disorders,RaceEthnicity,All,431
2021-11,Schizophrenia Spectrum Disorders,RaceEthnicity,Asian,310
2021-11,Schizophrenia Spectrum Disorders,RaceEthnicity,Black,771
2021-11,Schizophrenia Spectrum Disorders,RaceEthnicity,Hispanic,343
2021-11,Schizophrenia Spectrum Disorders,RaceEthnicity,Multiple/Other,346
2021-11,Schizophrenia Spectrum Disorders,RaceEthnicity,NHOPI,236
2021-11,Schizophrenia Spectrum Disorders,RaceEthnicity,White,351
2021-11,Schizophrenia Spectrum Disorders,Sex,All,431
2021-11,Schizophrenia Spectrum Disorders,Sex,Female,289
2021-11,Schizophrenia Spectrum Disorders,Sex,Male,612
2021-11,Schizophrenia Spectrum Disorders,Total,All,431
2021-10,Schizophrenia Spectrum Disorders,Age,12-17 years,64
2021-10,Schizophrenia Spectrum Disorders,Age,18-34 years,594
2021-10,Schizophrenia Spectrum Disorders,Age,35-64 years,712
2021-10,Schizophrenia Spectrum Disorders,Age,65+ years,228
2021-10,Schizophrenia Spectrum Disorders,Age,All,450
2021-10,Schizophrenia Spectrum Disorders,RaceEthnicity,AI/AN,576
2021-10,Schizophrenia Spectrum Disorders,RaceEthnicity,All,450
2021-10,Schizophrenia Spectrum Disorders,RaceEthnicity,Asian,285
2021-10,Schizophrenia Spectrum Disorders,RaceEthnicity,Black,798
2021-10,Schizophrenia Spectrum Disorders,RaceEthnicity,Hispanic,373
2021-10,Schizophrenia Spectrum Disorders,RaceEthnicity,Multiple/Other,351
2021-10,Schizophrenia Spectrum Disorders,RaceEthnicity,NHOPI,331
2021-10,Schizophrenia Spectrum Disorders,RaceEthnicity,White,370
2021-10,Schizophrenia Spectrum Disorders,Sex,All,450
2021-10,Schizophrenia Spectrum Disorders,Sex,Female,308
2021-10,Schizophrenia Spectrum Disorders,Sex,Male,629
2021-10,Schizophrenia Spectrum Disorders,Total,All,450
2021-09,Schizophrenia Spectrum Disorders,Age,12-17 years,58
2021-09,Schizophrenia Spectrum Disorders,Age,18-34 years,551
2021-09,Schizophrenia Spectrum Disorders,Age,35-64 years,660
2021-09,Schizophrenia Spectrum Disorders,Age,65+ years,220
2021-09,Schizophrenia Spectrum Disorders,Age,All,422
2021-09,Schizophrenia Spectrum Disorders,RaceEthnicity,AI/AN,519
2021-09,Schizophrenia Spectrum Disorders,RaceEthnicity,All,422
2021-09,Schizophrenia Spectrum Disorders,RaceEthnicity,Asian,294
2021-09,Schizophrenia Spectrum Disorders,RaceEthnicity,Black,743
2021-09,Schizophrenia Spectrum Disorders,RaceEthnicity,Hispanic,346
2021-09,Schizophrenia Spectrum Disorders,RaceEthnicity,Multiple/Other,326
2021-09,Schizophrenia Spectrum Disorders,RaceEthnicity,NHOPI,332
2021-09,Schizophrenia Spectrum Disorders,RaceEthnicity,White,352
2021-09,Schizophrenia Spectrum Disorders,Sex,All,422
2021-09,Schizophrenia Spectrum Disorders,Sex,Female,293
2021-09,Schizophrenia Spectrum Disorders,Sex,Male,584
2021-09,Schizophrenia Spectrum Disorders,Total,All,422
2021-08,Schizophrenia Spectrum Disorders,Age,12-17 years,61
2021-08,Schizophrenia Spectrum Disorders,Age,18-34 years,527
2021-08,Schizophrenia Spectrum Disorders,Age,35-64 years,634
2021-08,Schizophrenia Spectrum Disorders,Age,65+ years,218
2021-08,Schizophrenia Spectrum Disorders,Age,All,416
2021-08,Schizophrenia Spectrum Disorders,RaceEthnicity,AI/AN,488
2021-08,Schizophrenia Spectrum Disorders,RaceEthnicity,All,416
2021-08,Schizophrenia Spectrum Disorders,RaceEthnicity,Asian,295
2021-08,Schizophrenia Spectrum Disorders,RaceEthnicity,Black,709
2021-08,Schizophrenia Spectrum Disorders,RaceEthnicity,Hispanic,343
2021-08,Schizophrenia Spectrum Disorders,RaceEthnicity,Multiple/Other,350
2021-08,Schizophrenia Spectrum Disorders,RaceEthnicity,NHOPI,321
2021-08,Schizophrenia Spectrum Disorders,RaceEthnicity,White,347
2021-08,Schizophrenia Spectrum Disorders,Sex,All,416
2021-08,Schizophrenia Spectrum Disorders,Sex,Female,294
2021-08,Schizophrenia Spectrum Disorders,Sex,Male,569
2021-08,Schizophrenia Spectrum Disorders,Total,All,416
2021-07,Schizophrenia Spectrum Disorders,Age,12-17 years,66
2021-07,Schizophrenia Spectrum Disorders,Age,18-34 years,546
2021-07,Schizophrenia Spectrum Disorders,Age,35-64 years,675
2021-07,Schizophrenia Spectrum Disorders,Age,65+ years,225
2021-07,Schizophrenia Spectrum Disorders,Age,All,441
2021-07,Schizophrenia Spectrum Disorders,RaceEthnicity,AI/AN,548
2021-07,Schizophrenia Spectrum Disorders,RaceEthnicity,All,441
2021-07,Schizophrenia Spectrum Disorders,RaceEthnicity,Asian,323
2021-07,Schizophrenia Spectrum Disorders,RaceEthnicity,Black,746
2021-07,Schizophrenia Spectrum Disorders,RaceEthnicity,Hispanic,355
2021-07,Schizophrenia Spectrum Disorders,RaceEthnicity,Multiple/Other,395
2021-07,Schizophrenia Spectrum Disorders,RaceEthnicity,NHOPI,390
2021-07,Schizophrenia Spectrum Disorders,RaceEthnicity,White,369
2021-07,Schizophrenia Spectrum Disorders,Sex,All,441
2021-07,Schizophrenia Spectrum Disorders,Sex,Female,311
2021-07,Schizophrenia Spectrum Disorders,Sex,Male,608
2021-07,Schizophrenia Spectrum Disorders,Total,All,441
2021-06,Schizophrenia Spectrum Disorders,Age,12-17 years,76
2021-06,Schizophrenia Spectrum Disorders,Age,18-34 years,595
2021-06,Schizophrenia Spectrum Disorders,Age,35-64 years,721
2021-06,Schizophrenia Spectrum Disorders,Age,65+ years,228
2021-06,Schizophrenia Spectrum Disorders,Age,All,472
2021-06,Schizophrenia Spectrum Disorders,RaceEthnicity,AI/AN,495
2021-06,Schizophrenia Spectrum Disorders,RaceEthnicity,All,472
2021-06,Schizophrenia Spectrum Disorders,RaceEthnicity,Asian,336
2021-06,Schizophrenia Spectrum Disorders,RaceEthnicity,Black,800
2021-06,Schizophrenia Spectrum Disorders,RaceEthnicity,Hispanic,396
2021-06,Schizophrenia Spectrum Disorders,RaceEthnicity,Multiple/Other,438
2021-06,Schizophrenia Spectrum Disorders,RaceEthnicity,NHOPI,329
2021-06,Schizophrenia Spectrum Disorders,RaceEthnicity,White,390
2021-06,Schizophrenia Spectrum Disorders,Sex,All,472
2021-06,Schizophrenia Spectrum Disorders,Sex,Female,327
2021-06,Schizophrenia Spectrum Disorders,Sex,Male,658
2021-06,Schizophrenia Spectrum Disorders,Total,All,472
2021-05,Schizophrenia Spectrum Disorders,Age,12-17 years,75
2021-05,Schizophrenia Spectrum Disorders,Age,18-34 years,626
2021-05,Schizophrenia Spectrum Disorders,Age,35-64 years,748
2021-05,Schizophrenia Spectrum Disorders,Age,65+ years,233
2021-05,Schizophrenia Spectrum Disorders,Age,All,488
2021-05,Schizophrenia Spectrum Disorders,RaceEthnicity,AI/AN,573
2021-05,Schizophrenia Spectrum Disorders,RaceEthnicity,All,488
2021-05,Schizophrenia Spectrum Disorders,RaceEthnicity,Asian,315
2021-05,Schizophrenia Spectrum Disorders,RaceEthnicity,Black,839
2021-05,Schizophrenia Spectrum Disorders,RaceEthnicity,Hispanic,416
2021-05,Schizophrenia Spectrum Disorders,RaceEthnicity,Multiple/Other,434
2021-05,Schizophrenia Spectrum Disorders,RaceEthnicity,NHOPI,344
2021-05,Schizophrenia Spectrum Disorders,RaceEthnicity,White,392
2021-05,Schizophrenia Spectrum Disorders,Sex,All,488
2021-05,Schizophrenia Spectrum Disorders,Sex,Female,335
2021-05,Schizophrenia Spectrum Disorders,Sex,Male,683
2021-05,Schizophrenia Spectrum Disorders,Total,All,488
2021-04,Schizophrenia Spectrum Disorders,Age,12-17 years,74
2021-04,Schizophrenia Spectrum Disorders,Age,18-34 years,618
2021-04,Schizophrenia Spectrum Disorders,Age,35-64 years,746
2021-04,Schizophrenia Spectrum Disorders,Age,65+ years,239
2021-04,Schizophrenia Spectrum Disorders,Age,All,492
2021-04,Schizophrenia Spectrum Disorders,RaceEthnicity,AI/AN,592
2021-04,Schizophrenia Spectrum Disorders,RaceEthnicity,All,492
2021-04,Schizophrenia Spectrum Disorders,RaceEthnicity,Asian,289
2021-04,Schizophrenia Spectrum Disorders,RaceEthnicity,Black,846
2021-04,Schizophrenia Spectrum Disorders,RaceEthnicity,Hispanic,424
2021-04,Schizophrenia Spectrum Disorders,RaceEthnicity,Multiple/Other,425
2021-04,Schizophrenia Spectrum Disorders,RaceEthnicity,NHOPI,355
2021-04,Schizophrenia Spectrum Disorders,RaceEthnicity,White,396
2021-04,Schizophrenia Spectrum Disorders,Sex,All,492
2021-04,Schizophrenia Spectrum Disorders,Sex,Female,335
2021-04,Schizophrenia Spectrum Disorders,Sex,Male,696
2021-04,Schizophrenia Spectrum Disorders,Total,All,492
2021-03,Schizophrenia Spectrum Disorders,Age,12-17 years,85
2021-03,Schizophrenia Spectrum Disorders,Age,18-34 years,687
2021-03,Schizophrenia Spectrum Disorders,Age,35-64 years,824
2021-03,Schizophrenia Spectrum Disorders,Age,65+ years,260
2021-03,Schizophrenia Spectrum Disorders,Age,All,548
2021-03,Schizophrenia Spectrum Disorders,RaceEthnicity,AI/AN,620
2021-03,Schizophrenia Spectrum Disorders,RaceEthnicity,All,548
2021-03,Schizophrenia Spectrum Disorders,RaceEthnicity,Asian,353
2021-03,Schizophrenia Spectrum Disorders,RaceEthnicity,Black,963
2021-03,Schizophrenia Spectrum Disorders,RaceEthnicity,Hispanic,472
2021-03,Schizophrenia Spectrum Disorders,RaceEthnicity,Multiple/Other,465
2021-03,Schizophrenia Spectrum Disorders,RaceEthnicity,NHOPI,369
2021-03,Schizophrenia Spectrum Disorders,RaceEthnicity,White,439
2021-03,Schizophrenia Spectrum Disorders,Sex,All,548
2021-03,Schizophrenia Spectrum Disorders,Sex,Female,375
2021-03,Schizophrenia Spectrum Disorders,Sex,Male,772
2021-03,Schizophrenia Spectrum Disorders,Total,All,548
2021-02,Schizophrenia Spectrum Disorders,Age,12-17 years,90
2021-02,Schizophrenia Spectrum Disorders,Age,18-34 years,724
2021-02,Schizophrenia Spectrum Disorders,Age,35-64 years,857
2021-02,Schizophrenia Spectrum Disorders,Age,65+ years,259
2021-02,Schizophrenia Spectrum Disorders,Age,All,580
2021-02,Schizophrenia Spectrum Disorders,RaceEthnicity,AI/AN,691
2021-02,Schizophrenia Spectrum Disorders,RaceEthnicity,All,580
2021-02,Schizophrenia Spectrum Disorders,RaceEthnicity,Asian,364
2021-02,Schizophrenia Spectrum Disorders,RaceEthnicity,Black,1031
2021-02,Schizophrenia Spectrum Disorders,RaceEthnicity,Hispanic,506
2021-02,Schizophrenia Spectrum Disorders,RaceEthnicity,Multiple/Other,476
2021-02,Schizophrenia Spectrum Disorders,RaceEthnicity,NHOPI,397
2021-02,Schizophrenia Spectrum Disorders,RaceEthnicity,White,459
2021-02,Schizophrenia Spectrum Disorders,Sex,All,580
2021-02,Schizophrenia Spectrum Disorders,Sex,Female,393
2021-02,Schizophrenia Spectrum Disorders,Sex,Male,817
2021-02,Schizophrenia Spectrum Disorders,Total,All,580
2021-01,Schizophrenia Spectrum Disorders,Age,12-17 years,88
2021-01,Schizophrenia Spectrum Disorders,Age,18-34 years,684
2021-01,Schizophrenia Spectrum Disorders,Age,35-64 years,822
2021-01,Schizophrenia Spectrum Disorders,Age,65+ years,261
2021-01,Schizophrenia Spectrum Disorders,Age,All,561
2021-01,Schizophrenia Spectrum Disorders,RaceEthnicity,AI/AN,720
2021-01,Schizophrenia Spectrum Disorders,RaceEthnicity,All,561
2021-01,Schizophrenia Spectrum Disorders,RaceEthnicity,Asian,401
2021-01,Schizophrenia Spectrum Disorders,RaceEthnicity,Black,986
2021-01,Schizophrenia Spectrum Disorders,RaceEthnicity,Hispanic,491
2021-01,Schizophrenia Spectrum Disorders,RaceEthnicity,Multiple/Other,449
2021-01,Schizophrenia Spectrum Disorders,RaceEthnicity,NHOPI,439
2021-01,Schizophrenia Spectrum Disorders,RaceEthnicity,White,445
2021-01,Schizophrenia Spectrum Disorders,Sex,All,561
2021-01,Schizophrenia Spectrum Disorders,Sex,Female,371
2021-01,Schizophrenia Spectrum Disorders,Sex,Male,800
2021-01,Schizophrenia Spectrum Disorders,Total,All,561
2020-12,Schizophrenia Spectrum Disorders,Age,12-17 years,97
2020-12,Schizophrenia Spectrum Disorders,Age,18-34 years,688
2020-12,Schizophrenia Spectrum Disorders,Age,35-64 years,810
2020-12,Schizophrenia Spectrum Disorders,Age,65+ years,261
2020-12,Schizophrenia Spectrum Disorders,Age,All,559
2020-12,Schizophrenia Spectrum Disorders,RaceEthnicity,AI/AN,732
2020-12,Schizophrenia Spectrum Disorders,RaceEthnicity,All,559
2020-12,Schizophrenia Spectrum Disorders,RaceEthnicity,Asian,390
2020-12,Schizophrenia Spectrum Disorders,RaceEthnicity,Black,993
2020-12,Schizophrenia Spectrum Disorders,RaceEthnicity,Hispanic,484
2020-12,Schizophrenia Spectrum Disorders,RaceEthnicity,Multiple/Other,482
2020-12,Schizophrenia Spectrum Disorders,RaceEthnicity,NHOPI,448
2020-12,Schizophrenia Spectrum Disorders,RaceEthnicity,White,438
2020-12,Schizophrenia Spectrum Disorders,Sex,All,559
2020-12,Schizophrenia Spectrum Disorders,Sex,Female,376
2020-12,Schizophrenia Spectrum Disorders,Sex,Male,784
2020-12,Schizophrenia Spectrum Disorders,Total,All,559
2020-11,Schizophrenia Spectrum Disorders,Age,12-17 years,90
2020-11,Schizophrenia Spectrum Disorders,Age,18-34 years,662
2020-11,Schizophrenia Spectrum Disorders,Age,35-64 years,810
2020-11,Schizophrenia Spectrum Disorders,Age,65+ years,259
2020-11,Schizophrenia Spectrum Disorders,Age,All,549
2020-11,Schizophrenia Spectrum Disorders,RaceEthnicity,AI/AN,647
2020-11,Schizophrenia Spectrum Disorders,RaceEthnicity,All,549
2020-11,Schizophrenia Spectrum Disorders,RaceEthnicity,Asian,357
2020-11,Schizophrenia Spectrum Disorders,RaceEthnicity,Black,983
2020-11,Schizophrenia Spectrum Disorders,RaceEthnicity,Hispanic,464
2020-11,Schizophrenia Spectrum Disorders,RaceEthnicity,Multiple/Other,474
2020-11,Schizophrenia Spectrum Disorders,RaceEthnicity,NHOPI,507
2020-11,Schizophrenia Spectrum Disorders,RaceEthnicity,White,434
2020-11,Schizophrenia Spectrum Disorders,Sex,All,549
2020-11,Schizophrenia Spectrum Disorders,Sex,Female,371
2020-11,Schizophrenia Spectrum Disorders,Sex,Male,772
2020-11,Schizophrenia Spectrum Disorders,Total,All,549
2020-10,Schizophrenia Spectrum Disorders,Age,12-17 years,80
2020-10,Schizophrenia Spectrum Disorders,Age,18-34 years,704
2020-10,Schizophrenia Spectrum Disorders,Age,35-64 years,841
2020-10,Schizophrenia Spectrum Disorders,Age,65+ years,270
2020-10,Schizophrenia Spectrum Disorders,Age,All,572
2020-10,Schizophrenia Spectrum Disorders,RaceEthnicity,AI/AN,714
2020-10,Schizophrenia Spectrum Disorders,RaceEthnicity,All,572
2020-10,Schizophrenia Spectrum Disorders,RaceEthnicity,Asian,396
2020-10,Schizophrenia Spectrum Disorders,RaceEthnicity,Black,1021
2020-10,Schizophrenia Spectrum Disorders,RaceEthnicity,Hispanic,487
2020-10,Schizophrenia Spectrum Disorders,RaceEthnicity,Multiple/Other,470
2020-10,Schizophrenia Spectrum Disorders,RaceEthnicity,NHOPI,424
2020-10,Schizophrenia Spectrum Disorders,RaceEthnicity,White,455
2020-10,Schizophrenia Spectrum Disorders,Sex,All,572
2020-10,Schizophrenia Spectrum Disorders,Sex,Female,391
2020-10,Schizophrenia Spectrum Disorders,Sex,Male,799
2020-10,Schizophrenia Spectrum Disorders,Total,All,572
2020-09,Schizophrenia Spectrum Disorders,Age,12-17 years,94
2020-09,Schizophrenia Spectrum Disorders,Age,18-34 years,713
2020-09,Schizophrenia Spectrum Disorders,Age,35-64 years,900
2020-09,Schizophrenia Spectrum Disorders,Age,65+ years,277
2020-09,Schizophrenia Spectrum Disorders,Age,All,599
2020-09,Schizophrenia Spectrum Disorders,RaceEthnicity,AI/AN,688
2020-09,Schizophrenia Spectrum Disorders,RaceEthnicity,All,599
2020-09,Schizophrenia Spectrum Disorders,RaceEthnicity,Asian,469
2020-09,Schizophrenia Spectrum Disorders,RaceEthnicity,Black,1074
2020-09,Schizophrenia Spectrum Disorders,RaceEthnicity,Hispanic,519
2020-09,Schizophrenia Spectrum Disorders,RaceEthnicity,Multiple/Other,463
2020-09,Schizophrenia Spectrum Disorders,RaceEthnicity,NHOPI,355
2020-09,Schizophrenia Spectrum Disorders,RaceEthnicity,White,480
2020-09,Schizophrenia Spectrum Disorders,Sex,All,599
2020-09,Schizophrenia Spectrum Disorders,Sex,Female,418
2020-09,Schizophrenia Spectrum Disorders,Sex,Male,823
2020-09,Schizophrenia Spectrum Disorders,Total,All,599
2020-08,Schizophrenia Spectrum Disorders,Age,12-17 years,86
2020-08,Schizophrenia Spectrum Disorders,Age,18-34 years,722
2020-08,Schizophrenia Spectrum Disorders,Age,35-64 years,900
2020-08,Schizophrenia Spectrum Disorders,Age,65+ years,282
2020-08,Schizophrenia Spectrum Disorders,Age,All,611
2020-08,Schizophrenia Spectrum Disorders,RaceEthnicity,AI/AN,661
2020-08,Schizophrenia Spectrum Disorders,RaceEthnicity,All,611
2020-08,Schizophrenia Spectrum Disorders,RaceEthnicity,Asian,397
2020-08,Schizophrenia Spectrum Disorders,RaceEthnicity,Black,1096
2020-08,Schizophrenia Spectrum Disorders,RaceEthnicity,Hispanic,530
2020-08,Schizophrenia Spectrum Disorders,RaceEthnicity,Multiple/Other,470
2020-08,Schizophrenia Spectrum Disorders,RaceEthnicity,NHOPI,436
2020-08,Schizophrenia Spectrum Disorders,RaceEthnicity,White,493
2020-08,Schizophrenia Spectrum Disorders,Sex,All,611
2020-08,Schizophrenia Spectrum Disorders,Sex,Female,428
2020-08,Schizophrenia Spectrum Disorders,Sex,Male,832
2020-08,Schizophrenia Spectrum Disorders,Total,All,611
2020-07,Schizophrenia Spectrum Disorders,Age,12-17 years,77
2020-07,Schizophrenia Spectrum Disorders,Age,18-34 years,700
2020-07,Schizophrenia Spectrum Disorders,Age,35-64 years,873
2020-07,Schizophrenia Spectrum Disorders,Age,65+ years,279
2020-07,Schizophrenia Spectrum Disorders,Age,All,598
2020-07,Schizophrenia Spectrum Disorders,RaceEthnicity,AI/AN,608
2020-07,Schizophrenia Spectrum Disorders,RaceEthnicity,All,598
2020-07,Schizophrenia Spectrum Disorders,RaceEthnicity,Asian,412
2020-07,Schizophrenia Spectrum Disorders,RaceEthnicity,Black,1078
2020-07,Schizophrenia Spectrum Disorders,RaceEthnicity,Hispanic,493
2020-07,Schizophrenia Spectrum Disorders,RaceEthnicity,Multiple/Other,466
2020-07,Schizophrenia Spectrum Disorders,RaceEthnicity,NHOPI,358
2020-07,Schizophrenia Spectrum Disorders,RaceEthnicity,White,484
2020-07,Schizophrenia Spectrum Disorders,Sex,All,598
2020-07,Schizophrenia Spectrum Disorders,Sex,Female,416
2020-07,Schizophrenia Spectrum Disorders,Sex,Male,819
2020-07,Schizophrenia Spectrum Disorders,Total,All,598
2020-06,Schizophrenia Spectrum Disorders,Age,12-17 years,101
2020-06,Schizophrenia Spectrum Disorders,Age,18-34 years,739
2020-06,Schizophrenia Spectrum Disorders,Age,35-64 years,904
2020-06,Schizophrenia Spectrum Disorders,Age,65+ years,289
2020-06,Schizophrenia Spectrum Disorders,Age,All,623
2020-06,Schizophrenia Spectrum Disorders,RaceEthnicity,AI/AN,605
2020-06,Schizophrenia Spectrum Disorders,RaceEthnicity,All,623
2020-06,Schizophrenia Spectrum Disorders,RaceEthnicity,Asian,401
2020-06,Schizophrenia Spectrum Disorders,RaceEthnicity,Black,1123
2020-06,Schizophrenia Spectrum Disorders,RaceEthnicity,Hispanic,522
2020-06,Schizophrenia Spectrum Disorders,RaceEthnicity,Multiple/Other,508
2020-06,Schizophrenia Spectrum Disorders,RaceEthnicity,NHOPI,489
2020-06,Schizophrenia Spectrum Disorders,RaceEthnicity,White,496
2020-06,Schizophrenia Spectrum Disorders,Sex,All,623
2020-06,Schizophrenia Spectrum Disorders,Sex,Female,432
2020-06,Schizophrenia Spectrum Disorders,Sex,Male,850
2020-06,Schizophrenia Spectrum Disorders,Total,All,623
2020-05,Schizophrenia Spectrum Disorders,Age,12-17 years,115
2020-05,Schizophrenia Spectrum Disorders,Age,18-34 years,844
2020-05,Schizophrenia Spectrum Disorders,Age,35-64 years,1002
2020-05,Schizophrenia Spectrum Disorders,Age,65+ years,302
2020-05,Schizophrenia Spectrum Disorders,Age,All,694
2020-05,Schizophrenia Spectrum Disorders,RaceEthnicity,AI/AN,710
2020-05,Schizophrenia Spectrum Disorders,RaceEthnicity,All,694
2020-05,Schizophrenia Spectrum Disorders,RaceEthnicity,Asian,425
2020-05,Schizophrenia Spectrum Disorders,RaceEthnicity,Black,1273
2020-05,Schizophrenia Spectrum Disorders,RaceEthnicity,Hispanic,601
2020-05,Schizophrenia Spectrum Disorders,RaceEthnicity,Multiple/Other,525
2020-05,Schizophrenia Spectrum Disorders,RaceEthnicity,NHOPI,453
2020-05,Schizophrenia Spectrum Disorders,RaceEthnicity,White,536
2020-05,Schizophrenia Spectrum Disorders,Sex,All,694
2020-05,Schizophrenia Spectrum Disorders,Sex,Female,479
2020-05,Schizophrenia Spectrum Disorders,Sex,Male,944
2020-05,Schizophrenia Spectrum Disorders,Total,All,694
2020-04,Schizophrenia Spectrum Disorders,Age,12-17 years,133
2020-04,Schizophrenia Spectrum Disorders,Age,18-34 years,908
2020-04,Schizophrenia Spectrum Disorders,Age,35-64 years,1061
2020-04,Schizophrenia Spectrum Disorders,Age,65+ years,344
2020-04,Schizophrenia Spectrum Disorders,Age,All,757
2020-04,Schizophrenia Spectrum Disorders,RaceEthnicity,AI/AN,736
2020-04,Schizophrenia Spectrum Disorders,RaceEthnicity,All,757
2020-04,Schizophrenia Spectrum Disorders,RaceEthnicity,Asian,457
2020-04,Schizophrenia Spectrum Disorders,RaceEthnicity,Black,1402
2020-04,Schizophrenia Spectrum Disorders,RaceEthnicity,Hispanic,587
2020-04,Schizophrenia Spectrum Disorders,RaceEthnicity,Multiple/Other,542
2020-04,Schizophrenia Spectrum Disorders,RaceEthnicity,NHOPI,544
2020-04,Schizophrenia Spectrum Disorders,RaceEthnicity,White,590
2020-04,Schizophrenia Spectrum Disorders,Sex,All,757
2020-04,Schizophrenia Spectrum Disorders,Sex,Female,513
2020-04,Schizophrenia Spectrum Disorders,Sex,Male,1030
2020-04,Schizophrenia Spectrum Disorders,Total,All,757
2020-03,Schizophrenia Spectrum Disorders,Age,12-17 years,82
2020-03,Schizophrenia Spectrum Disorders,Age,18-34 years,649
2020-03,Schizophrenia Spectrum Disorders,Age,35-64 years,815
2020-03,Schizophrenia Spectrum Disorders,Age,65+ years,269
2020-03,Schizophrenia Spectrum Disorders,Age,All,536
2020-03,Schizophrenia Spectrum Disorders,RaceEthnicity,AI/AN,558
2020-03,Schizophrenia Spectrum Disorders,RaceEthnicity,All,536
2020-03,Schizophrenia Spectrum Disorders,RaceEthnicity,Asian,303
2020-03,Schizophrenia Spectrum Disorders,RaceEthnicity,Black,920
2020-03,Schizophrenia Spectrum Disorders,RaceEthnicity,Hispanic,397
2020-03,Schizophrenia Spectrum Disorders,RaceEthnicity,Multiple/Other,366
2020-03,Schizophrenia Spectrum Disorders,RaceEthnicity,NHOPI,336
2020-03,Schizophrenia Spectrum Disorders,RaceEthnicity,White,442
2020-03,Schizophrenia Spectrum Disorders,Sex,All,536
2020-03,Schizophrenia Spectrum Disorders,Sex,Female,363
2020-03,Schizophrenia Spectrum Disorders,Sex,Male,747
2020-03,Schizophrenia Spectrum Disorders,Total,All,536
2020-02,Schizophrenia Spectrum Disorders,Age,12-17 years,64
2020-02,Schizophrenia Spectrum Disorders,Age,18-34 years,585
2020-02,Schizophrenia Spectrum Disorders,Age,35-64 years,768
2020-02,Schizophrenia Spectrum Disorders,Age,65+ years,247
2020-02,Schizophrenia Spectrum Disorders,Age,All,467
2020-02,Schizophrenia Spectrum Disorders,RaceEthnicity,AI/AN,483
2020-02,Schizophrenia Spectrum Disorders,RaceEthnicity,All,467
2020-02,Schizophrenia Spectrum Disorders,RaceEthnicity,Asian,301
2020-02,Schizophrenia Spectrum Disorders,RaceEthnicity,Black,818
2020-02,Schizophrenia Spectrum Disorders,RaceEthnicity,Hispanic,344
2020-02,Schizophrenia Spectrum Disorders,RaceEthnicity,Multiple/Other,332
2020-02,Schizophrenia Spectrum Disorders,RaceEthnicity,NHOPI,351
2020-02,Schizophrenia Spectrum Disorders,RaceEthnicity,White,386
2020-02,Schizophrenia Spectrum Disorders,Sex,All,467
2020-02,Schizophrenia Spectrum Disorders,Sex,Female,317
2020-02,Schizophrenia Spectrum Disorders,Sex,Male,662
2020-02,Schizophrenia Spectrum Disorders,Total,All,467
2020-01,Schizophrenia Spectrum Disorders,Age,12-17 years,63
2020-01,Schizophrenia Spectrum Disorders,Age,18-34 years,580
2020-01,Schizophrenia Spectrum Disorders,Age,35-64 years,757
2020-01,Schizophrenia Spectrum Disorders,Age,65+ years,241
2020-01,Schizophrenia Spectrum Disorders,Age,All,463
2020-01,Schizophrenia Spectrum Disorders,RaceEthnicity,AI/AN,461
2020-01,Schizophrenia Spectrum Disorders,RaceEthnicity,All,463
2020-01,Schizophrenia Spectrum Disorders,RaceEthnicity,Asian,274
2020-01,Schizophrenia Spectrum Disorders,RaceEthnicity,Black,798
2020-01,Schizophrenia Spectrum Disorders,RaceEthnicity,Hispanic,343
2020-01,Schizophrenia Spectrum Disorders,RaceEthnicity,Multiple/Other,318
2020-01,Schizophrenia Spectrum Disorders,RaceEthnicity,NHOPI,317
2020-01,Schizophrenia Spectrum Disorders,RaceEthnicity,White,391
2020-01,Schizophrenia Spectrum Disorders,Sex,All,463
2020-01,Schizophrenia Spectrum Disorders,Sex,Female,315
2020-01,Schizophrenia Spectrum Disorders,Sex,Male,657
2020-01,Schizophrenia Spectrum Disorders,Total,All,463
2019-12,Schizophrenia Spectrum Disorders,Age,12-17 years,56
2019-12,Schizophrenia Spectrum Disorders,Age,18-34 years,558
2019-12,Schizophrenia Spectrum Disorders,Age,35-64 years,727
2019-12,Schizophrenia Spectrum Disorders,Age,65+ years,227
2019-12,Schizophrenia Spectrum Disorders,Age,All,435
2019-12,Schizophrenia Spectrum Disorders,RaceEthnicity,AI/AN,447
2019-12,Schizophrenia Spectrum Disorders,RaceEthnicity,All,435
2019-12,Schizophrenia Spectrum Disorders,RaceEthnicity,Asian,268
2019-12,Schizophrenia Spectrum Disorders,RaceEthnicity,Black,752
2019-12,Schizophrenia Spectrum Disorders,RaceEthnicity,Hispanic,340
2019-12,Schizophrenia Spectrum Disorders,RaceEthnicity,Multiple/Other,276
2019-12,Schizophrenia Spectrum Disorders,RaceEthnicity,NHOPI,298
2019-12,Schizophrenia Spectrum Disorders,RaceEthnicity,White,361
2019-12,Schizophrenia Spectrum Disorders,Sex,All,435
2019-12,Schizophrenia Spectrum Disorders,Sex,Female,300
2019-12,Schizophrenia Spectrum Disorders,Sex,Male,614
2019-12,Schizophrenia Spectrum Disorders,Total,All,435
2019-11,Schizophrenia Spectrum Disorders,Age,12-17 years,67
2019-11,Schizophrenia Spectrum Disorders,Age,18-34 years,588
2019-11,Schizophrenia Spectrum Disorders,Age,35-64 years,760
2019-11,Schizophrenia Spectrum Disorders,Age,65+ years,232
2019-11,Schizophrenia Spectrum Disorders,Age,All,460
2019-11,Schizophrenia Spectrum Disorders,RaceEthnicity,AI/AN,421
2019-11,Schizophrenia Spectrum Disorders,RaceEthnicity,All,460
2019-11,Schizophrenia Spectrum Disorders,RaceEthnicity,Asian,284
2019-11,Schizophrenia Spectrum Disorders,RaceEthnicity,Black,798
2019-11,Schizophrenia Spectrum Disorders,RaceEthnicity,Hispanic,359
2019-11,Schizophrenia Spectrum Disorders,RaceEthnicity,Multiple/Other,302
2019-11,Schizophrenia Spectrum Disorders,RaceEthnicity,NHOPI,322
2019-11,Schizophrenia Spectrum Disorders,RaceEthnicity,White,373
2019-11,Schizophrenia Spectrum Disorders,Sex,All,460
2019-11,Schizophrenia Spectrum Disorders,Sex,Female,315
2019-11,Schizophrenia Spectrum Disorders,Sex,Male,650
2019-11,Schizophrenia Spectrum Disorders,Total,All,460
2019-10,Schizophrenia Spectrum Disorders,Age,12-17 years,65
2019-10,Schizophrenia Spectrum Disorders,Age,18-34 years,577
2019-10,Schizophrenia Spectrum Disorders,Age,35-64 years,755
2019-10,Schizophrenia Spectrum Disorders,Age,65+ years,234
2019-10,Schizophrenia Spectrum Disorders,Age,All,467
2019-10,Schizophrenia Spectrum Disorders,RaceEthnicity,AI/AN,471
2019-10,Schizophrenia Spectrum Disorders,RaceEthnicity,All,467
2019-10,Schizophrenia Spectrum Disorders,RaceEthnicity,Asian,279
2019-10,Schizophrenia Spectrum Disorders,RaceEthnicity,Black,789
2019-10,Schizophrenia Spectrum Disorders,RaceEthnicity,Hispanic,350
2019-10,Schizophrenia Spectrum Disorders,RaceEthnicity,Multiple/Other,341
2019-10,Schizophrenia Spectrum Disorders,RaceEthnicity,NHOPI,367
2019-10,Schizophrenia Spectrum Disorders,RaceEthnicity,White,390
2019-10,Schizophrenia Spectrum Disorders,Sex,All,467
2019-10,Schizophrenia Spectrum Disorders,Sex,Female,327
2019-10,Schizophrenia Spectrum Disorders,Sex,Male,653
2019-10,Schizophrenia Spectrum Disorders,Total,All,467
2019-09,Schizophrenia Spectrum Disorders,Age,12-17 years,63
2019-09,Schizophrenia Spectrum Disorders,Age,18-34 years,569
2019-09,Schizophrenia Spectrum Disorders,Age,35-64 years,732
2019-09,Schizophrenia Spectrum Disorders,Age,65+ years,232
2019-09,Schizophrenia Spectrum Disorders,Age,All,460
2019-09,Schizophrenia Spectrum Disorders,RaceEthnicity,AI/AN,505
2019-09,Schizophrenia Spectrum Disorders,RaceEthnicity,All,460
2019-09,Schizophrenia Spectrum Disorders,RaceEthnicity,Asian,281
2019-09,Schizophrenia Spectrum Disorders,RaceEthnicity,Black,786
2019-09,Schizophrenia Spectrum Disorders,RaceEthnicity,Hispanic,353
2019-09,Schizophrenia Spectrum Disorders,RaceEthnicity,Multiple/Other,341
2019-09,Schizophrenia Spectrum Disorders,RaceEthnicity,NHOPI,336
2019-09,Schizophrenia Spectrum Disorders,RaceEthnicity,White,379
2019-09,Schizophrenia Spectrum Disorders,Sex,All,460
2019-09,Schizophrenia Spectrum Disorders,Sex,Female,330
2019-09,Schizophrenia Spectrum Disorders,Sex,Male,632
2019-09,Schizophrenia Spectrum Disorders,Total,All,460
2019-08,Schizophrenia Spectrum Disorders,Age,12-17 years,68
2019-08,Schizophrenia Spectrum Disorders,Age,18-34 years,570
2019-08,Schizophrenia Spectrum Disorders,Age,35-64 years,757
2019-08,Schizophrenia Spectrum Disorders,Age,65+ years,236
2019-08,Schizophrenia Spectrum Disorders,Age,All,483
2019-08,Schizophrenia Spectrum Disorders,RaceEthnicity,AI/AN,449
2019-08,Schizophrenia Spectrum Disorders,RaceEthnicity,All,483
2019-08,Schizophrenia Spectrum Disorders,RaceEthnicity,Asian,311
2019-08,Schizophrenia Spectrum Disorders,RaceEthnicity,Black,826
2019-08,Schizophrenia Spectrum Disorders,RaceEthnicity,Hispanic,382
2019-08,Schizophrenia Spectrum Disorders,RaceEthnicity,Multiple/Other,343
2019-08,Schizophrenia Spectrum Disorders,RaceEthnicity,NHOPI,426
2019-08,Schizophrenia Spectrum Disorders,RaceEthnicity,White,393
2019-08,Schizophrenia Spectrum Disorders,Sex,All,483
2019-08,Schizophrenia Spectrum Disorders,Sex,Female,344
2019-08,Schizophrenia Spectrum Disorders,Sex,Male,666
2019-08,Schizophrenia Spectrum Disorders,Total,All,483
2019-07,Schizophrenia Spectrum Disorders,Age,12-17 years,68
2019-07,Schizophrenia Spectrum Disorders,Age,18-34 years,572
2019-07,Schizophrenia Spectrum Disorders,Age,35-64 years,738
2019-07,Schizophrenia Spectrum Disorders,Age,65+ years,228
2019-07,Schizophrenia Spectrum Disorders,Age,All,478
2019-07,Schizophrenia Spectrum Disorders,RaceEthnicity,AI/AN,534
2019-07,Schizophrenia Spectrum Disorders,RaceEthnicity,All,478
2019-07,Schizophrenia Spectrum Disorders,RaceEthnicity,Asian,303
2019-07,Schizophrenia Spectrum Disorders,RaceEthnicity,Black,835
2019-07,Schizophrenia Spectrum Disorders,RaceEthnicity,Hispanic,371
2019-07,Schizophrenia Spectrum Disorders,RaceEthnicity,Multiple/Other,333
2019-07,Schizophrenia Spectrum Disorders,RaceEthnicity,NHOPI,303
2019-07,Schizophrenia Spectrum Disorders,RaceEthnicity,White,390
2019-07,Schizophrenia Spectrum Disorders,Sex,All,478
2019-07,Schizophrenia Spectrum Disorders,Sex,Female,335
2019-07,Schizophrenia Spectrum Disorders,Sex,Male,668
2019-07,Schizophrenia Spectrum Disorders,Total,All,478
2019-06,Schizophrenia Spectrum Disorders,Age,12-17 years,61
2019-06,Schizophrenia Spectrum Disorders,Age,18-34 years,558
2019-06,Schizophrenia Spectrum Disorders,Age,35-64 years,712
2019-06,Schizophrenia Spectrum Disorders,Age,65+ years,219
2019-06,Schizophrenia Spectrum Disorders,Age,All,457
2019-06,Schizophrenia Spectrum Disorders,RaceEthnicity,AI/AN,551
2019-06,Schizophrenia Spectrum Disorders,RaceEthnicity,All,457
2019-06,Schizophrenia Spectrum Disorders,RaceEthnicity,Asian,289
2019-06,Schizophrenia Spectrum Disorders,RaceEthnicity,Black,803
2019-06,Schizophrenia Spectrum Disorders,RaceEthnicity,Hispanic,350
2019-06,Schizophrenia Spectrum Disorders,RaceEthnicity,Multiple/Other,322
2019-06,Schizophrenia Spectrum Disorders,RaceEthnicity,NHOPI,285
2019-06,Schizophrenia Spectrum Disorders,RaceEthnicity,White,367
2019-06,Schizophrenia Spectrum Disorders,Sex,All,457
2019-06,Schizophrenia Spectrum Disorders,Sex,Female,320
2019-06,Schizophrenia Spectrum Disorders,Sex,Male,637
2019-06,Schizophrenia Spectrum Disorders,Total,All,457
2019-05,Schizophrenia Spectrum Disorders,Age,12-17 years,63
2019-05,Schizophrenia Spectrum Disorders,Age,18-34 years,555
2019-05,Schizophrenia Spectrum Disorders,Age,35-64 years,710
2019-05,Schizophrenia Spectrum Disorders,Age,65+ years,220
2019-05,Schizophrenia Spectrum Disorders,Age,All,444
2019-05,Schizophrenia Spectrum Disorders,RaceEthnicity,AI/AN,521
2019-05,Schizophrenia Spectrum Disorders,RaceEthnicity,All,444
2019-05,Schizophrenia Spectrum Disorders,RaceEthnicity,Asian,295
2019-05,Schizophrenia Spectrum Disorders,RaceEthnicity,Black,763
2019-05,Schizophrenia Spectrum Disorders,RaceEthnicity,Hispanic,318
2019-05,Schizophrenia Spectrum Disorders,RaceEthnicity,Multiple/Other,302
2019-05,Schizophrenia Spectrum Disorders,RaceEthnicity,NHOPI,377
2019-05,Schizophrenia Spectrum Disorders,RaceEthnicity,White,364
2019-05,Schizophrenia Spectrum Disorders,Sex,All,444
2019-05,Schizophrenia Spectrum Disorders,Sex,Female,310
2019-05,Schizophrenia Spectrum Disorders,Sex,Male,621
2019-05,Schizophrenia Spectrum Disorders,Total,All,444
2019-04,Schizophrenia Spectrum Disorders,Age,12-17 years,57
2019-04,Schizophrenia Spectrum Disorders,Age,18-34 years,561
2019-04,Schizophrenia Spectrum Disorders,Age,35-64 years,727
2019-04,Schizophrenia Spectrum Disorders,Age,65+ years,223
2019-04,Schizophrenia Spectrum Disorders,Age,All,450
2019-04,Schizophrenia Spectrum Disorders,RaceEthnicity,AI/AN,476
2019-04,Schizophrenia Spectrum Disorders,RaceEthnicity,All,450
2019-04,Schizophrenia Spectrum Disorders,RaceEthnicity,Asian,314
2019-04,Schizophrenia Spectrum Disorders,RaceEthnicity,Black,778
2019-04,Schizophrenia Spectrum Disorders,RaceEthnicity,Hispanic,316
2019-04,Schizophrenia Spectrum Disorders,RaceEthnicity,Multiple/Other,305
2019-04,Schizophrenia Spectrum Disorders,RaceEthnicity,NHOPI,275
2019-04,Schizophrenia Spectrum Disorders,RaceEthnicity,White,368
2019-04,Schizophrenia Spectrum Disorders,Sex,All,450
2019-04,Schizophrenia Spectrum Disorders,Sex,Female,308
2019-04,Schizophrenia Spectrum Disorders,Sex,Male,630
2019-04,Schizophrenia Spectrum Disorders,Total,All,450
2019-03,Schizophrenia Spectrum Disorders,Age,12-17 years,58
2019-03,Schizophrenia Spectrum Disorders,Age,18-34 years,542
2019-03,Schizophrenia Spectrum Disorders,Age,35-64 years,698
2019-03,Schizophrenia Spectrum Disorders,Age,65+ years,214
2019-03,Schizophrenia Spectrum Disorders,Age,All,428
2019-03,Schizophrenia Spectrum Disorders,RaceEthnicity,AI/AN,440
2019-03,Schizophrenia Spectrum Disorders,RaceEthnicity,All,428
2019-03,Schizophrenia Spectrum Disorders,RaceEthnicity,Asian,251
2019-03,Schizophrenia Spectrum Disorders,RaceEthnicity,Black,733
2019-03,Schizophrenia Spectrum Disorders,RaceEthnicity,Hispanic,307
2019-03,Schizophrenia Spectrum Disorders,RaceEthnicity,Multiple/Other,290
2019-03,Schizophrenia Spectrum Disorders,RaceEthnicity,NHOPI,257
2019-03,Schizophrenia Spectrum Disorders,RaceEthnicity,White,352
2019-03,Schizophrenia Spectrum Disorders,Sex,All,428
2019-03,Schizophrenia Spectrum Disorders,Sex,Female,296
2019-03,Schizophrenia Spectrum Disorders,Sex,Male,599
2019-03,Schizophrenia Spectrum Disorders,Total,All,428
2019-02,Schizophrenia Spectrum Disorders,Age,12-17 years,61
2019-02,Schizophrenia Spectrum Disorders,Age,18-34 years,542
2019-02,Schizophrenia Spectrum Disorders,Age,35-64 years,685
2019-02,Schizophrenia Spectrum Disorders,Age,65+ years,215
2019-02,Schizophrenia Spectrum Disorders,Age,All,423
2019-02,Schizophrenia Spectrum Disorders,RaceEthnicity,AI/AN,551
2019-02,Schizophrenia Spectrum Disorders,RaceEthnicity,All,423
2019-02,Schizophrenia Spectrum Disorders,RaceEthnicity,Asian,280
2019-02,Schizophrenia Spectrum Disorders,RaceEthnicity,Black,741
2019-02,Schizophrenia Spectrum Disorders,RaceEthnicity,Hispanic,294
2019-02,Schizophrenia Spectrum Disorders,RaceEthnicity,Multiple/Other,270
2019-02,Schizophrenia Spectrum Disorders,RaceEthnicity,NHOPI,226
2019-02,Schizophrenia Spectrum Disorders,RaceEthnicity,White,348
2019-02,Schizophrenia Spectrum Disorders,Sex,All,423
2019-02,Schizophrenia Spectrum Disorders,Sex,Female,292
2019-02,Schizophrenia Spectrum Disorders,Sex,Male,592
2019-02,Schizophrenia Spectrum Disorders,Total,All,423
2019-01,Schizophrenia Spectrum Disorders,Age,12-17 years,57
2019-01,Schizophrenia Spectrum Disorders,Age,18-34 years,498
2019-01,Schizophrenia Spectrum Disorders,Age,35-64 years,654
2019-01,Schizophrenia Spectrum Disorders,Age,65+ years,199
2019-01,Schizophrenia Spectrum Disorders,Age,All,405
2019-01,Schizophrenia Spectrum Disorders,RaceEthnicity,AI/AN,511
2019-01,Schizophrenia Spectrum Disorders,RaceEthnicity,All,405
2019-01,Schizophrenia Spectrum Disorders,RaceEthnicity,Asian,252
2019-01,Schizophrenia Spectrum Disorders,RaceEthnicity,Black,737
2019-01,Schizophrenia Spectrum Disorders,RaceEthnicity,Hispanic,307
2019-01,Schizophrenia Spectrum Disorders,RaceEthnicity,Multiple/Other,296
2019-01,Schizophrenia Spectrum Disorders,RaceEthnicity,NHOPI,297
2019-01,Schizophrenia Spectrum Disorders,RaceEthnicity,White,343
2019-01,Schizophrenia Spectrum Disorders,Sex,All,405
2019-01,Schizophrenia Spectrum Disorders,Sex,Female,277
2019-01,Schizophrenia Spectrum Disorders,Sex,Male,570
2019-01,Schizophrenia Spectrum Disorders,Total,All,405
2026-05,Suspected Suicide Attempts,Age,12-17 years,908
2026-05,Suspected Suicide Attempts,Age,18-34 years,269
2026-05,Suspected Suicide Attempts,Age,35-64 years,132
2026-05,Suspected Suicide Attempts,Age,65+ years,32
2026-05,Suspected Suicide Attempts,Age,All,160
2026-05,Suspected Suicide Attempts,RaceEthnicity,AI/AN,323
2026-05,Suspected Suicide Attempts,RaceEthnicity,All,160
2026-05,Suspected Suicide Attempts,RaceEthnicity,Asian,151
2026-05,Suspected Suicide Attempts,RaceEthnicity,Black,135
2026-05,Suspected Suicide Attempts,RaceEthnicity,Hispanic,150
2026-05,Suspected Suicide Attempts,RaceEthnicity,Multiple/Other,192
2026-05,Suspected Suicide Attempts,RaceEthnicity,NHOPI,205
2026-05,Suspected Suicide Attempts,RaceEthnicity,White,169
2026-05,Suspected Suicide Attempts,Sex,All,160
2026-05,Suspected Suicide Attempts,Sex,Female,176
2026-05,Suspected Suicide Attempts,Sex,Male,141
2026-05,Suspected Suicide Attempts,Total,All,160
2026-04,Suspected Suicide Attempts,Age,12-17 years,922
2026-04,Suspected Suicide Attempts,Age,18-34 years,264
2026-04,Suspected Suicide Attempts,Age,35-64 years,126
2026-04,Suspected Suicide Attempts,Age,65+ years,34
2026-04,Suspected Suicide Attempts,Age,All,161
2026-04,Suspected Suicide Attempts,RaceEthnicity,AI/AN,310
2026-04,Suspected Suicide Attempts,RaceEthnicity,All,161
2026-04,Suspected Suicide Attempts,RaceEthnicity,Asian,160
2026-04,Suspected Suicide Attempts,RaceEthnicity,Black,133
2026-04,Suspected Suicide Attempts,RaceEthnicity,Hispanic,147
2026-04,Suspected Suicide Attempts,RaceEthnicity,Multiple/Other,185
2026-04,Suspected Suicide Attempts,RaceEthnicity,NHOPI,170
2026-04,Suspected Suicide Attempts,RaceEthnicity,White,172
2026-04,Suspected Suicide Attempts,Sex,All,161
2026-04,Suspected Suicide Attempts,Sex,Female,180
2026-04,Suspected Suicide Attempts,Sex,Male,137
2026-04,Suspected Suicide Attempts,Total,All,161
2026-03,Suspected Suicide Attempts,Age,12-17 years,867
2026-03,Suspected Suicide Attempts,Age,18-34 years,259
2026-03,Suspected Suicide Attempts,Age,35-64 years,125
2026-03,Suspected Suicide Attempts,Age,65+ years,33
2026-03,Suspected Suicide Attempts,Age,All,155
2026-03,Suspected Suicide Attempts,RaceEthnicity,AI/AN,328
2026-03,Suspected Suicide Attempts,RaceEthnicity,All,155
2026-03,Suspected Suicide Attempts,RaceEthnicity,Asian,145
2026-03,Suspected Suicide Attempts,RaceEthnicity,Black,126
2026-03,Suspected Suicide Attempts,RaceEthnicity,Hispanic,140
2026-03,Suspected Suicide Attempts,RaceEthnicity,Multiple/Other,177
2026-03,Suspected Suicide Attempts,RaceEthnicity,NHOPI,135
2026-03,Suspected Suicide Attempts,RaceEthnicity,White,167
2026-03,Suspected Suicide Attempts,Sex,All,155
2026-03,Suspected Suicide Attempts,Sex,Female,172
2026-03,Suspected Suicide Attempts,Sex,Male,134
2026-03,Suspected Suicide Attempts,Total,All,155
2026-02,Suspected Suicide Attempts,Age,12-17 years,822
2026-02,Suspected Suicide Attempts,Age,18-34 years,265
2026-02,Suspected Suicide Attempts,Age,35-64 years,125
2026-02,Suspected Suicide Attempts,Age,65+ years,33
2026-02,Suspected Suicide Attempts,Age,All,155
2026-02,Suspected Suicide Attempts,RaceEthnicity,AI/AN,297
2026-02,Suspected Suicide Attempts,RaceEthnicity,All,155
2026-02,Suspected Suicide Attempts,RaceEthnicity,Asian,150
2026-02,Suspected Suicide Attempts,RaceEthnicity,Black,123
2026-02,Suspected Suicide Attempts,RaceEthnicity,Hispanic,135
2026-02,Suspected Suicide Attempts,RaceEthnicity,Multiple/Other,189
2026-02,Suspected Suicide Attempts,RaceEthnicity,NHOPI,130
2026-02,Suspected Suicide Attempts,RaceEthnicity,White,169
2026-02,Suspected Suicide Attempts,Sex,All,155
2026-02,Suspected Suicide Attempts,Sex,Female,169
2026-02,Suspected Suicide Attempts,Sex,Male,138
2026-02,Suspected Suicide Attempts,Total,All,155
2026-01,Suspected Suicide Attempts,Age,12-17 years,868
2026-01,Suspected Suicide Attempts,Age,18-34 years,249
2026-01,Suspected Suicide Attempts,Age,35-64 years,125
2026-01,Suspected Suicide Attempts,Age,65+ years,32
2026-01,Suspected Suicide Attempts,Age,All,152
2026-01,Suspected Suicide Attempts,RaceEthnicity,AI/AN,315
2026-01,Suspected Suicide Attempts,RaceEthnicity,All,152
2026-01,Suspected Suicide Attempts,RaceEthnicity,Asian,140
2026-01,Suspected Suicide Attempts,RaceEthnicity,Black,124
2026-01,Suspected Suicide Attempts,RaceEthnicity,Hispanic,133
2026-01,Suspected Suicide Attempts,RaceEthnicity,Multiple/Other,170
2026-01,Suspected Suicide Attempts,RaceEthnicity,NHOPI,204
2026-01,Suspected Suicide Attempts,RaceEthnicity,White,166
2026-01,Suspected Suicide Attempts,Sex,All,152
2026-01,Suspected Suicide Attempts,Sex,Female,167
2026-01,Suspected Suicide Attempts,Sex,Male,133
2026-01,Suspected Suicide Attempts,Total,All,152
2025-12,Suspected Suicide Attempts,Age,12-17 years,704
2025-12,Suspected Suicide Attempts,Age,18-34 years,230
2025-12,Suspected Suicide Attempts,Age,35-64 years,125
2025-12,Suspected Suicide Attempts,Age,65+ years,32
2025-12,Suspected Suicide Attempts,Age,All,137
2025-12,Suspected Suicide Attempts,RaceEthnicity,AI/AN,288
2025-12,Suspected Suicide Attempts,RaceEthnicity,All,137
2025-12,Suspected Suicide Attempts,RaceEthnicity,Asian,129
2025-12,Suspected Suicide Attempts,RaceEthnicity,Black,111
2025-12,Suspected Suicide Attempts,RaceEthnicity,Hispanic,120
2025-12,Suspected Suicide Attempts,RaceEthnicity,Multiple/Other,150
2025-12,Suspected Suicide Attempts,RaceEthnicity,NHOPI,121
2025-12,Suspected Suicide Attempts,RaceEthnicity,White,151
2025-12,Suspected Suicide Attempts,Sex,All,137
2025-12,Suspected Suicide Attempts,Sex,Female,148
2025-12,Suspected Suicide Attempts,Sex,Male,123
2025-12,Suspected Suicide Attempts,Total,All,137
2025-11,Suspected Suicide Attempts,Age,12-17 years,911
2025-11,Suspected Suicide Attempts,Age,18-34 years,275
2025-11,Suspected Suicide Attempts,Age,35-64 years,136
2025-11,Suspected Suicide Attempts,Age,65+ years,36
2025-11,Suspected Suicide Attempts,Age,All,166
2025-11,Suspected Suicide Attempts,RaceEthnicity,AI/AN,368
2025-11,Suspected Suicide Attempts,RaceEthnicity,All,166
2025-11,Suspected Suicide Attempts,RaceEthnicity,Asian,154
2025-11,Suspected Suicide Attempts,RaceEthnicity,Black,133
2025-11,Suspected Suicide Attempts,RaceEthnicity,Hispanic,148
2025-11,Suspected Suicide Attempts,RaceEthnicity,Multiple/Other,191
2025-11,Suspected Suicide Attempts,RaceEthnicity,NHOPI,128
2025-11,Suspected Suicide Attempts,RaceEthnicity,White,179
2025-11,Suspected Suicide Attempts,Sex,All,166
2025-11,Suspected Suicide Attempts,Sex,Female,185
2025-11,Suspected Suicide Attempts,Sex,Male,142
2025-11,Suspected Suicide Attempts,Total,All,166
2025-10,Suspected Suicide Attempts,Age,12-17 years,821
2025-10,Suspected Suicide Attempts,Age,18-34 years,264
2025-10,Suspected Suicide Attempts,Age,35-64 years,133
2025-10,Suspected Suicide Attempts,Age,65+ years,35
2025-10,Suspected Suicide Attempts,Age,All,161
2025-10,Suspected Suicide Attempts,RaceEthnicity,AI/AN,304
2025-10,Suspected Suicide Attempts,RaceEthnicity,All,161
2025-10,Suspected Suicide Attempts,RaceEthnicity,Asian,150
2025-10,Suspected Suicide Attempts,RaceEthnicity,Black,130
2025-10,Suspected Suicide Attempts,RaceEthnicity,Hispanic,148
2025-10,Suspected Suicide Attempts,RaceEthnicity,Multiple/Other,164
2025-10,Suspected Suicide Attempts,RaceEthnicity,NHOPI,116
2025-10,Suspected Suicide Attempts,RaceEthnicity,White,175
2025-10,Suspected Suicide Attempts,Sex,All,161
2025-10,Suspected Suicide Attempts,Sex,Female,178
2025-10,Suspected Suicide Attempts,Sex,Male,140
2025-10,Suspected Suicide Attempts,Total,All,161
2025-09,Suspected Suicide Attempts,Age,12-17 years,738
2025-09,Suspected Suicide Attempts,Age,18-34 years,264
2025-09,Suspected Suicide Attempts,Age,35-64 years,133
2025-09,Suspected Suicide Attempts,Age,65+ years,32
2025-09,Suspected Suicide Attempts,Age,All,158
2025-09,Suspected Suicide Attempts,RaceEthnicity,AI/AN,306
2025-09,Suspected Suicide Attempts,RaceEthnicity,All,158
2025-09,Suspected Suicide Attempts,RaceEthnicity,Asian,149
2025-09,Suspected Suicide Attempts,RaceEthnicity,Black,125
2025-09,Suspected Suicide Attempts,RaceEthnicity,Hispanic,145
2025-09,Suspected Suicide Attempts,RaceEthnicity,Multiple/Other,180
2025-09,Suspected Suicide Attempts,RaceEthnicity,NHOPI,124
2025-09,Suspected Suicide Attempts,RaceEthnicity,White,172
2025-09,Suspected Suicide Attempts,Sex,All,158
2025-09,Suspected Suicide Attempts,Sex,Female,173
2025-09,Suspected Suicide Attempts,Sex,Male,140
2025-09,Suspected Suicide Attempts,Total,All,158
2025-08,Suspected Suicide Attempts,Age,12-17 years,723
2025-08,Suspected Suicide Attempts,Age,18-34 years,258
2025-08,Suspected Suicide Attempts,Age,35-64 years,133
2025-08,Suspected Suicide Attempts,Age,65+ years,36
2025-08,Suspected Suicide Attempts,Age,All,152
2025-08,Suspected Suicide Attempts,RaceEthnicity,AI/AN,310
2025-08,Suspected Suicide Attempts,RaceEthnicity,All,152
2025-08,Suspected Suicide Attempts,RaceEthnicity,Asian,129
2025-08,Suspected Suicide Attempts,RaceEthnicity,Black,118
2025-08,Suspected Suicide Attempts,RaceEthnicity,Hispanic,145
2025-08,Suspected Suicide Attempts,RaceEthnicity,Multiple/Other,161
2025-08,Suspected Suicide Attempts,RaceEthnicity,NHOPI,152
2025-08,Suspected Suicide Attempts,RaceEthnicity,White,164
2025-08,Suspected Suicide Attempts,Sex,All,152
2025-08,Suspected Suicide Attempts,Sex,Female,164
2025-08,Suspected Suicide Attempts,Sex,Male,138
2025-08,Suspected Suicide Attempts,Total,All,152
2025-07,Suspected Suicide Attempts,Age,12-17 years,788
2025-07,Suspected Suicide Attempts,Age,18-34 years,264
2025-07,Suspected Suicide Attempts,Age,35-64 years,135
2025-07,Suspected Suicide Attempts,Age,65+ years,36
2025-07,Suspected Suicide Attempts,Age,All,153
2025-07,Suspected Suicide Attempts,RaceEthnicity,AI/AN,333
2025-07,Suspected Suicide Attempts,RaceEthnicity,All,153
2025-07,Suspected Suicide Attempts,RaceEthnicity,Asian,123
2025-07,Suspected Suicide Attempts,RaceEthnicity,Black,119
2025-07,Suspected Suicide Attempts,RaceEthnicity,Hispanic,150
2025-07,Suspected Suicide Attempts,RaceEthnicity,Multiple/Other,169
2025-07,Suspected Suicide Attempts,RaceEthnicity,NHOPI,135
2025-07,Suspected Suicide Attempts,RaceEthnicity,White,165
2025-07,Suspected Suicide Attempts,Sex,All,153
2025-07,Suspected Suicide Attempts,Sex,Female,165
2025-07,Suspected Suicide Attempts,Sex,Male,139
2025-07,Suspected Suicide Attempts,Total,All,153
2025-06,Suspected Suicide Attempts,Age,12-17 years,770
2025-06,Suspected Suicide Attempts,Age,18-34 years,262
2025-06,Suspected Suicide Attempts,Age,35-64 years,134
2025-06,Suspected Suicide Attempts,Age,65+ years,36
2025-06,Suspected Suicide Attempts,Age,All,151
2025-06,Suspected Suicide Attempts,RaceEthnicity,AI/AN,302
2025-06,Suspected Suicide Attempts,RaceEthnicity,All,151
2025-06,Suspected Suicide Attempts,RaceEthnicity,Asian,129
2025-06,Suspected Suicide Attempts,RaceEthnicity,Black,120
2025-06,Suspected Suicide Attempts,RaceEthnicity,Hispanic,135
2025-06,Suspected Suicide Attempts,RaceEthnicity,Multiple/Other,178
2025-06,Suspected Suicide Attempts,RaceEthnicity,NHOPI,152
2025-06,Suspected Suicide Attempts,RaceEthnicity,White,164
2025-06,Suspected Suicide Attempts,Sex,All,151
2025-06,Suspected Suicide Attempts,Sex,Female,161
2025-06,Suspected Suicide Attempts,Sex,Male,139
2025-06,Suspected Suicide Attempts,Total,All,151
2025-05,Suspected Suicide Attempts,Age,12-17 years,779
2025-05,Suspected Suicide Attempts,Age,18-34 years,263
2025-05,Suspected Suicide Attempts,Age,35-64 years,134
2025-05,Suspected Suicide Attempts,Age,65+ years,36
2025-05,Suspected Suicide Attempts,Age,All,155
2025-05,Suspected Suicide Attempts,RaceEthnicity,AI/AN,294
2025-05,Suspected Suicide Attempts,RaceEthnicity,All,155
2025-05,Suspected Suicide Attempts,RaceEthnicity,Asian,143
2025-05,Suspected Suicide Attempts,RaceEthnicity,Black,120
2025-05,Suspected Suicide Attempts,RaceEthnicity,Hispanic,136
2025-05,Suspected Suicide Attempts,RaceEthnicity,Multiple/Other,170
2025-05,Suspected Suicide Attempts,RaceEthnicity,NHOPI,141
2025-05,Suspected Suicide Attempts,RaceEthnicity,White,171
2025-05,Suspected Suicide Attempts,Sex,All,155
2025-05,Suspected Suicide Attempts,Sex,Female,168
2025-05,Suspected Suicide Attempts,Sex,Male,139
2025-05,Suspected Suicide Attempts,Total,All,155
2025-04,Suspected Suicide Attempts,Age,12-17 years,776
2025-04,Suspected Suicide Attempts,Age,18-34 years,256
2025-04,Suspected Suicide Attempts,Age,35-64 years,130
2025-04,Suspected Suicide Attempts,Age,65+ years,34
2025-04,Suspected Suicide Attempts,Age,All,153
2025-04,Suspected Suicide Attempts,RaceEthnicity,AI/AN,283
2025-04,Suspected Suicide Attempts,RaceEthnicity,All,153
2025-04,Suspected Suicide Attempts,RaceEthnicity,Asian,146
2025-04,Suspected Suicide Attempts,RaceEthnicity,Black,121
2025-04,Suspected Suicide Attempts,RaceEthnicity,Hispanic,138
2025-04,Suspected Suicide Attempts,RaceEthnicity,Multiple/Other,156
2025-04,Suspected Suicide Attempts,RaceEthnicity,NHOPI,98
2025-04,Suspected Suicide Attempts,RaceEthnicity,White,170
2025-04,Suspected Suicide Attempts,Sex,All,153
2025-04,Suspected Suicide Attempts,Sex,Female,168
2025-04,Suspected Suicide Attempts,Sex,Male,136
2025-04,Suspected Suicide Attempts,Total,All,153
2025-03,Suspected Suicide Attempts,Age,12-17 years,770
2025-03,Suspected Suicide Attempts,Age,18-34 years,251
2025-03,Suspected Suicide Attempts,Age,35-64 years,128
2025-03,Suspected Suicide Attempts,Age,65+ years,32
2025-03,Suspected Suicide Attempts,Age,All,149
2025-03,Suspected Suicide Attempts,RaceEthnicity,AI/AN,289
2025-03,Suspected Suicide Attempts,RaceEthnicity,All,149
2025-03,Suspected Suicide Attempts,RaceEthnicity,Asian,136
2025-03,Suspected Suicide Attempts,RaceEthnicity,Black,112
2025-03,Suspected Suicide Attempts,RaceEthnicity,Hispanic,128
2025-03,Suspected Suicide Attempts,RaceEthnicity,Multiple/Other,154
2025-03,Suspected Suicide Attempts,RaceEthnicity,NHOPI,138
2025-03,Suspected Suicide Attempts,RaceEthnicity,White,168
2025-03,Suspected Suicide Attempts,Sex,All,149
2025-03,Suspected Suicide Attempts,Sex,Female,162
2025-03,Suspected Suicide Attempts,Sex,Male,133
2025-03,Suspected Suicide Attempts,Total,All,149
2025-02,Suspected Suicide Attempts,Age,12-17 years,690
2025-02,Suspected Suicide Attempts,Age,18-34 years,237
2025-02,Suspected Suicide Attempts,Age,35-64 years,119
2025-02,Suspected Suicide Attempts,Age,65+ years,31
2025-02,Suspected Suicide Attempts,Age,All,138
2025-02,Suspected Suicide Attempts,RaceEthnicity,AI/AN,301
2025-02,Suspected Suicide Attempts,RaceEthnicity,All,138
2025-02,Suspected Suicide Attempts,RaceEthnicity,Asian,115
2025-02,Suspected Suicide Attempts,RaceEthnicity,Black,102
2025-02,Suspected Suicide Attempts,RaceEthnicity,Hispanic,123
2025-02,Suspected Suicide Attempts,RaceEthnicity,Multiple/Other,157
2025-02,Suspected Suicide Attempts,RaceEthnicity,NHOPI,113
2025-02,Suspected Suicide Attempts,RaceEthnicity,White,155
2025-02,Suspected Suicide Attempts,Sex,All,138
2025-02,Suspected Suicide Attempts,Sex,Female,148
2025-02,Suspected Suicide Attempts,Sex,Male,126
2025-02,Suspected Suicide Attempts,Total,All,138
2025-01,Suspected Suicide Attempts,Age,12-17 years,690
2025-01,Suspected Suicide Attempts,Age,18-34 years,223
2025-01,Suspected Suicide Attempts,Age,35-64 years,116
2025-01,Suspected Suicide Attempts,Age,65+ years,32
2025-01,Suspected Suicide Attempts,Age,All,134
2025-01,Suspected Suicide Attempts,RaceEthnicity,AI/AN,280
2025-01,Suspected Suicide Attempts,RaceEthnicity,All,134
2025-01,Suspected Suicide Attempts,RaceEthnicity,Asian,123
2025-01,Suspected Suicide Attempts,RaceEthnicity,Black,103
2025-01,Suspected Suicide Attempts,RaceEthnicity,Hispanic,115
2025-01,Suspected Suicide Attempts,RaceEthnicity,Multiple/Other,137
2025-01,Suspected Suicide Attempts,RaceEthnicity,NHOPI,98
2025-01,Suspected Suicide Attempts,RaceEthnicity,White,151
2025-01,Suspected Suicide Attempts,Sex,All,134
2025-01,Suspected Suicide Attempts,Sex,Female,144
2025-01,Suspected Suicide Attempts,Sex,Male,121
2025-01,Suspected Suicide Attempts,Total,All,134
2024-12,Suspected Suicide Attempts,Age,12-17 years,628
2024-12,Suspected Suicide Attempts,Age,18-34 years,224
2024-12,Suspected Suicide Attempts,Age,35-64 years,120
2024-12,Suspected Suicide Attempts,Age,65+ years,28
2024-12,Suspected Suicide Attempts,Age,All,129
2024-12,Suspected Suicide Attempts,RaceEthnicity,AI/AN,267
2024-12,Suspected Suicide Attempts,RaceEthnicity,All,129
2024-12,Suspected Suicide Attempts,RaceEthnicity,Asian,119
2024-12,Suspected Suicide Attempts,RaceEthnicity,Black,103
2024-12,Suspected Suicide Attempts,RaceEthnicity,Hispanic,119
2024-12,Suspected Suicide Attempts,RaceEthnicity,Multiple/Other,133
2024-12,Suspected Suicide Attempts,RaceEthnicity,NHOPI,121
2024-12,Suspected Suicide Attempts,RaceEthnicity,White,141
2024-12,Suspected Suicide Attempts,Sex,All,129
2024-12,Suspected Suicide Attempts,Sex,Female,134
2024-12,Suspected Suicide Attempts,Sex,Male,122
2024-12,Suspected Suicide Attempts,Total,All,129
2024-11,Suspected Suicide Attempts,Age,12-17 years,694
2024-11,Suspected Suicide Attempts,Age,18-34 years,251
2024-11,Suspected Suicide Attempts,Age,35-64 years,133
2024-11,Suspected Suicide Attempts,Age,65+ years,33
2024-11,Suspected Suicide Attempts,Age,All,149
2024-11,Suspected Suicide Attempts,RaceEthnicity,AI/AN,354
2024-11,Suspected Suicide Attempts,RaceEthnicity,All,149
2024-11,Suspected Suicide Attempts,RaceEthnicity,Asian,142
2024-11,Suspected Suicide Attempts,RaceEthnicity,Black,117
2024-11,Suspected Suicide Attempts,RaceEthnicity,Hispanic,130
2024-11,Suspected Suicide Attempts,RaceEthnicity,Multiple/Other,158
2024-11,Suspected Suicide Attempts,RaceEthnicity,NHOPI,102
2024-11,Suspected Suicide Attempts,RaceEthnicity,White,164
2024-11,Suspected Suicide Attempts,Sex,All,149
2024-11,Suspected Suicide Attempts,Sex,Female,161
2024-11,Suspected Suicide Attempts,Sex,Male,133
2024-11,Suspected Suicide Attempts,Total,All,149
2024-10,Suspected Suicide Attempts,Age,12-17 years,698
2024-10,Suspected Suicide Attempts,Age,18-34 years,259
2024-10,Suspected Suicide Attempts,Age,35-64 years,133
2024-10,Suspected Suicide Attempts,Age,65+ years,34
2024-10,Suspected Suicide Attempts,Age,All,155
2024-10,Suspected Suicide Attempts,RaceEthnicity,AI/AN,332
2024-10,Suspected Suicide Attempts,RaceEthnicity,All,155
2024-10,Suspected Suicide Attempts,RaceEthnicity,Asian,135
2024-10,Suspected Suicide Attempts,RaceEthnicity,Black,125
2024-10,Suspected Suicide Attempts,RaceEthnicity,Hispanic,143
2024-10,Suspected Suicide Attempts,RaceEthnicity,Multiple/Other,158
2024-10,Suspected Suicide Attempts,RaceEthnicity,NHOPI,106
2024-10,Suspected Suicide Attempts,RaceEthnicity,White,169
2024-10,Suspected Suicide Attempts,Sex,All,155
2024-10,Suspected Suicide Attempts,Sex,Female,169
2024-10,Suspected Suicide Attempts,Sex,Male,138
2024-10,Suspected Suicide Attempts,Total,All,155
2024-09,Suspected Suicide Attempts,Age,12-17 years,694
2024-09,Suspected Suicide Attempts,Age,18-34 years,260
2024-09,Suspected Suicide Attempts,Age,35-64 years,136
2024-09,Suspected Suicide Attempts,Age,65+ years,35
2024-09,Suspected Suicide Attempts,Age,All,157
2024-09,Suspected Suicide Attempts,RaceEthnicity,AI/AN,303
2024-09,Suspected Suicide Attempts,RaceEthnicity,All,157
2024-09,Suspected Suicide Attempts,RaceEthnicity,Asian,149
2024-09,Suspected Suicide Attempts,RaceEthnicity,Black,120
2024-09,Suspected Suicide Attempts,RaceEthnicity,Hispanic,146
2024-09,Suspected Suicide Attempts,RaceEthnicity,Multiple/Other,159
2024-09,Suspected Suicide Attempts,RaceEthnicity,NHOPI,156
2024-09,Suspected Suicide Attempts,RaceEthnicity,White,175
2024-09,Suspected Suicide Attempts,Sex,All,157
2024-09,Suspected Suicide Attempts,Sex,Female,172
2024-09,Suspected Suicide Attempts,Sex,Male,139
2024-09,Suspected Suicide Attempts,Total,All,157
2024-08,Suspected Suicide Attempts,Age,12-17 years,671
2024-08,Suspected Suicide Attempts,Age,18-34 years,251
2024-08,Suspected Suicide Attempts,Age,35-64 years,134
2024-08,Suspected Suicide Attempts,Age,65+ years,35
2024-08,Suspected Suicide Attempts,Age,All,150
2024-08,Suspected Suicide Attempts,RaceEthnicity,AI/AN,260
2024-08,Suspected Suicide Attempts,RaceEthnicity,All,150
2024-08,Suspected Suicide Attempts,RaceEthnicity,Asian,133
2024-08,Suspected Suicide Attempts,RaceEthnicity,Black,117
2024-08,Suspected Suicide Attempts,RaceEthnicity,Hispanic,137
2024-08,Suspected Suicide Attempts,RaceEthnicity,Multiple/Other,145
2024-08,Suspected Suicide Attempts,RaceEthnicity,NHOPI,145
2024-08,Suspected Suicide Attempts,RaceEthnicity,White,166
2024-08,Suspected Suicide Attempts,Sex,All,150
2024-08,Suspected Suicide Attempts,Sex,Female,161
2024-08,Suspected Suicide Attempts,Sex,Male,136
2024-08,Suspected Suicide Attempts,Total,All,150
2024-07,Suspected Suicide Attempts,Age,12-17 years,713
2024-07,Suspected Suicide Attempts,Age,18-34 years,246
2024-07,Suspected Suicide Attempts,Age,35-64 years,135
2024-07,Suspected Suicide Attempts,Age,65+ years,33
2024-07,Suspected Suicide Attempts,Age,All,148
2024-07,Suspected Suicide Attempts,RaceEthnicity,AI/AN,289
2024-07,Suspected Suicide Attempts,RaceEthnicity,All,148
2024-07,Suspected Suicide Attempts,RaceEthnicity,Asian,121
2024-07,Suspected Suicide Attempts,RaceEthnicity,Black,115
2024-07,Suspected Suicide Attempts,RaceEthnicity,Hispanic,140
2024-07,Suspected Suicide Attempts,RaceEthnicity,Multiple/Other,151
2024-07,Suspected Suicide Attempts,RaceEthnicity,NHOPI,101
2024-07,Suspected Suicide Attempts,RaceEthnicity,White,162
2024-07,Suspected Suicide Attempts,Sex,All,148
2024-07,Suspected Suicide Attempts,Sex,Female,157
2024-07,Suspected Suicide Attempts,Sex,Male,136
2024-07,Suspected Suicide Attempts,Total,All,148
2024-06,Suspected Suicide Attempts,Age,12-17 years,677
2024-06,Suspected Suicide Attempts,Age,18-34 years,253
2024-06,Suspected Suicide Attempts,Age,35-64 years,134
2024-06,Suspected Suicide Attempts,Age,65+ years,35
2024-06,Suspected Suicide Attempts,Age,All,147
2024-06,Suspected Suicide Attempts,RaceEthnicity,AI/AN,270
2024-06,Suspected Suicide Attempts,RaceEthnicity,All,147
2024-06,Suspected Suicide Attempts,RaceEthnicity,Asian,135
2024-06,Suspected Suicide Attempts,RaceEthnicity,Black,118
2024-06,Suspected Suicide Attempts,RaceEthnicity,Hispanic,137
2024-06,Suspected Suicide Attempts,RaceEthnicity,Multiple/Other,152
2024-06,Suspected Suicide Attempts,RaceEthnicity,NHOPI,97
2024-06,Suspected Suicide Attempts,RaceEthnicity,White,161
2024-06,Suspected Suicide Attempts,Sex,All,147
2024-06,Suspected Suicide Attempts,Sex,Female,159
2024-06,Suspected Suicide Attempts,Sex,Male,134
2024-06,Suspected Suicide Attempts,Total,All,147
2024-05,Suspected Suicide Attempts,Age,12-17 years,727
2024-05,Suspected Suicide Attempts,Age,18-34 years,246
2024-05,Suspected Suicide Attempts,Age,35-64 years,130
2024-05,Suspected Suicide Attempts,Age,65+ years,34
2024-05,Suspected Suicide Attempts,Age,All,149
2024-05,Suspected Suicide Attempts,RaceEthnicity,AI/AN,314
2024-05,Suspected Suicide Attempts,RaceEthnicity,All,149
2024-05,Suspected Suicide Attempts,RaceEthnicity,Asian,143
2024-05,Suspected Suicide Attempts,RaceEthnicity,Black,116
2024-05,Suspected Suicide Attempts,RaceEthnicity,Hispanic,143
2024-05,Suspected Suicide Attempts,RaceEthnicity,Multiple/Other,139
2024-05,Suspected Suicide Attempts,RaceEthnicity,NHOPI,154
2024-05,Suspected Suicide Attempts,RaceEthnicity,White,162
2024-05,Suspected Suicide Attempts,Sex,All,149
2024-05,Suspected Suicide Attempts,Sex,Female,163
2024-05,Suspected Suicide Attempts,Sex,Male,132
2024-05,Suspected Suicide Attempts,Total,All,149
2024-04,Suspected Suicide Attempts,Age,12-17 years,767
2024-04,Suspected Suicide Attempts,Age,18-34 years,250
2024-04,Suspected Suicide Attempts,Age,35-64 years,130
2024-04,Suspected Suicide Attempts,Age,65+ years,33
2024-04,Suspected Suicide Attempts,Age,All,153
2024-04,Suspected Suicide Attempts,RaceEthnicity,AI/AN,294
2024-04,Suspected Suicide Attempts,RaceEthnicity,All,153
2024-04,Suspected Suicide Attempts,RaceEthnicity,Asian,140
2024-04,Suspected Suicide Attempts,RaceEthnicity,Black,120
2024-04,Suspected Suicide Attempts,RaceEthnicity,Hispanic,139
2024-04,Suspected Suicide Attempts,RaceEthnicity,Multiple/Other,159
2024-04,Suspected Suicide Attempts,RaceEthnicity,NHOPI,121
2024-04,Suspected Suicide Attempts,RaceEthnicity,White,169
2024-04,Suspected Suicide Attempts,Sex,All,153
2024-04,Suspected Suicide Attempts,Sex,Female,168
2024-04,Suspected Suicide Attempts,Sex,Male,134
2024-04,Suspected Suicide Attempts,Total,All,153
2024-03,Suspected Suicide Attempts,Age,12-17 years,691
2024-03,Suspected Suicide Attempts,Age,18-34 years,245
2024-03,Suspected Suicide Attempts,Age,35-64 years,127
2024-03,Suspected Suicide Attempts,Age,65+ years,32
2024-03,Suspected Suicide Attempts,Age,All,144
2024-03,Suspected Suicide Attempts,RaceEthnicity,AI/AN,301
2024-03,Suspected Suicide Attempts,RaceEthnicity,All,144
2024-03,Suspected Suicide Attempts,RaceEthnicity,Asian,125
2024-03,Suspected Suicide Attempts,RaceEthnicity,Black,113
2024-03,Suspected Suicide Attempts,RaceEthnicity,Hispanic,131
2024-03,Suspected Suicide Attempts,RaceEthnicity,Multiple/Other,143
2024-03,Suspected Suicide Attempts,RaceEthnicity,NHOPI,138
2024-03,Suspected Suicide Attempts,RaceEthnicity,White,159
2024-03,Suspected Suicide Attempts,Sex,All,144
2024-03,Suspected Suicide Attempts,Sex,Female,156
2024-03,Suspected Suicide Attempts,Sex,Male,130
2024-03,Suspected Suicide Attempts,Total,All,144
2024-02,Suspected Suicide Attempts,Age,12-17 years,667
2024-02,Suspected Suicide Attempts,Age,18-34 years,242
2024-02,Suspected Suicide Attempts,Age,35-64 years,121
2024-02,Suspected Suicide Attempts,Age,65+ years,28
2024-02,Suspected Suicide Attempts,Age,All,141
2024-02,Suspected Suicide Attempts,RaceEthnicity,AI/AN,249
2024-02,Suspected Suicide Attempts,RaceEthnicity,All,141
2024-02,Suspected Suicide Attempts,RaceEthnicity,Asian,120
2024-02,Suspected Suicide Attempts,RaceEthnicity,Black,108
2024-02,Suspected Suicide Attempts,RaceEthnicity,Hispanic,125
2024-02,Suspected Suicide Attempts,RaceEthnicity,Multiple/Other,141
2024-02,Suspected Suicide Attempts,RaceEthnicity,NHOPI,137
2024-02,Suspected Suicide Attempts,RaceEthnicity,White,158
2024-02,Suspected Suicide Attempts,Sex,All,141
2024-02,Suspected Suicide Attempts,Sex,Female,152
2024-02,Suspected Suicide Attempts,Sex,Male,128
2024-02,Suspected Suicide Attempts,Total,All,141
2024-01,Suspected Suicide Attempts,Age,12-17 years,709
2024-01,Suspected Suicide Attempts,Age,18-34 years,246
2024-01,Suspected Suicide Attempts,Age,35-64 years,124
2024-01,Suspected Suicide Attempts,Age,65+ years,29
2024-01,Suspected Suicide Attempts,Age,All,143
2024-01,Suspected Suicide Attempts,RaceEthnicity,AI/AN,248
2024-01,Suspected Suicide Attempts,RaceEthnicity,All,143
2024-01,Suspected Suicide Attempts,RaceEthnicity,Asian,131
2024-01,Suspected Suicide Attempts,RaceEthnicity,Black,105
2024-01,Suspected Suicide Attempts,RaceEthnicity,Hispanic,127
2024-01,Suspected Suicide Attempts,RaceEthnicity,Multiple/Other,140
2024-01,Suspected Suicide Attempts,RaceEthnicity,NHOPI,111
2024-01,Suspected Suicide Attempts,RaceEthnicity,White,162
2024-01,Suspected Suicide Attempts,Sex,All,143
2024-01,Suspected Suicide Attempts,Sex,Female,155
2024-01,Suspected Suicide Attempts,Sex,Male,129
2024-01,Suspected Suicide Attempts,Total,All,143
2023-12,Suspected Suicide Attempts,Age,12-17 years,569
2023-12,Suspected Suicide Attempts,Age,18-34 years,221
2023-12,Suspected Suicide Attempts,Age,35-64 years,117
2023-12,Suspected Suicide Attempts,Age,65+ years,29
2023-12,Suspected Suicide Attempts,Age,All,124
2023-12,Suspected Suicide Attempts,RaceEthnicity,AI/AN,204
2023-12,Suspected Suicide Attempts,RaceEthnicity,All,124
2023-12,Suspected Suicide Attempts,RaceEthnicity,Asian,105
2023-12,Suspected Suicide Attempts,RaceEthnicity,Black,97
2023-12,Suspected Suicide Attempts,RaceEthnicity,Hispanic,107
2023-12,Suspected Suicide Attempts,RaceEthnicity,Multiple/Other,121
2023-12,Suspected Suicide Attempts,RaceEthnicity,NHOPI,157
2023-12,Suspected Suicide Attempts,RaceEthnicity,White,141
2023-12,Suspected Suicide Attempts,Sex,All,124
2023-12,Suspected Suicide Attempts,Sex,Female,133
2023-12,Suspected Suicide Attempts,Sex,Male,114
2023-12,Suspected Suicide Attempts,Total,All,124
2023-11,Suspected Suicide Attempts,Age,12-17 years,682
2023-11,Suspected Suicide Attempts,Age,18-34 years,243
2023-11,Suspected Suicide Attempts,Age,35-64 years,125
2023-11,Suspected Suicide Attempts,Age,65+ years,30
2023-11,Suspected Suicide Attempts,Age,All,141
2023-11,Suspected Suicide Attempts,RaceEthnicity,AI/AN,272
2023-11,Suspected Suicide Attempts,RaceEthnicity,All,141
2023-11,Suspected Suicide Attempts,RaceEthnicity,Asian,128
2023-11,Suspected Suicide Attempts,RaceEthnicity,Black,110
2023-11,Suspected Suicide Attempts,RaceEthnicity,Hispanic,126
2023-11,Suspected Suicide Attempts,RaceEthnicity,Multiple/Other,138
2023-11,Suspected Suicide Attempts,RaceEthnicity,NHOPI,121
2023-11,Suspected Suicide Attempts,RaceEthnicity,White,158
2023-11,Suspected Suicide Attempts,Sex,All,141
2023-11,Suspected Suicide Attempts,Sex,Female,154
2023-11,Suspected Suicide Attempts,Sex,Male,125
2023-11,Suspected Suicide Attempts,Total,All,141
2023-10,Suspected Suicide Attempts,Age,12-17 years,652
2023-10,Suspected Suicide Attempts,Age,18-34 years,260
2023-10,Suspected Suicide Attempts,Age,35-64 years,133
2023-10,Suspected Suicide Attempts,Age,65+ years,31
2023-10,Suspected Suicide Attempts,Age,All,150
2023-10,Suspected Suicide Attempts,RaceEthnicity,AI/AN,288
2023-10,Suspected Suicide Attempts,RaceEthnicity,All,150
2023-10,Suspected Suicide Attempts,RaceEthnicity,Asian,137
2023-10,Suspected Suicide Attempts,RaceEthnicity,Black,116
2023-10,Suspected Suicide Attempts,RaceEthnicity,Hispanic,134
2023-10,Suspected Suicide Attempts,RaceEthnicity,Multiple/Other,140
2023-10,Suspected Suicide Attempts,RaceEthnicity,NHOPI,173
2023-10,Suspected Suicide Attempts,RaceEthnicity,White,170
2023-10,Suspected Suicide Attempts,Sex,All,150
2023-10,Suspected Suicide Attempts,Sex,Female,164
2023-10,Suspected Suicide Attempts,Sex,Male,133
2023-10,Suspected Suicide Attempts,Total,All,150
2023-09,Suspected Suicide Attempts,Age,12-17 years,618
2023-09,Suspected Suicide Attempts,Age,18-34 years,249
2023-09,Suspected Suicide Attempts,Age,35-64 years,136
2023-09,Suspected Suicide Attempts,Age,65+ years,32
2023-09,Suspected Suicide Attempts,Age,All,150
2023-09,Suspected Suicide Attempts,RaceEthnicity,AI/AN,305
2023-09,Suspected Suicide Attempts,RaceEthnicity,All,150
2023-09,Suspected Suicide Attempts,RaceEthnicity,Asian,130
2023-09,Suspected Suicide Attempts,RaceEthnicity,Black,114
2023-09,Suspected Suicide Attempts,RaceEthnicity,Hispanic,136
2023-09,Suspected Suicide Attempts,RaceEthnicity,Multiple/Other,149
2023-09,Suspected Suicide Attempts,RaceEthnicity,NHOPI,168
2023-09,Suspected Suicide Attempts,RaceEthnicity,White,168
2023-09,Suspected Suicide Attempts,Sex,All,150
2023-09,Suspected Suicide Attempts,Sex,Female,163
2023-09,Suspected Suicide Attempts,Sex,Male,135
2023-09,Suspected Suicide Attempts,Total,All,150
2023-08,Suspected Suicide Attempts,Age,12-17 years,637
2023-08,Suspected Suicide Attempts,Age,18-34 years,251
2023-08,Suspected Suicide Attempts,Age,35-64 years,138
2023-08,Suspected Suicide Attempts,Age,65+ years,34
2023-08,Suspected Suicide Attempts,Age,All,150
2023-08,Suspected Suicide Attempts,RaceEthnicity,AI/AN,287
2023-08,Suspected Suicide Attempts,RaceEthnicity,All,150
2023-08,Suspected Suicide Attempts,RaceEthnicity,Asian,124
2023-08,Suspected Suicide Attempts,RaceEthnicity,Black,116
2023-08,Suspected Suicide Attempts,RaceEthnicity,Hispanic,139
2023-08,Suspected Suicide Attempts,RaceEthnicity,Multiple/Other,149
2023-08,Suspected Suicide Attempts,RaceEthnicity,NHOPI,131
2023-08,Suspected Suicide Attempts,RaceEthnicity,White,168
2023-08,Suspected Suicide Attempts,Sex,All,150
2023-08,Suspected Suicide Attempts,Sex,Female,163
2023-08,Suspected Suicide Attempts,Sex,Male,136
2023-08,Suspected Suicide Attempts,Total,All,150
2023-07,Suspected Suicide Attempts,Age,12-17 years,678
2023-07,Suspected Suicide Attempts,Age,18-34 years,262
2023-07,Suspected Suicide Attempts,Age,35-64 years,139
2023-07,Suspected Suicide Attempts,Age,65+ years,34
2023-07,Suspected Suicide Attempts,Age,All,152
2023-07,Suspected Suicide Attempts,RaceEthnicity,AI/AN,303
2023-07,Suspected Suicide Attempts,RaceEthnicity,All,152
2023-07,Suspected Suicide Attempts,RaceEthnicity,Asian,128
2023-07,Suspected Suicide Attempts,RaceEthnicity,Black,129
2023-07,Suspected Suicide Attempts,RaceEthnicity,Hispanic,136
2023-07,Suspected Suicide Attempts,RaceEthnicity,Multiple/Other,142
2023-07,Suspected Suicide Attempts,RaceEthnicity,NHOPI,164
2023-07,Suspected Suicide Attempts,RaceEthnicity,White,169
2023-07,Suspected Suicide Attempts,Sex,All,152
2023-07,Suspected Suicide Attempts,Sex,Female,166
2023-07,Suspected Suicide Attempts,Sex,Male,137
2023-07,Suspected Suicide Attempts,Total,All,152
2023-06,Suspected Suicide Attempts,Age,12-17 years,680
2023-06,Suspected Suicide Attempts,Age,18-34 years,249
2023-06,Suspected Suicide Attempts,Age,35-64 years,139
2023-06,Suspected Suicide Attempts,Age,65+ years,34
2023-06,Suspected Suicide Attempts,Age,All,148
2023-06,Suspected Suicide Attempts,RaceEthnicity,AI/AN,308
2023-06,Suspected Suicide Attempts,RaceEthnicity,All,148
2023-06,Suspected Suicide Attempts,RaceEthnicity,Asian,125
2023-06,Suspected Suicide Attempts,RaceEthnicity,Black,118
2023-06,Suspected Suicide Attempts,RaceEthnicity,Hispanic,137
2023-06,Suspected Suicide Attempts,RaceEthnicity,Multiple/Other,143
2023-06,Suspected Suicide Attempts,RaceEthnicity,NHOPI,186
2023-06,Suspected Suicide Attempts,RaceEthnicity,White,165
2023-06,Suspected Suicide Attempts,Sex,All,148
2023-06,Suspected Suicide Attempts,Sex,Female,159
2023-06,Suspected Suicide Attempts,Sex,Male,136
2023-06,Suspected Suicide Attempts,Total,All,148
2023-05,Suspected Suicide Attempts,Age,12-17 years,753
2023-05,Suspected Suicide Attempts,Age,18-34 years,265
2023-05,Suspected Suicide Attempts,Age,35-64 years,137
2023-05,Suspected Suicide Attempts,Age,65+ years,32
2023-05,Suspected Suicide Attempts,Age,All,157
2023-05,Suspected Suicide Attempts,RaceEthnicity,AI/AN,335
2023-05,Suspected Suicide Attempts,RaceEthnicity,All,157
2023-05,Suspected Suicide Attempts,RaceEthnicity,Asian,132
2023-05,Suspected Suicide Attempts,RaceEthnicity,Black,129
2023-05,Suspected Suicide Attempts,RaceEthnicity,Hispanic,144
2023-05,Suspected Suicide Attempts,RaceEthnicity,Multiple/Other,154
2023-05,Suspected Suicide Attempts,RaceEthnicity,NHOPI,193
2023-05,Suspected Suicide Attempts,RaceEthnicity,White,174
2023-05,Suspected Suicide Attempts,Sex,All,157
2023-05,Suspected Suicide Attempts,Sex,Female,175
2023-05,Suspected Suicide Attempts,Sex,Male,137
2023-05,Suspected Suicide Attempts,Total,All,157
2023-04,Suspected Suicide Attempts,Age,12-17 years,845
2023-04,Suspected Suicide Attempts,Age,18-34 years,275
2023-04,Suspected Suicide Attempts,Age,35-64 years,137
2023-04,Suspected Suicide Attempts,Age,65+ years,32
2023-04,Suspected Suicide Attempts,Age,All,164
2023-04,Suspected Suicide Attempts,RaceEthnicity,AI/AN,296
2023-04,Suspected Suicide Attempts,RaceEthnicity,All,164
2023-04,Suspected Suicide Attempts,RaceEthnicity,Asian,140
2023-04,Suspected Suicide Attempts,RaceEthnicity,Black,131
2023-04,Suspected Suicide Attempts,RaceEthnicity,Hispanic,152
2023-04,Suspected Suicide Attempts,RaceEthnicity,Multiple/Other,153
2023-04,Suspected Suicide Attempts,RaceEthnicity,NHOPI,111
2023-04,Suspected Suicide Attempts,RaceEthnicity,White,184
2023-04,Suspected Suicide Attempts,Sex,All,164
2023-04,Suspected Suicide Attempts,Sex,Female,187
2023-04,Suspected Suicide Attempts,Sex,Male,138
2023-04,Suspected Suicide Attempts,Total,All,164
2023-03,Suspected Suicide Attempts,Age,12-17 years,883
2023-03,Suspected Suicide Attempts,Age,18-34 years,258
2023-03,Suspected Suicide Attempts,Age,35-64 years,135
2023-03,Suspected Suicide Attempts,Age,65+ years,30
2023-03,Suspected Suicide Attempts,Age,All,161
2023-03,Suspected Suicide Attempts,RaceEthnicity,AI/AN,331
2023-03,Suspected Suicide Attempts,RaceEthnicity,All,161
2023-03,Suspected Suicide Attempts,RaceEthnicity,Asian,129
2023-03,Suspected Suicide Attempts,RaceEthnicity,Black,129
2023-03,Suspected Suicide Attempts,RaceEthnicity,Hispanic,142
2023-03,Suspected Suicide Attempts,RaceEthnicity,Multiple/Other,155
2023-03,Suspected Suicide Attempts,RaceEthnicity,NHOPI,166
2023-03,Suspected Suicide Attempts,RaceEthnicity,White,182
2023-03,Suspected Suicide Attempts,Sex,All,161
2023-03,Suspected Suicide Attempts,Sex,Female,181
2023-03,Suspected Suicide Attempts,Sex,Male,139
2023-03,Suspected Suicide Attempts,Total,All,161
2023-02,Suspected Suicide Attempts,Age,12-17 years,924
2023-02,Suspected Suicide Attempts,Age,18-34 years,276
2023-02,Suspected Suicide Attempts,Age,35-64 years,138
2023-02,Suspected Suicide Attempts,Age,65+ years,31
2023-02,Suspected Suicide Attempts,Age,All,169
2023-02,Suspected Suicide Attempts,RaceEthnicity,AI/AN,334
2023-02,Suspected Suicide Attempts,RaceEthnicity,All,169
2023-02,Suspected Suicide Attempts,RaceEthnicity,Asian,152
2023-02,Suspected Suicide Attempts,RaceEthnicity,Black,132
2023-02,Suspected Suicide Attempts,RaceEthnicity,Hispanic,154
2023-02,Suspected Suicide Attempts,RaceEthnicity,Multiple/Other,168
2023-02,Suspected Suicide Attempts,RaceEthnicity,NHOPI,197
2023-02,Suspected Suicide Attempts,RaceEthnicity,White,190
2023-02,Suspected Suicide Attempts,Sex,All,169
2023-02,Suspected Suicide Attempts,Sex,Female,194
2023-02,Suspected Suicide Attempts,Sex,Male,141
2023-02,Suspected Suicide Attempts,Total,All,169
2023-01,Suspected Suicide Attempts,Age,12-17 years,927
2023-01,Suspected Suicide Attempts,Age,18-34 years,273
2023-01,Suspected Suicide Attempts,Age,35-64 years,135
2023-01,Suspected Suicide Attempts,Age,65+ years,30
2023-01,Suspected Suicide Attempts,Age,All,167
2023-01,Suspected Suicide Attempts,RaceEthnicity,AI/AN,356
2023-01,Suspected Suicide Attempts,RaceEthnicity,All,167
2023-01,Suspected Suicide Attempts,RaceEthnicity,Asian,149
2023-01,Suspected Suicide Attempts,RaceEthnicity,Black,141
2023-01,Suspected Suicide Attempts,RaceEthnicity,Hispanic,149
2023-01,Suspected Suicide Attempts,RaceEthnicity,Multiple/Other,162
2023-01,Suspected Suicide Attempts,RaceEthnicity,NHOPI,195
2023-01,Suspected Suicide Attempts,RaceEthnicity,White,184
2023-01,Suspected Suicide Attempts,Sex,All,167
2023-01,Suspected Suicide Attempts,Sex,Female,189
2023-01,Suspected Suicide Attempts,Sex,Male,141
2023-01,Suspected Suicide Attempts,Total,All,167
2022-12,Suspected Suicide Attempts,Age,12-17 years,679
2022-12,Suspected Suicide Attempts,Age,18-34 years,236
2022-12,Suspected Suicide Attempts,Age,35-64 years,123
2022-12,Suspected Suicide Attempts,Age,65+ years,30
2022-12,Suspected Suicide Attempts,Age,All,136
2022-12,Suspected Suicide Attempts,RaceEthnicity,AI/AN,264
2022-12,Suspected Suicide Attempts,RaceEthnicity,All,136
2022-12,Suspected Suicide Attempts,RaceEthnicity,Asian,119
2022-12,Suspected Suicide Attempts,RaceEthnicity,Black,111
2022-12,Suspected Suicide Attempts,RaceEthnicity,Hispanic,124
2022-12,Suspected Suicide Attempts,RaceEthnicity,Multiple/Other,130
2022-12,Suspected Suicide Attempts,RaceEthnicity,NHOPI,174
2022-12,Suspected Suicide Attempts,RaceEthnicity,White,150
2022-12,Suspected Suicide Attempts,Sex,All,136
2022-12,Suspected Suicide Attempts,Sex,Female,150
2022-12,Suspected Suicide Attempts,Sex,Male,120
2022-12,Suspected Suicide Attempts,Total,All,136
2022-11,Suspected Suicide Attempts,Age,12-17 years,674
2022-11,Suspected Suicide Attempts,Age,18-34 years,240
2022-11,Suspected Suicide Attempts,Age,35-64 years,122
2022-11,Suspected Suicide Attempts,Age,65+ years,29
2022-11,Suspected Suicide Attempts,Age,All,139
2022-11,Suspected Suicide Attempts,RaceEthnicity,AI/AN,261
2022-11,Suspected Suicide Attempts,RaceEthnicity,All,139
2022-11,Suspected Suicide Attempts,RaceEthnicity,Asian,135
2022-11,Suspected Suicide Attempts,RaceEthnicity,Black,107
2022-11,Suspected Suicide Attempts,RaceEthnicity,Hispanic,119
2022-11,Suspected Suicide Attempts,RaceEthnicity,Multiple/Other,133
2022-11,Suspected Suicide Attempts,RaceEthnicity,NHOPI,134
2022-11,Suspected Suicide Attempts,RaceEthnicity,White,159
2022-11,Suspected Suicide Attempts,Sex,All,139
2022-11,Suspected Suicide Attempts,Sex,Female,157
2022-11,Suspected Suicide Attempts,Sex,Male,118
2022-11,Suspected Suicide Attempts,Total,All,139
2022-10,Suspected Suicide Attempts,Age,12-17 years,694
2022-10,Suspected Suicide Attempts,Age,18-34 years,264
2022-10,Suspected Suicide Attempts,Age,35-64 years,135
2022-10,Suspected Suicide Attempts,Age,65+ years,31
2022-10,Suspected Suicide Attempts,Age,All,152
2022-10,Suspected Suicide Attempts,RaceEthnicity,AI/AN,281
2022-10,Suspected Suicide Attempts,RaceEthnicity,All,152
2022-10,Suspected Suicide Attempts,RaceEthnicity,Asian,126
2022-10,Suspected Suicide Attempts,RaceEthnicity,Black,116
2022-10,Suspected Suicide Attempts,RaceEthnicity,Hispanic,137
2022-10,Suspected Suicide Attempts,RaceEthnicity,Multiple/Other,145
2022-10,Suspected Suicide Attempts,RaceEthnicity,NHOPI,117
2022-10,Suspected Suicide Attempts,RaceEthnicity,White,173
2022-10,Suspected Suicide Attempts,Sex,All,152
2022-10,Suspected Suicide Attempts,Sex,Female,169
2022-10,Suspected Suicide Attempts,Sex,Male,133
2022-10,Suspected Suicide Attempts,Total,All,152
2022-09,Suspected Suicide Attempts,Age,12-17 years,706
2022-09,Suspected Suicide Attempts,Age,18-34 years,269
2022-09,Suspected Suicide Attempts,Age,35-64 years,133
2022-09,Suspected Suicide Attempts,Age,65+ years,33
2022-09,Suspected Suicide Attempts,Age,All,157
2022-09,Suspected Suicide Attempts,RaceEthnicity,AI/AN,318
2022-09,Suspected Suicide Attempts,RaceEthnicity,All,157
2022-09,Suspected Suicide Attempts,RaceEthnicity,Asian,163
2022-09,Suspected Suicide Attempts,RaceEthnicity,Black,121
2022-09,Suspected Suicide Attempts,RaceEthnicity,Hispanic,147
2022-09,Suspected Suicide Attempts,RaceEthnicity,Multiple/Other,155
2022-09,Suspected Suicide Attempts,RaceEthnicity,NHOPI,142
2022-09,Suspected Suicide Attempts,RaceEthnicity,White,175
2022-09,Suspected Suicide Attempts,Sex,All,157
2022-09,Suspected Suicide Attempts,Sex,Female,176
2022-09,Suspected Suicide Attempts,Sex,Male,135
2022-09,Suspected Suicide Attempts,Total,All,157
2022-08,Suspected Suicide Attempts,Age,12-17 years,651
2022-08,Suspected Suicide Attempts,Age,18-34 years,250
2022-08,Suspected Suicide Attempts,Age,35-64 years,134
2022-08,Suspected Suicide Attempts,Age,65+ years,32
2022-08,Suspected Suicide Attempts,Age,All,148
2022-08,Suspected Suicide Attempts,RaceEthnicity,AI/AN,300
2022-08,Suspected Suicide Attempts,RaceEthnicity,All,148
2022-08,Suspected Suicide Attempts,RaceEthnicity,Asian,137
2022-08,Suspected Suicide Attempts,RaceEthnicity,Black,106
2022-08,Suspected Suicide Attempts,RaceEthnicity,Hispanic,144
2022-08,Suspected Suicide Attempts,RaceEthnicity,Multiple/Other,137
2022-08,Suspected Suicide Attempts,RaceEthnicity,NHOPI,190
2022-08,Suspected Suicide Attempts,RaceEthnicity,White,166
2022-08,Suspected Suicide Attempts,Sex,All,148
2022-08,Suspected Suicide Attempts,Sex,Female,161
2022-08,Suspected Suicide Attempts,Sex,Male,133
2022-08,Suspected Suicide Attempts,Total,All,148
2022-07,Suspected Suicide Attempts,Age,12-17 years,682
2022-07,Suspected Suicide Attempts,Age,18-34 years,246
2022-07,Suspected Suicide Attempts,Age,35-64 years,133
2022-07,Suspected Suicide Attempts,Age,65+ years,32
2022-07,Suspected Suicide Attempts,Age,All,145
2022-07,Suspected Suicide Attempts,RaceEthnicity,AI/AN,276
2022-07,Suspected Suicide Attempts,RaceEthnicity,All,145
2022-07,Suspected Suicide Attempts,RaceEthnicity,Asian,116
2022-07,Suspected Suicide Attempts,RaceEthnicity,Black,110
2022-07,Suspected Suicide Attempts,RaceEthnicity,Hispanic,143
2022-07,Suspected Suicide Attempts,RaceEthnicity,Multiple/Other,142
2022-07,Suspected Suicide Attempts,RaceEthnicity,NHOPI,137
2022-07,Suspected Suicide Attempts,RaceEthnicity,White,161
2022-07,Suspected Suicide Attempts,Sex,All,145
2022-07,Suspected Suicide Attempts,Sex,Female,156
2022-07,Suspected Suicide Attempts,Sex,Male,133
2022-07,Suspected Suicide Attempts,Total,All,145
2022-06,Suspected Suicide Attempts,Age,12-17 years,696
2022-06,Suspected Suicide Attempts,Age,18-34 years,251
2022-06,Suspected Suicide Attempts,Age,35-64 years,137
2022-06,Suspected Suicide Attempts,Age,65+ years,32
2022-06,Suspected Suicide Attempts,Age,All,148
2022-06,Suspected Suicide Attempts,RaceEthnicity,AI/AN,278
2022-06,Suspected Suicide Attempts,RaceEthnicity,All,148
2022-06,Suspected Suicide Attempts,RaceEthnicity,Asian,108
2022-06,Suspected Suicide Attempts,RaceEthnicity,Black,111
2022-06,Suspected Suicide Attempts,RaceEthnicity,Hispanic,143
2022-06,Suspected Suicide Attempts,RaceEthnicity,Multiple/Other,150
2022-06,Suspected Suicide Attempts,RaceEthnicity,NHOPI,159
2022-06,Suspected Suicide Attempts,RaceEthnicity,White,165
2022-06,Suspected Suicide Attempts,Sex,All,148
2022-06,Suspected Suicide Attempts,Sex,Female,162
2022-06,Suspected Suicide Attempts,Sex,Male,131
2022-06,Suspected Suicide Attempts,Total,All,148
2022-05,Suspected Suicide Attempts,Age,12-17 years,793
2022-05,Suspected Suicide Attempts,Age,18-34 years,263
2022-05,Suspected Suicide Attempts,Age,35-64 years,139
2022-05,Suspected Suicide Attempts,Age,65+ years,34
2022-05,Suspected Suicide Attempts,Age,All,161
2022-05,Suspected Suicide Attempts,RaceEthnicity,AI/AN,311
2022-05,Suspected Suicide Attempts,RaceEthnicity,All,161
2022-05,Suspected Suicide Attempts,RaceEthnicity,Asian,142
2022-05,Suspected Suicide Attempts,RaceEthnicity,Black,128
2022-05,Suspected Suicide Attempts,RaceEthnicity,Hispanic,153
2022-05,Suspected Suicide Attempts,RaceEthnicity,Multiple/Other,146
2022-05,Suspected Suicide Attempts,RaceEthnicity,NHOPI,143
2022-05,Suspected Suicide Attempts,RaceEthnicity,White,179
2022-05,Suspected Suicide Attempts,Sex,All,161
2022-05,Suspected Suicide Attempts,Sex,Female,182
2022-05,Suspected Suicide Attempts,Sex,Male,136
2022-05,Suspected Suicide Attempts,Total,All,161
2022-04,Suspected Suicide Attempts,Age,12-17 years,866
2022-04,Suspected Suicide Attempts,Age,18-34 years,260
2022-04,Suspected Suicide Attempts,Age,35-64 years,134
2022-04,Suspected Suicide Attempts,Age,65+ years,31
2022-04,Suspected Suicide Attempts,Age,All,163
2022-04,Suspected Suicide Attempts,RaceEthnicity,AI/AN,286
2022-04,Suspected Suicide Attempts,RaceEthnicity,All,163
2022-04,Suspected Suicide Attempts,RaceEthnicity,Asian,134
2022-04,Suspected Suicide Attempts,RaceEthnicity,Black,123
2022-04,Suspected Suicide Attempts,RaceEthnicity,Hispanic,153
2022-04,Suspected Suicide Attempts,RaceEthnicity,Multiple/Other,155
2022-04,Suspected Suicide Attempts,RaceEthnicity,NHOPI,208
2022-04,Suspected Suicide Attempts,RaceEthnicity,White,186
2022-04,Suspected Suicide Attempts,Sex,All,163
2022-04,Suspected Suicide Attempts,Sex,Female,183
2022-04,Suspected Suicide Attempts,Sex,Male,142
2022-04,Suspected Suicide Attempts,Total,All,163
2022-03,Suspected Suicide Attempts,Age,12-17 years,977
2022-03,Suspected Suicide Attempts,Age,18-34 years,274
2022-03,Suspected Suicide Attempts,Age,35-64 years,137
2022-03,Suspected Suicide Attempts,Age,65+ years,31
2022-03,Suspected Suicide Attempts,Age,All,174
2022-03,Suspected Suicide Attempts,RaceEthnicity,AI/AN,288
2022-03,Suspected Suicide Attempts,RaceEthnicity,All,174
2022-03,Suspected Suicide Attempts,RaceEthnicity,Asian,157
2022-03,Suspected Suicide Attempts,RaceEthnicity,Black,128
2022-03,Suspected Suicide Attempts,RaceEthnicity,Hispanic,171
2022-03,Suspected Suicide Attempts,RaceEthnicity,Multiple/Other,168
2022-03,Suspected Suicide Attempts,RaceEthnicity,NHOPI,209
2022-03,Suspected Suicide Attempts,RaceEthnicity,White,196
2022-03,Suspected Suicide Attempts,Sex,All,174
2022-03,Suspected Suicide Attempts,Sex,Female,195
2022-03,Suspected Suicide Attempts,Sex,Male,152
2022-03,Suspected Suicide Attempts,Total,All,174
2022-02,Suspected Suicide Attempts,Age,12-17 years,1141
2022-02,Suspected Suicide Attempts,Age,18-34 years,308
2022-02,Suspected Suicide Attempts,Age,35-64 years,139
2022-02,Suspected Suicide Attempts,Age,65+ years,33
2022-02,Suspected Suicide Attempts,Age,All,191
2022-02,Suspected Suicide Attempts,RaceEthnicity,AI/AN,389
2022-02,Suspected Suicide Attempts,RaceEthnicity,All,191
2022-02,Suspected Suicide Attempts,RaceEthnicity,Asian,179
2022-02,Suspected Suicide Attempts,RaceEthnicity,Black,148
2022-02,Suspected Suicide Attempts,RaceEthnicity,Hispanic,200
2022-02,Suspected Suicide Attempts,RaceEthnicity,Multiple/Other,176
2022-02,Suspected Suicide Attempts,RaceEthnicity,NHOPI,238
2022-02,Suspected Suicide Attempts,RaceEthnicity,White,207
2022-02,Suspected Suicide Attempts,Sex,All,191
2022-02,Suspected Suicide Attempts,Sex,Female,221
2022-02,Suspected Suicide Attempts,Sex,Male,159
2022-02,Suspected Suicide Attempts,Total,All,191
2022-01,Suspected Suicide Attempts,Age,12-17 years,888
2022-01,Suspected Suicide Attempts,Age,18-34 years,241
2022-01,Suspected Suicide Attempts,Age,35-64 years,120
2022-01,Suspected Suicide Attempts,Age,65+ years,29
2022-01,Suspected Suicide Attempts,Age,All,155
2022-01,Suspected Suicide Attempts,RaceEthnicity,AI/AN,311
2022-01,Suspected Suicide Attempts,RaceEthnicity,All,155
2022-01,Suspected Suicide Attempts,RaceEthnicity,Asian,132
2022-01,Suspected Suicide Attempts,RaceEthnicity,Black,109
2022-01,Suspected Suicide Attempts,RaceEthnicity,Hispanic,155
2022-01,Suspected Suicide Attempts,RaceEthnicity,Multiple/Other,147
2022-01,Suspected Suicide Attempts,RaceEthnicity,NHOPI,164
2022-01,Suspected Suicide Attempts,RaceEthnicity,White,176
2022-01,Suspected Suicide Attempts,Sex,All,155
2022-01,Suspected Suicide Attempts,Sex,Female,173
2022-01,Suspected Suicide Attempts,Sex,Male,136
2022-01,Suspected Suicide Attempts,Total,All,155
2021-12,Suspected Suicide Attempts,Age,12-17 years,772
2021-12,Suspected Suicide Attempts,Age,18-34 years,217
2021-12,Suspected Suicide Attempts,Age,35-64 years,108
2021-12,Suspected Suicide Attempts,Age,65+ years,28
2021-12,Suspected Suicide Attempts,Age,All,137
2021-12,Suspected Suicide Attempts,RaceEthnicity,AI/AN,290
2021-12,Suspected Suicide Attempts,RaceEthnicity,All,137
2021-12,Suspected Suicide Attempts,RaceEthnicity,Asian,115
2021-12,Suspected Suicide Attempts,RaceEthnicity,Black,103
2021-12,Suspected Suicide Attempts,RaceEthnicity,Hispanic,130
2021-12,Suspected Suicide Attempts,RaceEthnicity,Multiple/Other,128
2021-12,Suspected Suicide Attempts,RaceEthnicity,NHOPI,179
2021-12,Suspected Suicide Attempts,RaceEthnicity,White,156
2021-12,Suspected Suicide Attempts,Sex,All,137
2021-12,Suspected Suicide Attempts,Sex,Female,153
2021-12,Suspected Suicide Attempts,Sex,Male,120
2021-12,Suspected Suicide Attempts,Total,All,137
2021-11,Suspected Suicide Attempts,Age,12-17 years,986
2021-11,Suspected Suicide Attempts,Age,18-34 years,266
2021-11,Suspected Suicide Attempts,Age,35-64 years,121
2021-11,Suspected Suicide Attempts,Age,65+ years,28
2021-11,Suspected Suicide Attempts,Age,All,165
2021-11,Suspected Suicide Attempts,RaceEthnicity,AI/AN,352
2021-11,Suspected Suicide Attempts,RaceEthnicity,All,165
2021-11,Suspected Suicide Attempts,RaceEthnicity,Asian,146
2021-11,Suspected Suicide Attempts,RaceEthnicity,Black,126
2021-11,Suspected Suicide Attempts,RaceEthnicity,Hispanic,171
2021-11,Suspected Suicide Attempts,RaceEthnicity,Multiple/Other,147
2021-11,Suspected Suicide Attempts,RaceEthnicity,NHOPI,149
2021-11,Suspected Suicide Attempts,RaceEthnicity,White,182
2021-11,Suspected Suicide Attempts,Sex,All,165
2021-11,Suspected Suicide Attempts,Sex,Female,192
2021-11,Suspected Suicide Attempts,Sex,Male,136
2021-11,Suspected Suicide Attempts,Total,All,165
2021-10,Suspected Suicide Attempts,Age,12-17 years,878
2021-10,Suspected Suicide Attempts,Age,18-34 years,268
2021-10,Suspected Suicide Attempts,Age,35-64 years,127
2021-10,Suspected Suicide Attempts,Age,65+ years,30
2021-10,Suspected Suicide Attempts,Age,All,166
2021-10,Suspected Suicide Attempts,RaceEthnicity,AI/AN,289
2021-10,Suspected Suicide Attempts,RaceEthnicity,All,166
2021-10,Suspected Suicide Attempts,RaceEthnicity,Asian,155
2021-10,Suspected Suicide Attempts,RaceEthnicity,Black,127
2021-10,Suspected Suicide Attempts,RaceEthnicity,Hispanic,169
2021-10,Suspected Suicide Attempts,RaceEthnicity,Multiple/Other,146
2021-10,Suspected Suicide Attempts,RaceEthnicity,NHOPI,160
2021-10,Suspected Suicide Attempts,RaceEthnicity,White,186
2021-10,Suspected Suicide Attempts,Sex,All,166
2021-10,Suspected Suicide Attempts,Sex,Female,191
2021-10,Suspected Suicide Attempts,Sex,Male,141
2021-10,Suspected Suicide Attempts,Total,All,166
2021-09,Suspected Suicide Attempts,Age,12-17 years,776
2021-09,Suspected Suicide Attempts,Age,18-34 years,240
2021-09,Suspected Suicide Attempts,Age,35-64 years,120
2021-09,Suspected Suicide Attempts,Age,65+ years,32
2021-09,Suspected Suicide Attempts,Age,All,155
2021-09,Suspected Suicide Attempts,RaceEthnicity,AI/AN,255
2021-09,Suspected Suicide Attempts,RaceEthnicity,All,155
2021-09,Suspected Suicide Attempts,RaceEthnicity,Asian,139
2021-09,Suspected Suicide Attempts,RaceEthnicity,Black,114
2021-09,Suspected Suicide Attempts,RaceEthnicity,Hispanic,163
2021-09,Suspected Suicide Attempts,RaceEthnicity,Multiple/Other,136
2021-09,Suspected Suicide Attempts,RaceEthnicity,NHOPI,149
2021-09,Suspected Suicide Attempts,RaceEthnicity,White,176
2021-09,Suspected Suicide Attempts,Sex,All,155
2021-09,Suspected Suicide Attempts,Sex,Female,180
2021-09,Suspected Suicide Attempts,Sex,Male,130
2021-09,Suspected Suicide Attempts,Total,All,155
2021-08,Suspected Suicide Attempts,Age,12-17 years,628
2021-08,Suspected Suicide Attempts,Age,18-34 years,213
2021-08,Suspected Suicide Attempts,Age,35-64 years,116
2021-08,Suspected Suicide Attempts,Age,65+ years,30
2021-08,Suspected Suicide Attempts,Age,All,135
2021-08,Suspected Suicide Attempts,RaceEthnicity,AI/AN,260
2021-08,Suspected Suicide Attempts,RaceEthnicity,All,135
2021-08,Suspected Suicide Attempts,RaceEthnicity,Asian,116
2021-08,Suspected Suicide Attempts,RaceEthnicity,Black,97
2021-08,Suspected Suicide Attempts,RaceEthnicity,Hispanic,142
2021-08,Suspected Suicide Attempts,RaceEthnicity,Multiple/Other,129
2021-08,Suspected Suicide Attempts,RaceEthnicity,NHOPI,150
2021-08,Suspected Suicide Attempts,RaceEthnicity,White,152
2021-08,Suspected Suicide Attempts,Sex,All,135
2021-08,Suspected Suicide Attempts,Sex,Female,151
2021-08,Suspected Suicide Attempts,Sex,Male,121
2021-08,Suspected Suicide Attempts,Total,All,135
2021-07,Suspected Suicide Attempts,Age,12-17 years,728
2021-07,Suspected Suicide Attempts,Age,18-34 years,226
2021-07,Suspected Suicide Attempts,Age,35-64 years,119
2021-07,Suspected Suicide Attempts,Age,65+ years,32
2021-07,Suspected Suicide Attempts,Age,All,140
2021-07,Suspected Suicide Attempts,RaceEthnicity,AI/AN,312
2021-07,Suspected Suicide Attempts,RaceEthnicity,All,140
2021-07,Suspected Suicide Attempts,RaceEthnicity,Asian,116
2021-07,Suspected Suicide Attempts,RaceEthnicity,Black,102
2021-07,Suspected Suicide Attempts,RaceEthnicity,Hispanic,153
2021-07,Suspected Suicide Attempts,RaceEthnicity,Multiple/Other,127
2021-07,Suspected Suicide Attempts,RaceEthnicity,NHOPI,162
2021-07,Suspected Suicide Attempts,RaceEthnicity,White,156
2021-07,Suspected Suicide Attempts,Sex,All,140
2021-07,Suspected Suicide Attempts,Sex,Female,154
2021-07,Suspected Suicide Attempts,Sex,Male,126
2021-07,Suspected Suicide Attempts,Total,All,140
2021-06,Suspected Suicide Attempts,Age,12-17 years,846
2021-06,Suspected Suicide Attempts,Age,18-34 years,243
2021-06,Suspected Suicide Attempts,Age,35-64 years,127
2021-06,Suspected Suicide Attempts,Age,65+ years,32
2021-06,Suspected Suicide Attempts,Age,All,152
2021-06,Suspected Suicide Attempts,RaceEthnicity,AI/AN,300
2021-06,Suspected Suicide Attempts,RaceEthnicity,All,152
2021-06,Suspected Suicide Attempts,RaceEthnicity,Asian,133
2021-06,Suspected Suicide Attempts,RaceEthnicity,Black,112
2021-06,Suspected Suicide Attempts,RaceEthnicity,Hispanic,163
2021-06,Suspected Suicide Attempts,RaceEthnicity,Multiple/Other,146
2021-06,Suspected Suicide Attempts,RaceEthnicity,NHOPI,114
2021-06,Suspected Suicide Attempts,RaceEthnicity,White,168
2021-06,Suspected Suicide Attempts,Sex,All,152
2021-06,Suspected Suicide Attempts,Sex,Female,170
2021-06,Suspected Suicide Attempts,Sex,Male,135
2021-06,Suspected Suicide Attempts,Total,All,152
2021-05,Suspected Suicide Attempts,Age,12-17 years,1056
2021-05,Suspected Suicide Attempts,Age,18-34 years,255
2021-05,Suspected Suicide Attempts,Age,35-64 years,122
2021-05,Suspected Suicide Attempts,Age,65+ years,32
2021-05,Suspected Suicide Attempts,Age,All,168
2021-05,Suspected Suicide Attempts,RaceEthnicity,AI/AN,359
2021-05,Suspected Suicide Attempts,RaceEthnicity,All,168
2021-05,Suspected Suicide Attempts,RaceEthnicity,Asian,143
2021-05,Suspected Suicide Attempts,RaceEthnicity,Black,117
2021-05,Suspected Suicide Attempts,RaceEthnicity,Hispanic,177
2021-05,Suspected Suicide Attempts,RaceEthnicity,Multiple/Other,170
2021-05,Suspected Suicide Attempts,RaceEthnicity,NHOPI,195
2021-05,Suspected Suicide Attempts,RaceEthnicity,White,186
2021-05,Suspected Suicide Attempts,Sex,All,168
2021-05,Suspected Suicide Attempts,Sex,Female,194
2021-05,Suspected Suicide Attempts,Sex,Male,141
2021-05,Suspected Suicide Attempts,Total,All,168
2021-04,Suspected Suicide Attempts,Age,12-17 years,1093
2021-04,Suspected Suicide Attempts,Age,18-34 years,243
2021-04,Suspected Suicide Attempts,Age,35-64 years,114
2021-04,Suspected Suicide Attempts,Age,65+ years,27
2021-04,Suspected Suicide Attempts,Age,All,164
2021-04,Suspected Suicide Attempts,RaceEthnicity,AI/AN,309
2021-04,Suspected Suicide Attempts,RaceEthnicity,All,164
2021-04,Suspected Suicide Attempts,RaceEthnicity,Asian,156
2021-04,Suspected Suicide Attempts,RaceEthnicity,Black,117
2021-04,Suspected Suicide Attempts,RaceEthnicity,Hispanic,186
2021-04,Suspected Suicide Attempts,RaceEthnicity,Multiple/Other,163
2021-04,Suspected Suicide Attempts,RaceEthnicity,NHOPI,177
2021-04,Suspected Suicide Attempts,RaceEthnicity,White,180
2021-04,Suspected Suicide Attempts,Sex,All,164
2021-04,Suspected Suicide Attempts,Sex,Female,193
2021-04,Suspected Suicide Attempts,Sex,Male,135
2021-04,Suspected Suicide Attempts,Total,All,164
2021-03,Suspected Suicide Attempts,Age,12-17 years,1168
2021-03,Suspected Suicide Attempts,Age,18-34 years,263
2021-03,Suspected Suicide Attempts,Age,35-64 years,126
2021-03,Suspected Suicide Attempts,Age,65+ years,30
2021-03,Suspected Suicide Attempts,Age,All,176
2021-03,Suspected Suicide Attempts,RaceEthnicity,AI/AN,345
2021-03,Suspected Suicide Attempts,RaceEthnicity,All,176
2021-03,Suspected Suicide Attempts,RaceEthnicity,Asian,200
2021-03,Suspected Suicide Attempts,RaceEthnicity,Black,124
2021-03,Suspected Suicide Attempts,RaceEthnicity,Hispanic,192
2021-03,Suspected Suicide Attempts,RaceEthnicity,Multiple/Other,171
2021-03,Suspected Suicide Attempts,RaceEthnicity,NHOPI,213
2021-03,Suspected Suicide Attempts,RaceEthnicity,White,192
2021-03,Suspected Suicide Attempts,Sex,All,176
2021-03,Suspected Suicide Attempts,Sex,Female,203
2021-03,Suspected Suicide Attempts,Sex,Male,148
2021-03,Suspected Suicide Attempts,Total,All,176
2021-02,Suspected Suicide Attempts,Age,12-17 years,1352
2021-02,Suspected Suicide Attempts,Age,18-34 years,290
2021-02,Suspected Suicide Attempts,Age,35-64 years,131
2021-02,Suspected Suicide Attempts,Age,65+ years,31
2021-02,Suspected Suicide Attempts,Age,All,191
2021-02,Suspected Suicide Attempts,RaceEthnicity,AI/AN,355
2021-02,Suspected Suicide Attempts,RaceEthnicity,All,191
2021-02,Suspected Suicide Attempts,RaceEthnicity,Asian,194
2021-02,Suspected Suicide Attempts,RaceEthnicity,Black,136
2021-02,Suspected Suicide Attempts,RaceEthnicity,Hispanic,217
2021-02,Suspected Suicide Attempts,RaceEthnicity,Multiple/Other,188
2021-02,Suspected Suicide Attempts,RaceEthnicity,NHOPI,251
2021-02,Suspected Suicide Attempts,RaceEthnicity,White,209
2021-02,Suspected Suicide Attempts,Sex,All,191
2021-02,Suspected Suicide Attempts,Sex,Female,220
2021-02,Suspected Suicide Attempts,Sex,Male,161
2021-02,Suspected Suicide Attempts,Total,All,191
2021-01,Suspected Suicide Attempts,Age,12-17 years,1166
2021-01,Suspected Suicide Attempts,Age,18-34 years,266
2021-01,Suspected Suicide Attempts,Age,35-64 years,126
2021-01,Suspected Suicide Attempts,Age,65+ years,27
2021-01,Suspected Suicide Attempts,Age,All,173
2021-01,Suspected Suicide Attempts,RaceEthnicity,AI/AN,390
2021-01,Suspected Suicide Attempts,RaceEthnicity,All,173
2021-01,Suspected Suicide Attempts,RaceEthnicity,Asian,158
2021-01,Suspected Suicide Attempts,RaceEthnicity,Black,123
2021-01,Suspected Suicide Attempts,RaceEthnicity,Hispanic,190
2021-01,Suspected Suicide Attempts,RaceEthnicity,Multiple/Other,183
2021-01,Suspected Suicide Attempts,RaceEthnicity,NHOPI,212
2021-01,Suspected Suicide Attempts,RaceEthnicity,White,193
2021-01,Suspected Suicide Attempts,Sex,All,173
2021-01,Suspected Suicide Attempts,Sex,Female,196
2021-01,Suspected Suicide Attempts,Sex,Male,149
2021-01,Suspected Suicide Attempts,Total,All,173
2020-12,Suspected Suicide Attempts,Age,12-17 years,1069
2020-12,Suspected Suicide Attempts,Age,18-34 years,263
2020-12,Suspected Suicide Attempts,Age,35-64 years,121
2020-12,Suspected Suicide Attempts,Age,65+ years,27
2020-12,Suspected Suicide Attempts,Age,All,162
2020-12,Suspected Suicide Attempts,RaceEthnicity,AI/AN,368
2020-12,Suspected Suicide Attempts,RaceEthnicity,All,162
2020-12,Suspected Suicide Attempts,RaceEthnicity,Asian,155
2020-12,Suspected Suicide Attempts,RaceEthnicity,Black,123
2020-12,Suspected Suicide Attempts,RaceEthnicity,Hispanic,189
2020-12,Suspected Suicide Attempts,RaceEthnicity,Multiple/Other,164
2020-12,Suspected Suicide Attempts,RaceEthnicity,NHOPI,192
2020-12,Suspected Suicide Attempts,RaceEthnicity,White,178
2020-12,Suspected Suicide Attempts,Sex,All,162
2020-12,Suspected Suicide Attempts,Sex,Female,177
2020-12,Suspected Suicide Attempts,Sex,Male,147
2020-12,Suspected Suicide Attempts,Total,All,162
2020-11,Suspected Suicide Attempts,Age,12-17 years,1132
2020-11,Suspected Suicide Attempts,Age,18-34 years,265
2020-11,Suspected Suicide Attempts,Age,35-64 years,123
2020-11,Suspected Suicide Attempts,Age,65+ years,29
2020-11,Suspected Suicide Attempts,Age,All,172
2020-11,Suspected Suicide Attempts,RaceEthnicity,AI/AN,355
2020-11,Suspected Suicide Attempts,RaceEthnicity,All,172
2020-11,Suspected Suicide Attempts,RaceEthnicity,Asian,166
2020-11,Suspected Suicide Attempts,RaceEthnicity,Black,126
2020-11,Suspected Suicide Attempts,RaceEthnicity,Hispanic,189
2020-11,Suspected Suicide Attempts,RaceEthnicity,Multiple/Other,190
2020-11,Suspected Suicide Attempts,RaceEthnicity,NHOPI,195
2020-11,Suspected Suicide Attempts,RaceEthnicity,White,191
2020-11,Suspected Suicide Attempts,Sex,All,172
2020-11,Suspected Suicide Attempts,Sex,Female,194
2020-11,Suspected Suicide Attempts,Sex,Male,149
2020-11,Suspected Suicide Attempts,Total,All,172
2020-10,Suspected Suicide Attempts,Age,12-17 years,1040
2020-10,Suspected Suicide Attempts,Age,18-34 years,270
2020-10,Suspected Suicide Attempts,Age,35-64 years,129
2020-10,Suspected Suicide Attempts,Age,65+ years,30
2020-10,Suspected Suicide Attempts,Age,All,176
2020-10,Suspected Suicide Attempts,RaceEthnicity,AI/AN,312
2020-10,Suspected Suicide Attempts,RaceEthnicity,All,176
2020-10,Suspected Suicide Attempts,RaceEthnicity,Asian,188
2020-10,Suspected Suicide Attempts,RaceEthnicity,Black,130
2020-10,Suspected Suicide Attempts,RaceEthnicity,Hispanic,194
2020-10,Suspected Suicide Attempts,RaceEthnicity,Multiple/Other,194
2020-10,Suspected Suicide Attempts,RaceEthnicity,NHOPI,176
2020-10,Suspected Suicide Attempts,RaceEthnicity,White,197
2020-10,Suspected Suicide Attempts,Sex,All,176
2020-10,Suspected Suicide Attempts,Sex,Female,198
2020-10,Suspected Suicide Attempts,Sex,Male,152
2020-10,Suspected Suicide Attempts,Total,All,176
2020-09,Suspected Suicide Attempts,Age,12-17 years,985
2020-09,Suspected Suicide Attempts,Age,18-34 years,266
2020-09,Suspected Suicide Attempts,Age,35-64 years,137
2020-09,Suspected Suicide Attempts,Age,65+ years,32
2020-09,Suspected Suicide Attempts,Age,All,176
2020-09,Suspected Suicide Attempts,RaceEthnicity,AI/AN,342
2020-09,Suspected Suicide Attempts,RaceEthnicity,All,176
2020-09,Suspected Suicide Attempts,RaceEthnicity,Asian,170
2020-09,Suspected Suicide Attempts,RaceEthnicity,Black,128
2020-09,Suspected Suicide Attempts,RaceEthnicity,Hispanic,201
2020-09,Suspected Suicide Attempts,RaceEthnicity,Multiple/Other,182
2020-09,Suspected Suicide Attempts,RaceEthnicity,NHOPI,173
2020-09,Suspected Suicide Attempts,RaceEthnicity,White,197
2020-09,Suspected Suicide Attempts,Sex,All,176
2020-09,Suspected Suicide Attempts,Sex,Female,198
2020-09,Suspected Suicide Attempts,Sex,Male,152
2020-09,Suspected Suicide Attempts,Total,All,176
2020-08,Suspected Suicide Attempts,Age,12-17 years,835
2020-08,Suspected Suicide Attempts,Age,18-34 years,259
2020-08,Suspected Suicide Attempts,Age,35-64 years,138
2020-08,Suspected Suicide Attempts,Age,65+ years,34
2020-08,Suspected Suicide Attempts,Age,All,165
2020-08,Suspected Suicide Attempts,RaceEthnicity,AI/AN,313
2020-08,Suspected Suicide Attempts,RaceEthnicity,All,165
2020-08,Suspected Suicide Attempts,RaceEthnicity,Asian,145
2020-08,Suspected Suicide Attempts,RaceEthnicity,Black,124
2020-08,Suspected Suicide Attempts,RaceEthnicity,Hispanic,192
2020-08,Suspected Suicide Attempts,RaceEthnicity,Multiple/Other,180
2020-08,Suspected Suicide Attempts,RaceEthnicity,NHOPI,189
2020-08,Suspected Suicide Attempts,RaceEthnicity,White,184
2020-08,Suspected Suicide Attempts,Sex,All,165
2020-08,Suspected Suicide Attempts,Sex,Female,181
2020-08,Suspected Suicide Attempts,Sex,Male,149
2020-08,Suspected Suicide Attempts,Total,All,165
2020-07,Suspected Suicide Attempts,Age,12-17 years,742
2020-07,Suspected Suicide Attempts,Age,18-34 years,245
2020-07,Suspected Suicide Attempts,Age,35-64 years,134
2020-07,Suspected Suicide Attempts,Age,65+ years,34
2020-07,Suspected Suicide Attempts,Age,All,158
2020-07,Suspected Suicide Attempts,RaceEthnicity,AI/AN,307
2020-07,Suspected Suicide Attempts,RaceEthnicity,All,158
2020-07,Suspected Suicide Attempts,RaceEthnicity,Asian,146
2020-07,Suspected Suicide Attempts,RaceEthnicity,Black,115
2020-07,Suspected Suicide Attempts,RaceEthnicity,Hispanic,169
2020-07,Suspected Suicide Attempts,RaceEthnicity,Multiple/Other,151
2020-07,Suspected Suicide Attempts,RaceEthnicity,NHOPI,254
2020-07,Suspected Suicide Attempts,RaceEthnicity,White,179
2020-07,Suspected Suicide Attempts,Sex,All,158
2020-07,Suspected Suicide Attempts,Sex,Female,171
2020-07,Suspected Suicide Attempts,Sex,Male,144
2020-07,Suspected Suicide Attempts,Total,All,158
2020-06,Suspected Suicide Attempts,Age,12-17 years,763
2020-06,Suspected Suicide Attempts,Age,18-34 years,260
2020-06,Suspected Suicide Attempts,Age,35-64 years,141
2020-06,Suspected Suicide Attempts,Age,65+ years,33
2020-06,Suspected Suicide Attempts,Age,All,163
2020-06,Suspected Suicide Attempts,RaceEthnicity,AI/AN,306
2020-06,Suspected Suicide Attempts,RaceEthnicity,All,163
2020-06,Suspected Suicide Attempts,RaceEthnicity,Asian,149
2020-06,Suspected Suicide Attempts,RaceEthnicity,Black,121
2020-06,Suspected Suicide Attempts,RaceEthnicity,Hispanic,177
2020-06,Suspected Suicide Attempts,RaceEthnicity,Multiple/Other,172
2020-06,Suspected Suicide Attempts,RaceEthnicity,NHOPI,199
2020-06,Suspected Suicide Attempts,RaceEthnicity,White,183
2020-06,Suspected Suicide Attempts,Sex,All,163
2020-06,Suspected Suicide Attempts,Sex,Female,174
2020-06,Suspected Suicide Attempts,Sex,Male,152
2020-06,Suspected Suicide Attempts,Total,All,163
2020-05,Suspected Suicide Attempts,Age,12-17 years,1053
2020-05,Suspected Suicide Attempts,Age,18-34 years,310
2020-05,Suspected Suicide Attempts,Age,35-64 years,155
2020-05,Suspected Suicide Attempts,Age,65+ years,34
2020-05,Suspected Suicide Attempts,Age,All,188
2020-05,Suspected Suicide Attempts,RaceEthnicity,AI/AN,372
2020-05,Suspected Suicide Attempts,RaceEthnicity,All,188
2020-05,Suspected Suicide Attempts,RaceEthnicity,Asian,173
2020-05,Suspected Suicide Attempts,RaceEthnicity,Black,137
2020-05,Suspected Suicide Attempts,RaceEthnicity,Hispanic,214
2020-05,Suspected Suicide Attempts,RaceEthnicity,Multiple/Other,201
2020-05,Suspected Suicide Attempts,RaceEthnicity,NHOPI,134
2020-05,Suspected Suicide Attempts,RaceEthnicity,White,210
2020-05,Suspected Suicide Attempts,Sex,All,188
2020-05,Suspected Suicide Attempts,Sex,Female,205
2020-05,Suspected Suicide Attempts,Sex,Male,170
2020-05,Suspected Suicide Attempts,Total,All,188
2020-04,Suspected Suicide Attempts,Age,12-17 years,1302
2020-04,Suspected Suicide Attempts,Age,18-34 years,329
2020-04,Suspected Suicide Attempts,Age,35-64 years,163
2020-04,Suspected Suicide Attempts,Age,65+ years,36
2020-04,Suspected Suicide Attempts,Age,All,201
2020-04,Suspected Suicide Attempts,RaceEthnicity,AI/AN,391
2020-04,Suspected Suicide Attempts,RaceEthnicity,All,201
2020-04,Suspected Suicide Attempts,RaceEthnicity,Asian,153
2020-04,Suspected Suicide Attempts,RaceEthnicity,Black,142
2020-04,Suspected Suicide Attempts,RaceEthnicity,Hispanic,221
2020-04,Suspected Suicide Attempts,RaceEthnicity,Multiple/Other,210
2020-04,Suspected Suicide Attempts,RaceEthnicity,NHOPI,230
2020-04,Suspected Suicide Attempts,RaceEthnicity,White,234
2020-04,Suspected Suicide Attempts,Sex,All,201
2020-04,Suspected Suicide Attempts,Sex,Female,220
2020-04,Suspected Suicide Attempts,Sex,Male,181
2020-04,Suspected Suicide Attempts,Total,All,201
2020-03,Suspected Suicide Attempts,Age,12-17 years,775
2020-03,Suspected Suicide Attempts,Age,18-34 years,234
2020-03,Suspected Suicide Attempts,Age,35-64 years,127
2020-03,Suspected Suicide Attempts,Age,65+ years,32
2020-03,Suspected Suicide Attempts,Age,All,150
2020-03,Suspected Suicide Attempts,RaceEthnicity,AI/AN,355
2020-03,Suspected Suicide Attempts,RaceEthnicity,All,150
2020-03,Suspected Suicide Attempts,RaceEthnicity,Asian,123
2020-03,Suspected Suicide Attempts,RaceEthnicity,Black,103
2020-03,Suspected Suicide Attempts,RaceEthnicity,Hispanic,158
2020-03,Suspected Suicide Attempts,RaceEthnicity,Multiple/Other,140
2020-03,Suspected Suicide Attempts,RaceEthnicity,NHOPI,142
2020-03,Suspected Suicide Attempts,RaceEthnicity,White,183
2020-03,Suspected Suicide Attempts,Sex,All,150
2020-03,Suspected Suicide Attempts,Sex,Female,160
2020-03,Suspected Suicide Attempts,Sex,Male,140
2020-03,Suspected Suicide Attempts,Total,All,150
2020-02,Suspected Suicide Attempts,Age,12-17 years,643
2020-02,Suspected Suicide Attempts,Age,18-34 years,236
2020-02,Suspected Suicide Attempts,Age,35-64 years,120
2020-02,Suspected Suicide Attempts,Age,65+ years,27
2020-02,Suspected Suicide Attempts,Age,All,141
2020-02,Suspected Suicide Attempts,RaceEthnicity,AI/AN,280
2020-02,Suspected Suicide Attempts,RaceEthnicity,All,141
2020-02,Suspected Suicide Attempts,RaceEthnicity,Asian,106
2020-02,Suspected Suicide Attempts,RaceEthnicity,Black,102
2020-02,Suspected Suicide Attempts,RaceEthnicity,Hispanic,144
2020-02,Suspected Suicide Attempts,RaceEthnicity,Multiple/Other,131
2020-02,Suspected Suicide Attempts,RaceEthnicity,NHOPI,161
2020-02,Suspected Suicide Attempts,RaceEthnicity,White,171
2020-02,Suspected Suicide Attempts,Sex,All,141
2020-02,Suspected Suicide Attempts,Sex,Female,152
2020-02,Suspected Suicide Attempts,Sex,Male,130
2020-02,Suspected Suicide Attempts,Total,All,141
2020-01,Suspected Suicide Attempts,Age,12-17 years,612
2020-01,Suspected Suicide Attempts,Age,18-34 years,221
2020-01,Suspected Suicide Attempts,Age,35-64 years,118
2020-01,Suspected Suicide Attempts,Age,65+ years,25
2020-01,Suspected Suicide Attempts,Age,All,134
2020-01,Suspected Suicide Attempts,RaceEthnicity,AI/AN,256
2020-01,Suspected Suicide Attempts,RaceEthnicity,All,134
2020-01,Suspected Suicide Attempts,RaceEthnicity,Asian,106
2020-01,Suspected Suicide Attempts,RaceEthnicity,Black,99
2020-01,Suspected Suicide Attempts,RaceEthnicity,Hispanic,134
2020-01,Suspected Suicide Attempts,RaceEthnicity,Multiple/Other,131
2020-01,Suspected Suicide Attempts,RaceEthnicity,NHOPI,158
2020-01,Suspected Suicide Attempts,RaceEthnicity,White,161
2020-01,Suspected Suicide Attempts,Sex,All,134
2020-01,Suspected Suicide Attempts,Sex,Female,142
2020-01,Suspected Suicide Attempts,Sex,Male,127
2020-01,Suspected Suicide Attempts,Total,All,134
2019-12,Suspected Suicide Attempts,Age,12-17 years,526
2019-12,Suspected Suicide Attempts,Age,18-34 years,215
2019-12,Suspected Suicide Attempts,Age,35-64 years,116
2019-12,Suspected Suicide Attempts,Age,65+ years,24
2019-12,Suspected Suicide Attempts,Age,All,123
2019-12,Suspected Suicide Attempts,RaceEthnicity,AI/AN,268
2019-12,Suspected Suicide Attempts,RaceEthnicity,All,123
2019-12,Suspected Suicide Attempts,RaceEthnicity,Asian,107
2019-12,Suspected Suicide Attempts,RaceEthnicity,Black,90
2019-12,Suspected Suicide Attempts,RaceEthnicity,Hispanic,136
2019-12,Suspected Suicide Attempts,RaceEthnicity,Multiple/Other,119
2019-12,Suspected Suicide Attempts,RaceEthnicity,NHOPI,128
2019-12,Suspected Suicide Attempts,RaceEthnicity,White,144
2019-12,Suspected Suicide Attempts,Sex,All,123
2019-12,Suspected Suicide Attempts,Sex,Female,129
2019-12,Suspected Suicide Attempts,Sex,Male,119
2019-12,Suspected Suicide Attempts,Total,All,123
2019-11,Suspected Suicide Attempts,Age,12-17 years,573
2019-11,Suspected Suicide Attempts,Age,18-34 years,230
2019-11,Suspected Suicide Attempts,Age,35-64 years,123
2019-11,Suspected Suicide Attempts,Age,65+ years,24
2019-11,Suspected Suicide Attempts,Age,All,134
2019-11,Suspected Suicide Attempts,RaceEthnicity,AI/AN,278
2019-11,Suspected Suicide Attempts,RaceEthnicity,All,134
2019-11,Suspected Suicide Attempts,RaceEthnicity,Asian,118
2019-11,Suspected Suicide Attempts,RaceEthnicity,Black,95
2019-11,Suspected Suicide Attempts,RaceEthnicity,Hispanic,136
2019-11,Suspected Suicide Attempts,RaceEthnicity,Multiple/Other,127
2019-11,Suspected Suicide Attempts,RaceEthnicity,NHOPI,158
2019-11,Suspected Suicide Attempts,RaceEthnicity,White,161
2019-11,Suspected Suicide Attempts,Sex,All,134
2019-11,Suspected Suicide Attempts,Sex,Female,142
2019-11,Suspected Suicide Attempts,Sex,Male,128
2019-11,Suspected Suicide Attempts,Total,All,134
2019-10,Suspected Suicide Attempts,Age,12-17 years,564
2019-10,Suspected Suicide Attempts,Age,18-34 years,225
2019-10,Suspected Suicide Attempts,Age,35-64 years,120
2019-10,Suspected Suicide Attempts,Age,65+ years,26
2019-10,Suspected Suicide Attempts,Age,All,137
2019-10,Suspected Suicide Attempts,RaceEthnicity,AI/AN,302
2019-10,Suspected Suicide Attempts,RaceEthnicity,All,137
2019-10,Suspected Suicide Attempts,RaceEthnicity,Asian,122
2019-10,Suspected Suicide Attempts,RaceEthnicity,Black,106
2019-10,Suspected Suicide Attempts,RaceEthnicity,Hispanic,143
2019-10,Suspected Suicide Attempts,RaceEthnicity,Multiple/Other,126
2019-10,Suspected Suicide Attempts,RaceEthnicity,NHOPI,171
2019-10,Suspected Suicide Attempts,RaceEthnicity,White,162
2019-10,Suspected Suicide Attempts,Sex,All,137
2019-10,Suspected Suicide Attempts,Sex,Female,149
2019-10,Suspected Suicide Attempts,Sex,Male,127
2019-10,Suspected Suicide Attempts,Total,All,137
2019-09,Suspected Suicide Attempts,Age,12-17 years,479
2019-09,Suspected Suicide Attempts,Age,18-34 years,221
2019-09,Suspected Suicide Attempts,Age,35-64 years,123
2019-09,Suspected Suicide Attempts,Age,65+ years,27
2019-09,Suspected Suicide Attempts,Age,All,134
2019-09,Suspected Suicide Attempts,RaceEthnicity,AI/AN,328
2019-09,Suspected Suicide Attempts,RaceEthnicity,All,134
2019-09,Suspected Suicide Attempts,RaceEthnicity,Asian,103
2019-09,Suspected Suicide Attempts,RaceEthnicity,Black,102
2019-09,Suspected Suicide Attempts,RaceEthnicity,Hispanic,141
2019-09,Suspected Suicide Attempts,RaceEthnicity,Multiple/Other,129
2019-09,Suspected Suicide Attempts,RaceEthnicity,NHOPI,184
2019-09,Suspected Suicide Attempts,RaceEthnicity,White,161
2019-09,Suspected Suicide Attempts,Sex,All,134
2019-09,Suspected Suicide Attempts,Sex,Female,143
2019-09,Suspected Suicide Attempts,Sex,Male,128
2019-09,Suspected Suicide Attempts,Total,All,134
2019-08,Suspected Suicide Attempts,Age,12-17 years,444
2019-08,Suspected Suicide Attempts,Age,18-34 years,222
2019-08,Suspected Suicide Attempts,Age,35-64 years,125
2019-08,Suspected Suicide Attempts,Age,65+ years,28
2019-08,Suspected Suicide Attempts,Age,All,132
2019-08,Suspected Suicide Attempts,RaceEthnicity,AI/AN,308
2019-08,Suspected Suicide Attempts,RaceEthnicity,All,132
2019-08,Suspected Suicide Attempts,RaceEthnicity,Asian,93
2019-08,Suspected Suicide Attempts,RaceEthnicity,Black,105
2019-08,Suspected Suicide Attempts,RaceEthnicity,Hispanic,133
2019-08,Suspected Suicide Attempts,RaceEthnicity,Multiple/Other,134
2019-08,Suspected Suicide Attempts,RaceEthnicity,NHOPI,90
2019-08,Suspected Suicide Attempts,RaceEthnicity,White,155
2019-08,Suspected Suicide Attempts,Sex,All,132
2019-08,Suspected Suicide Attempts,Sex,Female,136
2019-08,Suspected Suicide Attempts,Sex,Male,131
2019-08,Suspected Suicide Attempts,Total,All,132
2019-07,Suspected Suicide Attempts,Age,12-17 years,477
2019-07,Suspected Suicide Attempts,Age,18-34 years,211
2019-07,Suspected Suicide Attempts,Age,35-64 years,121
2019-07,Suspected Suicide Attempts,Age,65+ years,26
2019-07,Suspected Suicide Attempts,Age,All,127
2019-07,Suspected Suicide Attempts,RaceEthnicity,AI/AN,294
2019-07,Suspected Suicide Attempts,RaceEthnicity,All,127
2019-07,Suspected Suicide Attempts,RaceEthnicity,Asian,120
2019-07,Suspected Suicide Attempts,RaceEthnicity,Black,100
2019-07,Suspected Suicide Attempts,RaceEthnicity,Hispanic,127
2019-07,Suspected Suicide Attempts,RaceEthnicity,Multiple/Other,127
2019-07,Suspected Suicide Attempts,RaceEthnicity,NHOPI,135
2019-07,Suspected Suicide Attempts,RaceEthnicity,White,152
2019-07,Suspected Suicide Attempts,Sex,All,127
2019-07,Suspected Suicide Attempts,Sex,Female,135
2019-07,Suspected Suicide Attempts,Sex,Male,122
2019-07,Suspected Suicide Attempts,Total,All,127
2019-06,Suspected Suicide Attempts,Age,12-17 years,501
2019-06,Suspected Suicide Attempts,Age,18-34 years,217
2019-06,Suspected Suicide Attempts,Age,35-64 years,122
2019-06,Suspected Suicide Attempts,Age,65+ years,24
2019-06,Suspected Suicide Attempts,Age,All,128
2019-06,Suspected Suicide Attempts,RaceEthnicity,AI/AN,317
2019-06,Suspected Suicide Attempts,RaceEthnicity,All,128
2019-06,Suspected Suicide Attempts,RaceEthnicity,Asian,127
2019-06,Suspected Suicide Attempts,RaceEthnicity,Black,101
2019-06,Suspected Suicide Attempts,RaceEthnicity,Hispanic,134
2019-06,Suspected Suicide Attempts,RaceEthnicity,Multiple/Other,126
2019-06,Suspected Suicide Attempts,RaceEthnicity,NHOPI,188
2019-06,Suspected Suicide Attempts,RaceEthnicity,White,152
2019-06,Suspected Suicide Attempts,Sex,All,128
2019-06,Suspected Suicide Attempts,Sex,Female,135
2019-06,Suspected Suicide Attempts,Sex,Male,125
2019-06,Suspected Suicide Attempts,Total,All,128
2019-05,Suspected Suicide Attempts,Age,12-17 years,544
2019-05,Suspected Suicide Attempts,Age,18-34 years,207
2019-05,Suspected Suicide Attempts,Age,35-64 years,118
2019-05,Suspected Suicide Attempts,Age,65+ years,26
2019-05,Suspected Suicide Attempts,Age,All,129
2019-05,Suspected Suicide Attempts,RaceEthnicity,AI/AN,322
2019-05,Suspected Suicide Attempts,RaceEthnicity,All,129
2019-05,Suspected Suicide Attempts,RaceEthnicity,Asian,108
2019-05,Suspected Suicide Attempts,RaceEthnicity,Black,103
2019-05,Suspected Suicide Attempts,RaceEthnicity,Hispanic,130
2019-05,Suspected Suicide Attempts,RaceEthnicity,Multiple/Other,128
2019-05,Suspected Suicide Attempts,RaceEthnicity,NHOPI,119
2019-05,Suspected Suicide Attempts,RaceEthnicity,White,155
2019-05,Suspected Suicide Attempts,Sex,All,129
2019-05,Suspected Suicide Attempts,Sex,Female,138
2019-05,Suspected Suicide Attempts,Sex,Male,121
2019-05,Suspected Suicide Attempts,Total,All,129
2019-04,Suspected Suicide Attempts,Age,12-17 years,552
2019-04,Suspected Suicide Attempts,Age,18-34 years,209
2019-04,Suspected Suicide Attempts,Age,35-64 years,115
2019-04,Suspected Suicide Attempts,Age,65+ years,24
2019-04,Suspected Suicide Attempts,Age,All,128
2019-04,Suspected Suicide Attempts,RaceEthnicity,AI/AN,272
2019-04,Suspected Suicide Attempts,RaceEthnicity,All,128
2019-04,Suspected Suicide Attempts,RaceEthnicity,Asian,110
2019-04,Suspected Suicide Attempts,RaceEthnicity,Black,99
2019-04,Suspected Suicide Attempts,RaceEthnicity,Hispanic,136
2019-04,Suspected Suicide Attempts,RaceEthnicity,Multiple/Other,126
2019-04,Suspected Suicide Attempts,RaceEthnicity,NHOPI,101
2019-04,Suspected Suicide Attempts,RaceEthnicity,White,154
2019-04,Suspected Suicide Attempts,Sex,All,128
2019-04,Suspected Suicide Attempts,Sex,Female,139
2019-04,Suspected Suicide Attempts,Sex,Male,116
2019-04,Suspected Suicide Attempts,Total,All,128
2019-03,Suspected Suicide Attempts,Age,12-17 years,533
2019-03,Suspected Suicide Attempts,Age,18-34 years,198
2019-03,Suspected Suicide Attempts,Age,35-64 years,113
2019-03,Suspected Suicide Attempts,Age,65+ years,22
2019-03,Suspected Suicide Attempts,Age,All,122
2019-03,Suspected Suicide Attempts,RaceEthnicity,AI/AN,295
2019-03,Suspected Suicide Attempts,RaceEthnicity,All,122
2019-03,Suspected Suicide Attempts,RaceEthnicity,Asian,103
2019-03,Suspected Suicide Attempts,RaceEthnicity,Black,92
2019-03,Suspected Suicide Attempts,RaceEthnicity,Hispanic,125
2019-03,Suspected Suicide Attempts,RaceEthnicity,Multiple/Other,115
2019-03,Suspected Suicide Attempts,RaceEthnicity,NHOPI,108
2019-03,Suspected Suicide Attempts,RaceEthnicity,White,149
2019-03,Suspected Suicide Attempts,Sex,All,122
2019-03,Suspected Suicide Attempts,Sex,Female,129
2019-03,Suspected Suicide Attempts,Sex,Male,115
2019-03,Suspected Suicide Attempts,Total,All,122
2019-02,Suspected Suicide Attempts,Age,12-17 years,561
2019-02,Suspected Suicide Attempts,Age,18-34 years,213
2019-02,Suspected Suicide Attempts,Age,35-64 years,110
2019-02,Suspected Suicide Attempts,Age,65+ years,24
2019-02,Suspected Suicide Attempts,Age,All,127
2019-02,Suspected Suicide Attempts,RaceEthnicity,AI/AN,276
2019-02,Suspected Suicide Attempts,RaceEthnicity,All,127
2019-02,Suspected Suicide Attempts,RaceEthnicity,Asian,120
2019-02,Suspected Suicide Attempts,RaceEthnicity,Black,94
2019-02,Suspected Suicide Attempts,RaceEthnicity,Hispanic,130
2019-02,Suspected Suicide Attempts,RaceEthnicity,Multiple/Other,123
2019-02,Suspected Suicide Attempts,RaceEthnicity,NHOPI,71
2019-02,Suspected Suicide Attempts,RaceEthnicity,White,157
2019-02,Suspected Suicide Attempts,Sex,All,127
2019-02,Suspected Suicide Attempts,Sex,Female,135
2019-02,Suspected Suicide Attempts,Sex,Male,117
2019-02,Suspected Suicide Attempts,Total,All,127
2019-01,Suspected Suicide Attempts,Age,12-17 years,547
2019-01,Suspected Suicide Attempts,Age,18-34 years,199
2019-01,Suspected Suicide Attempts,Age,35-64 years,107
2019-01,Suspected Suicide Attempts,Age,65+ years,23
2019-01,Suspected Suicide Attempts,Age,All,121
2019-01,Suspected Suicide Attempts,RaceEthnicity,AI/AN,296
2019-01,Suspected Suicide Attempts,RaceEthnicity,All,121
2019-01,Suspected Suicide Attempts,RaceEthnicity,Asian,111
2019-01,Suspected Suicide Attempts,RaceEthnicity,Black,92
2019-01,Suspected Suicide Attempts,RaceEthnicity,Hispanic,130
2019-01,Suspected Suicide Attempts,RaceEthnicity,Multiple/Other,114
2019-01,Suspected Suicide Attempts,RaceEthnicity,NHOPI,131
2019-01,Suspected Suicide Attempts,RaceEthnicity,White,151
2019-01,Suspected Suicide Attempts,Sex,All,121
2019-01,Suspected Suicide Attempts,Sex,Female,127
2019-01,Suspected Suicide Attempts,Sex,Male,114
2019-01,Suspected Suicide Attempts,Total,All,121
2026-05,Trauma and Stressor-related Disorders,Age,12-17 years,1042
2026-05,Trauma and Stressor-related Disorders,Age,18-34 years,506
2026-05,Trauma and Stressor-related Disorders,Age,35-64 years,519
2026-05,Trauma and Stressor-related Disorders,Age,65+ years,267
2026-05,Trauma and Stressor-related Disorders,Age,All,429
2026-05,Trauma and Stressor-related Disorders,RaceEthnicity,AI/AN,592
2026-05,Trauma and Stressor-related Disorders,RaceEthnicity,All,429
2026-05,Trauma and Stressor-related Disorders,RaceEthnicity,Asian,326
2026-05,Trauma and Stressor-related Disorders,RaceEthnicity,Black,383
2026-05,Trauma and Stressor-related Disorders,RaceEthnicity,Hispanic,343
2026-05,Trauma and Stressor-related Disorders,RaceEthnicity,Multiple/Other,470
2026-05,Trauma and Stressor-related Disorders,RaceEthnicity,NHOPI,372
2026-05,Trauma and Stressor-related Disorders,RaceEthnicity,White,478
2026-05,Trauma and Stressor-related Disorders,Sex,All,429
2026-05,Trauma and Stressor-related Disorders,Sex,Female,453
2026-05,Trauma and Stressor-related Disorders,Sex,Male,399
2026-05,Trauma and Stressor-related Disorders,Total,All,429
2026-04,Trauma and Stressor-related Disorders,Age,12-17 years,1003
2026-04,Trauma and Stressor-related Disorders,Age,18-34 years,507
2026-04,Trauma and Stressor-related Disorders,Age,35-64 years,533
2026-04,Trauma and Stressor-related Disorders,Age,65+ years,276
2026-04,Trauma and Stressor-related Disorders,Age,All,437
2026-04,Trauma and Stressor-related Disorders,RaceEthnicity,AI/AN,625
2026-04,Trauma and Stressor-related Disorders,RaceEthnicity,All,437
2026-04,Trauma and Stressor-related Disorders,RaceEthnicity,Asian,337
2026-04,Trauma and Stressor-related Disorders,RaceEthnicity,Black,382
2026-04,Trauma and Stressor-related Disorders,RaceEthnicity,Hispanic,342
2026-04,Trauma and Stressor-related Disorders,RaceEthnicity,Multiple/Other,444
2026-04,Trauma and Stressor-related Disorders,RaceEthnicity,NHOPI,406
2026-04,Trauma and Stressor-related Disorders,RaceEthnicity,White,493
2026-04,Trauma and Stressor-related Disorders,Sex,All,437
2026-04,Trauma and Stressor-related Disorders,Sex,Female,461
2026-04,Trauma and Stressor-related Disorders,Sex,Male,406
2026-04,Trauma and Stressor-related Disorders,Total,All,437
2026-03,Trauma and Stressor-related Disorders,Age,12-17 years,990
2026-03,Trauma and Stressor-related Disorders,Age,18-34 years,508
2026-03,Trauma and Stressor-related Disorders,Age,35-64 years,531
2026-03,Trauma and Stressor-related Disorders,Age,65+ years,266
2026-03,Trauma and Stressor-related Disorders,Age,All,429
2026-03,Trauma and Stressor-related Disorders,RaceEthnicity,AI/AN,574
2026-03,Trauma and Stressor-related Disorders,RaceEthnicity,All,429
2026-03,Trauma and Stressor-related Disorders,RaceEthnicity,Asian,328
2026-03,Trauma and Stressor-related Disorders,RaceEthnicity,Black,377
2026-03,Trauma and Stressor-related Disorders,RaceEthnicity,Hispanic,341
2026-03,Trauma and Stressor-related Disorders,RaceEthnicity,Multiple/Other,452
2026-03,Trauma and Stressor-related Disorders,RaceEthnicity,NHOPI,380
2026-03,Trauma and Stressor-related Disorders,RaceEthnicity,White,482
2026-03,Trauma and Stressor-related Disorders,Sex,All,429
2026-03,Trauma and Stressor-related Disorders,Sex,Female,448
2026-03,Trauma and Stressor-related Disorders,Sex,Male,404
2026-03,Trauma and Stressor-related Disorders,Total,All,429
2026-02,Trauma and Stressor-related Disorders,Age,12-17 years,926
2026-02,Trauma and Stressor-related Disorders,Age,18-34 years,499
2026-02,Trauma and Stressor-related Disorders,Age,35-64 years,522
2026-02,Trauma and Stressor-related Disorders,Age,65+ years,274
2026-02,Trauma and Stressor-related Disorders,Age,All,422
2026-02,Trauma and Stressor-related Disorders,RaceEthnicity,AI/AN,620
2026-02,Trauma and Stressor-related Disorders,RaceEthnicity,All,422
2026-02,Trauma and Stressor-related Disorders,RaceEthnicity,Asian,319
2026-02,Trauma and Stressor-related Disorders,RaceEthnicity,Black,374
2026-02,Trauma and Stressor-related Disorders,RaceEthnicity,Hispanic,324
2026-02,Trauma and Stressor-related Disorders,RaceEthnicity,Multiple/Other,434
2026-02,Trauma and Stressor-related Disorders,RaceEthnicity,NHOPI,353
2026-02,Trauma and Stressor-related Disorders,RaceEthnicity,White,476
2026-02,Trauma and Stressor-related Disorders,Sex,All,422
2026-02,Trauma and Stressor-related Disorders,Sex,Female,439
2026-02,Trauma and Stressor-related Disorders,Sex,Male,399
2026-02,Trauma and Stressor-related Disorders,Total,All,422
2026-01,Trauma and Stressor-related Disorders,Age,12-17 years,927
2026-01,Trauma and Stressor-related Disorders,Age,18-34 years,471
2026-01,Trauma and Stressor-related Disorders,Age,35-64 years,510
2026-01,Trauma and Stressor-related Disorders,Age,65+ years,265
2026-01,Trauma and Stressor-related Disorders,Age,All,409
2026-01,Trauma and Stressor-related Disorders,RaceEthnicity,AI/AN,592
2026-01,Trauma and Stressor-related Disorders,RaceEthnicity,All,409
2026-01,Trauma and Stressor-related Disorders,RaceEthnicity,Asian,308
2026-01,Trauma and Stressor-related Disorders,RaceEthnicity,Black,363
2026-01,Trauma and Stressor-related Disorders,RaceEthnicity,Hispanic,320
2026-01,Trauma and Stressor-related Disorders,RaceEthnicity,Multiple/Other,426
2026-01,Trauma and Stressor-related Disorders,RaceEthnicity,NHOPI,390
2026-01,Trauma and Stressor-related Disorders,RaceEthnicity,White,459
2026-01,Trauma and Stressor-related Disorders,Sex,All,409
2026-01,Trauma and Stressor-related Disorders,Sex,Female,421
2026-01,Trauma and Stressor-related Disorders,Sex,Male,392
2026-01,Trauma and Stressor-related Disorders,Total,All,409
2025-12,Trauma and Stressor-related Disorders,Age,12-17 years,788
2025-12,Trauma and Stressor-related Disorders,Age,18-34 years,443
2025-12,Trauma and Stressor-related Disorders,Age,35-64 years,490
2025-12,Trauma and Stressor-related Disorders,Age,65+ years,251
2025-12,Trauma and Stressor-related Disorders,Age,All,379
2025-12,Trauma and Stressor-related Disorders,RaceEthnicity,AI/AN,550
2025-12,Trauma and Stressor-related Disorders,RaceEthnicity,All,379
2025-12,Trauma and Stressor-related Disorders,RaceEthnicity,Asian,287
2025-12,Trauma and Stressor-related Disorders,RaceEthnicity,Black,331
2025-12,Trauma and Stressor-related Disorders,RaceEthnicity,Hispanic,298
2025-12,Trauma and Stressor-related Disorders,RaceEthnicity,Multiple/Other,387
2025-12,Trauma and Stressor-related Disorders,RaceEthnicity,NHOPI,301
2025-12,Trauma and Stressor-related Disorders,RaceEthnicity,White,427
2025-12,Trauma and Stressor-related Disorders,Sex,All,379
2025-12,Trauma and Stressor-related Disorders,Sex,Female,391
2025-12,Trauma and Stressor-related Disorders,Sex,Male,361
2025-12,Trauma and Stressor-related Disorders,Total,All,379
2025-11,Trauma and Stressor-related Disorders,Age,12-17 years,962
2025-11,Trauma and Stressor-related Disorders,Age,18-34 years,501
2025-11,Trauma and Stressor-related Disorders,Age,35-64 years,529
2025-11,Trauma and Stressor-related Disorders,Age,65+ years,266
2025-11,Trauma and Stressor-related Disorders,Age,All,425
2025-11,Trauma and Stressor-related Disorders,RaceEthnicity,AI/AN,585
2025-11,Trauma and Stressor-related Disorders,RaceEthnicity,All,425
2025-11,Trauma and Stressor-related Disorders,RaceEthnicity,Asian,336
2025-11,Trauma and Stressor-related Disorders,RaceEthnicity,Black,373
2025-11,Trauma and Stressor-related Disorders,RaceEthnicity,Hispanic,341
2025-11,Trauma and Stressor-related Disorders,RaceEthnicity,Multiple/Other,452
2025-11,Trauma and Stressor-related Disorders,RaceEthnicity,NHOPI,391
2025-11,Trauma and Stressor-related Disorders,RaceEthnicity,White,475
2025-11,Trauma and Stressor-related Disorders,Sex,All,425
2025-11,Trauma and Stressor-related Disorders,Sex,Female,440
2025-11,Trauma and Stressor-related Disorders,Sex,Male,406
2025-11,Trauma and Stressor-related Disorders,Total,All,425
2025-10,Trauma and Stressor-related Disorders,Age,12-17 years,982
2025-10,Trauma and Stressor-related Disorders,Age,18-34 years,506
2025-10,Trauma and Stressor-related Disorders,Age,35-64 years,525
2025-10,Trauma and Stressor-related Disorders,Age,65+ years,258
2025-10,Trauma and Stressor-related Disorders,Age,All,431
2025-10,Trauma and Stressor-related Disorders,RaceEthnicity,AI/AN,608
2025-10,Trauma and Stressor-related Disorders,RaceEthnicity,All,431
2025-10,Trauma and Stressor-related Disorders,RaceEthnicity,Asian,318
2025-10,Trauma and Stressor-related Disorders,RaceEthnicity,Black,381
2025-10,Trauma and Stressor-related Disorders,RaceEthnicity,Hispanic,351
2025-10,Trauma and Stressor-related Disorders,RaceEthnicity,Multiple/Other,459
2025-10,Trauma and Stressor-related Disorders,RaceEthnicity,NHOPI,396
2025-10,Trauma and Stressor-related Disorders,RaceEthnicity,White,477
2025-10,Trauma and Stressor-related Disorders,Sex,All,431
2025-10,Trauma and Stressor-related Disorders,Sex,Female,453
2025-10,Trauma and Stressor-related Disorders,Sex,Male,402
2025-10,Trauma and Stressor-related Disorders,Total,All,431
2025-09,Trauma and Stressor-related Disorders,Age,12-17 years,882
2025-09,Trauma and Stressor-related Disorders,Age,18-34 years,502
2025-09,Trauma and Stressor-related Disorders,Age,35-64 years,511
2025-09,Trauma and Stressor-related Disorders,Age,65+ years,255
2025-09,Trauma and Stressor-related Disorders,Age,All,421
2025-09,Trauma and Stressor-related Disorders,RaceEthnicity,AI/AN,583
2025-09,Trauma and Stressor-related Disorders,RaceEthnicity,All,421
2025-09,Trauma and Stressor-related Disorders,RaceEthnicity,Asian,315
2025-09,Trauma and Stressor-related Disorders,RaceEthnicity,Black,362
2025-09,Trauma and Stressor-related Disorders,RaceEthnicity,Hispanic,340
2025-09,Trauma and Stressor-related Disorders,RaceEthnicity,Multiple/Other,453
2025-09,Trauma and Stressor-related Disorders,RaceEthnicity,NHOPI,424
2025-09,Trauma and Stressor-related Disorders,RaceEthnicity,White,470
2025-09,Trauma and Stressor-related Disorders,Sex,All,421
2025-09,Trauma and Stressor-related Disorders,Sex,Female,442
2025-09,Trauma and Stressor-related Disorders,Sex,Male,392
2025-09,Trauma and Stressor-related Disorders,Total,All,421
2025-08,Trauma and Stressor-related Disorders,Age,12-17 years,798
2025-08,Trauma and Stressor-related Disorders,Age,18-34 years,491
2025-08,Trauma and Stressor-related Disorders,Age,35-64 years,507
2025-08,Trauma and Stressor-related Disorders,Age,65+ years,255
2025-08,Trauma and Stressor-related Disorders,Age,All,409
2025-08,Trauma and Stressor-related Disorders,RaceEthnicity,AI/AN,574
2025-08,Trauma and Stressor-related Disorders,RaceEthnicity,All,409
2025-08,Trauma and Stressor-related Disorders,RaceEthnicity,Asian,310
2025-08,Trauma and Stressor-related Disorders,RaceEthnicity,Black,358
2025-08,Trauma and Stressor-related Disorders,RaceEthnicity,Hispanic,320
2025-08,Trauma and Stressor-related Disorders,RaceEthnicity,Multiple/Other,418
2025-08,Trauma and Stressor-related Disorders,RaceEthnicity,NHOPI,340
2025-08,Trauma and Stressor-related Disorders,RaceEthnicity,White,462
2025-08,Trauma and Stressor-related Disorders,Sex,All,409
2025-08,Trauma and Stressor-related Disorders,Sex,Female,429
2025-08,Trauma and Stressor-related Disorders,Sex,Male,385
2025-08,Trauma and Stressor-related Disorders,Total,All,409
2025-07,Trauma and Stressor-related Disorders,Age,12-17 years,909
2025-07,Trauma and Stressor-related Disorders,Age,18-34 years,505
2025-07,Trauma and Stressor-related Disorders,Age,35-64 years,511
2025-07,Trauma and Stressor-related Disorders,Age,65+ years,250
2025-07,Trauma and Stressor-related Disorders,Age,All,417
2025-07,Trauma and Stressor-related Disorders,RaceEthnicity,AI/AN,663
2025-07,Trauma and Stressor-related Disorders,RaceEthnicity,All,417
2025-07,Trauma and Stressor-related Disorders,RaceEthnicity,Asian,300
2025-07,Trauma and Stressor-related Disorders,RaceEthnicity,Black,364
2025-07,Trauma and Stressor-related Disorders,RaceEthnicity,Hispanic,331
2025-07,Trauma and Stressor-related Disorders,RaceEthnicity,Multiple/Other,432
2025-07,Trauma and Stressor-related Disorders,RaceEthnicity,NHOPI,412
2025-07,Trauma and Stressor-related Disorders,RaceEthnicity,White,463
2025-07,Trauma and Stressor-related Disorders,Sex,All,417
2025-07,Trauma and Stressor-related Disorders,Sex,Female,438
2025-07,Trauma and Stressor-related Disorders,Sex,Male,390
2025-07,Trauma and Stressor-related Disorders,Total,All,417
2025-06,Trauma and Stressor-related Disorders,Age,12-17 years,945
2025-06,Trauma and Stressor-related Disorders,Age,18-34 years,505
2025-06,Trauma and Stressor-related Disorders,Age,35-64 years,504
2025-06,Trauma and Stressor-related Disorders,Age,65+ years,248
2025-06,Trauma and Stressor-related Disorders,Age,All,413
2025-06,Trauma and Stressor-related Disorders,RaceEthnicity,AI/AN,579
2025-06,Trauma and Stressor-related Disorders,RaceEthnicity,All,413
2025-06,Trauma and Stressor-related Disorders,RaceEthnicity,Asian,313
2025-06,Trauma and Stressor-related Disorders,RaceEthnicity,Black,362
2025-06,Trauma and Stressor-related Disorders,RaceEthnicity,Hispanic,334
2025-06,Trauma and Stressor-related Disorders,RaceEthnicity,Multiple/Other,425
2025-06,Trauma and Stressor-related Disorders,RaceEthnicity,NHOPI,395
2025-06,Trauma and Stressor-related Disorders,RaceEthnicity,White,459
2025-06,Trauma and Stressor-related Disorders,Sex,All,413
2025-06,Trauma and Stressor-related Disorders,Sex,Female,435
2025-06,Trauma and Stressor-related Disorders,Sex,Male,385
2025-06,Trauma and Stressor-related Disorders,Total,All,413
2025-05,Trauma and Stressor-related Disorders,Age,12-17 years,1000
2025-05,Trauma and Stressor-related Disorders,Age,18-34 years,511
2025-05,Trauma and Stressor-related Disorders,Age,35-64 years,507
2025-05,Trauma and Stressor-related Disorders,Age,65+ years,252
2025-05,Trauma and Stressor-related Disorders,Age,All,421
2025-05,Trauma and Stressor-related Disorders,RaceEthnicity,AI/AN,632
2025-05,Trauma and Stressor-related Disorders,RaceEthnicity,All,421
2025-05,Trauma and Stressor-related Disorders,RaceEthnicity,Asian,332
2025-05,Trauma and Stressor-related Disorders,RaceEthnicity,Black,370
2025-05,Trauma and Stressor-related Disorders,RaceEthnicity,Hispanic,342
2025-05,Trauma and Stressor-related Disorders,RaceEthnicity,Multiple/Other,475
2025-05,Trauma and Stressor-related Disorders,RaceEthnicity,NHOPI,416
2025-05,Trauma and Stressor-related Disorders,RaceEthnicity,White,467
2025-05,Trauma and Stressor-related Disorders,Sex,All,421
2025-05,Trauma and Stressor-related Disorders,Sex,Female,438
2025-05,Trauma and Stressor-related Disorders,Sex,Male,400
2025-05,Trauma and Stressor-related Disorders,Total,All,421
2025-04,Trauma and Stressor-related Disorders,Age,12-17 years,943
2025-04,Trauma and Stressor-related Disorders,Age,18-34 years,508
2025-04,Trauma and Stressor-related Disorders,Age,35-64 years,507
2025-04,Trauma and Stressor-related Disorders,Age,65+ years,254
2025-04,Trauma and Stressor-related Disorders,Age,All,418
2025-04,Trauma and Stressor-related Disorders,RaceEthnicity,AI/AN,588
2025-04,Trauma and Stressor-related Disorders,RaceEthnicity,All,418
2025-04,Trauma and Stressor-related Disorders,RaceEthnicity,Asian,352
2025-04,Trauma and Stressor-related Disorders,RaceEthnicity,Black,360
2025-04,Trauma and Stressor-related Disorders,RaceEthnicity,Hispanic,333
2025-04,Trauma and Stressor-related Disorders,RaceEthnicity,Multiple/Other,460
2025-04,Trauma and Stressor-related Disorders,RaceEthnicity,NHOPI,341
2025-04,Trauma and Stressor-related Disorders,RaceEthnicity,White,470
2025-04,Trauma and Stressor-related Disorders,Sex,All,418
2025-04,Trauma and Stressor-related Disorders,Sex,Female,440
2025-04,Trauma and Stressor-related Disorders,Sex,Male,391
2025-04,Trauma and Stressor-related Disorders,Total,All,418
2025-03,Trauma and Stressor-related Disorders,Age,12-17 years,970
2025-03,Trauma and Stressor-related Disorders,Age,18-34 years,495
2025-03,Trauma and Stressor-related Disorders,Age,35-64 years,499
2025-03,Trauma and Stressor-related Disorders,Age,65+ years,250
2025-03,Trauma and Stressor-related Disorders,Age,All,411
2025-03,Trauma and Stressor-related Disorders,RaceEthnicity,AI/AN,551
2025-03,Trauma and Stressor-related Disorders,RaceEthnicity,All,411
2025-03,Trauma and Stressor-related Disorders,RaceEthnicity,Asian,316
2025-03,Trauma and Stressor-related Disorders,RaceEthnicity,Black,353
2025-03,Trauma and Stressor-related Disorders,RaceEthnicity,Hispanic,327
2025-03,Trauma and Stressor-related Disorders,RaceEthnicity,Multiple/Other,475
2025-03,Trauma and Stressor-related Disorders,RaceEthnicity,NHOPI,348
2025-03,Trauma and Stressor-related Disorders,RaceEthnicity,White,462
2025-03,Trauma and Stressor-related Disorders,Sex,All,411
2025-03,Trauma and Stressor-related Disorders,Sex,Female,431
2025-03,Trauma and Stressor-related Disorders,Sex,Male,385
2025-03,Trauma and Stressor-related Disorders,Total,All,411
2025-02,Trauma and Stressor-related Disorders,Age,12-17 years,780
2025-02,Trauma and Stressor-related Disorders,Age,18-34 years,455
2025-02,Trauma and Stressor-related Disorders,Age,35-64 years,470
2025-02,Trauma and Stressor-related Disorders,Age,65+ years,234
2025-02,Trauma and Stressor-related Disorders,Age,All,380
2025-02,Trauma and Stressor-related Disorders,RaceEthnicity,AI/AN,560
2025-02,Trauma and Stressor-related Disorders,RaceEthnicity,All,380
2025-02,Trauma and Stressor-related Disorders,RaceEthnicity,Asian,289
2025-02,Trauma and Stressor-related Disorders,RaceEthnicity,Black,323
2025-02,Trauma and Stressor-related Disorders,RaceEthnicity,Hispanic,296
2025-02,Trauma and Stressor-related Disorders,RaceEthnicity,Multiple/Other,438
2025-02,Trauma and Stressor-related Disorders,RaceEthnicity,NHOPI,317
2025-02,Trauma and Stressor-related Disorders,RaceEthnicity,White,428
2025-02,Trauma and Stressor-related Disorders,Sex,All,380
2025-02,Trauma and Stressor-related Disorders,Sex,Female,391
2025-02,Trauma and Stressor-related Disorders,Sex,Male,365
2025-02,Trauma and Stressor-related Disorders,Total,All,380
2025-01,Trauma and Stressor-related Disorders,Age,12-17 years,792
2025-01,Trauma and Stressor-related Disorders,Age,18-34 years,449
2025-01,Trauma and Stressor-related Disorders,Age,35-64 years,467
2025-01,Trauma and Stressor-related Disorders,Age,65+ years,237
2025-01,Trauma and Stressor-related Disorders,Age,All,372
2025-01,Trauma and Stressor-related Disorders,RaceEthnicity,AI/AN,563
2025-01,Trauma and Stressor-related Disorders,RaceEthnicity,All,372
2025-01,Trauma and Stressor-related Disorders,RaceEthnicity,Asian,263
2025-01,Trauma and Stressor-related Disorders,RaceEthnicity,Black,307
2025-01,Trauma and Stressor-related Disorders,RaceEthnicity,Hispanic,293
2025-01,Trauma and Stressor-related Disorders,RaceEthnicity,Multiple/Other,416
2025-01,Trauma and Stressor-related Disorders,RaceEthnicity,NHOPI,303
2025-01,Trauma and Stressor-related Disorders,RaceEthnicity,White,425
2025-01,Trauma and Stressor-related Disorders,Sex,All,372
2025-01,Trauma and Stressor-related Disorders,Sex,Female,380
2025-01,Trauma and Stressor-related Disorders,Sex,Male,360
2025-01,Trauma and Stressor-related Disorders,Total,All,372
2024-12,Trauma and Stressor-related Disorders,Age,12-17 years,740
2024-12,Trauma and Stressor-related Disorders,Age,18-34 years,445
2024-12,Trauma and Stressor-related Disorders,Age,35-64 years,460
2024-12,Trauma and Stressor-related Disorders,Age,65+ years,233
2024-12,Trauma and Stressor-related Disorders,Age,All,358
2024-12,Trauma and Stressor-related Disorders,RaceEthnicity,AI/AN,548
2024-12,Trauma and Stressor-related Disorders,RaceEthnicity,All,358
2024-12,Trauma and Stressor-related Disorders,RaceEthnicity,Asian,269
2024-12,Trauma and Stressor-related Disorders,RaceEthnicity,Black,317
2024-12,Trauma and Stressor-related Disorders,RaceEthnicity,Hispanic,281
2024-12,Trauma and Stressor-related Disorders,RaceEthnicity,Multiple/Other,400
2024-12,Trauma and Stressor-related Disorders,RaceEthnicity,NHOPI,297
2024-12,Trauma and Stressor-related Disorders,RaceEthnicity,White,403
2024-12,Trauma and Stressor-related Disorders,Sex,All,358
2024-12,Trauma and Stressor-related Disorders,Sex,Female,370
2024-12,Trauma and Stressor-related Disorders,Sex,Male,342
2024-12,Trauma and Stressor-related Disorders,Total,All,358
2024-11,Trauma and Stressor-related Disorders,Age,12-17 years,821
2024-11,Trauma and Stressor-related Disorders,Age,18-34 years,506
2024-11,Trauma and Stressor-related Disorders,Age,35-64 years,520
2024-11,Trauma and Stressor-related Disorders,Age,65+ years,242
2024-11,Trauma and Stressor-related Disorders,Age,All,407
2024-11,Trauma and Stressor-related Disorders,RaceEthnicity,AI/AN,660
2024-11,Trauma and Stressor-related Disorders,RaceEthnicity,All,407
2024-11,Trauma and Stressor-related Disorders,RaceEthnicity,Asian,329
2024-11,Trauma and Stressor-related Disorders,RaceEthnicity,Black,364
2024-11,Trauma and Stressor-related Disorders,RaceEthnicity,Hispanic,325
2024-11,Trauma and Stressor-related Disorders,RaceEthnicity,Multiple/Other,448
2024-11,Trauma and Stressor-related Disorders,RaceEthnicity,NHOPI,390
2024-11,Trauma and Stressor-related Disorders,RaceEthnicity,White,453
2024-11,Trauma and Stressor-related Disorders,Sex,All,407
2024-11,Trauma and Stressor-related Disorders,Sex,Female,422
2024-11,Trauma and Stressor-related Disorders,Sex,Male,387
2024-11,Trauma and Stressor-related Disorders,Total,All,407
2024-10,Trauma and Stressor-related Disorders,Age,12-17 years,861
2024-10,Trauma and Stressor-related Disorders,Age,18-34 years,498
2024-10,Trauma and Stressor-related Disorders,Age,35-64 years,501
2024-10,Trauma and Stressor-related Disorders,Age,65+ years,234
2024-10,Trauma and Stressor-related Disorders,Age,All,407
2024-10,Trauma and Stressor-related Disorders,RaceEthnicity,AI/AN,623
2024-10,Trauma and Stressor-related Disorders,RaceEthnicity,All,407
2024-10,Trauma and Stressor-related Disorders,RaceEthnicity,Asian,285
2024-10,Trauma and Stressor-related Disorders,RaceEthnicity,Black,352
2024-10,Trauma and Stressor-related Disorders,RaceEthnicity,Hispanic,330
2024-10,Trauma and Stressor-related Disorders,RaceEthnicity,Multiple/Other,428
2024-10,Trauma and Stressor-related Disorders,RaceEthnicity,NHOPI,393
2024-10,Trauma and Stressor-related Disorders,RaceEthnicity,White,455
2024-10,Trauma and Stressor-related Disorders,Sex,All,407
2024-10,Trauma and Stressor-related Disorders,Sex,Female,425
2024-10,Trauma and Stressor-related Disorders,Sex,Male,382
2024-10,Trauma and Stressor-related Disorders,Total,All,407
2024-09,Trauma and Stressor-related Disorders,Age,12-17 years,810
2024-09,Trauma and Stressor-related Disorders,Age,18-34 years,498
2024-09,Trauma and Stressor-related Disorders,Age,35-64 years,494
2024-09,Trauma and Stressor-related Disorders,Age,65+ years,237
2024-09,Trauma and Stressor-related Disorders,Age,All,404
2024-09,Trauma and Stressor-related Disorders,RaceEthnicity,AI/AN,589
2024-09,Trauma and Stressor-related Disorders,RaceEthnicity,All,404
2024-09,Trauma and Stressor-related Disorders,RaceEthnicity,Asian,315
2024-09,Trauma and Stressor-related Disorders,RaceEthnicity,Black,340
2024-09,Trauma and Stressor-related Disorders,RaceEthnicity,Hispanic,335
2024-09,Trauma and Stressor-related Disorders,RaceEthnicity,Multiple/Other,446
2024-09,Trauma and Stressor-related Disorders,RaceEthnicity,NHOPI,424
2024-09,Trauma and Stressor-related Disorders,RaceEthnicity,White,452
2024-09,Trauma and Stressor-related Disorders,Sex,All,404
2024-09,Trauma and Stressor-related Disorders,Sex,Female,420
2024-09,Trauma and Stressor-related Disorders,Sex,Male,383
2024-09,Trauma and Stressor-related Disorders,Total,All,404
2024-08,Trauma and Stressor-related Disorders,Age,12-17 years,742
2024-08,Trauma and Stressor-related Disorders,Age,18-34 years,495
2024-08,Trauma and Stressor-related Disorders,Age,35-64 years,495
2024-08,Trauma and Stressor-related Disorders,Age,65+ years,237
2024-08,Trauma and Stressor-related Disorders,Age,All,399
2024-08,Trauma and Stressor-related Disorders,RaceEthnicity,AI/AN,606
2024-08,Trauma and Stressor-related Disorders,RaceEthnicity,All,399
2024-08,Trauma and Stressor-related Disorders,RaceEthnicity,Asian,289
2024-08,Trauma and Stressor-related Disorders,RaceEthnicity,Black,333
2024-08,Trauma and Stressor-related Disorders,RaceEthnicity,Hispanic,335
2024-08,Trauma and Stressor-related Disorders,RaceEthnicity,Multiple/Other,425
2024-08,Trauma and Stressor-related Disorders,RaceEthnicity,NHOPI,364
2024-08,Trauma and Stressor-related Disorders,RaceEthnicity,White,448
2024-08,Trauma and Stressor-related Disorders,Sex,All,399
2024-08,Trauma and Stressor-related Disorders,Sex,Female,414
2024-08,Trauma and Stressor-related Disorders,Sex,Male,379
2024-08,Trauma and Stressor-related Disorders,Total,All,399
2024-07,Trauma and Stressor-related Disorders,Age,12-17 years,780
2024-07,Trauma and Stressor-related Disorders,Age,18-34 years,491
2024-07,Trauma and Stressor-related Disorders,Age,35-64 years,487
2024-07,Trauma and Stressor-related Disorders,Age,65+ years,229
2024-07,Trauma and Stressor-related Disorders,Age,All,394
2024-07,Trauma and Stressor-related Disorders,RaceEthnicity,AI/AN,609
2024-07,Trauma and Stressor-related Disorders,RaceEthnicity,All,394
2024-07,Trauma and Stressor-related Disorders,RaceEthnicity,Asian,276
2024-07,Trauma and Stressor-related Disorders,RaceEthnicity,Black,333
2024-07,Trauma and Stressor-related Disorders,RaceEthnicity,Hispanic,324
2024-07,Trauma and Stressor-related Disorders,RaceEthnicity,Multiple/Other,442
2024-07,Trauma and Stressor-related Disorders,RaceEthnicity,NHOPI,397
2024-07,Trauma and Stressor-related Disorders,RaceEthnicity,White,440
2024-07,Trauma and Stressor-related Disorders,Sex,All,394
2024-07,Trauma and Stressor-related Disorders,Sex,Female,410
2024-07,Trauma and Stressor-related Disorders,Sex,Male,372
2024-07,Trauma and Stressor-related Disorders,Total,All,394
2024-06,Trauma and Stressor-related Disorders,Age,12-17 years,798
2024-06,Trauma and Stressor-related Disorders,Age,18-34 years,494
2024-06,Trauma and Stressor-related Disorders,Age,35-64 years,488
2024-06,Trauma and Stressor-related Disorders,Age,65+ years,237
2024-06,Trauma and Stressor-related Disorders,Age,All,396
2024-06,Trauma and Stressor-related Disorders,RaceEthnicity,AI/AN,629
2024-06,Trauma and Stressor-related Disorders,RaceEthnicity,All,396
2024-06,Trauma and Stressor-related Disorders,RaceEthnicity,Asian,288
2024-06,Trauma and Stressor-related Disorders,RaceEthnicity,Black,348
2024-06,Trauma and Stressor-related Disorders,RaceEthnicity,Hispanic,325
2024-06,Trauma and Stressor-related Disorders,RaceEthnicity,Multiple/Other,430
2024-06,Trauma and Stressor-related Disorders,RaceEthnicity,NHOPI,274
2024-06,Trauma and Stressor-related Disorders,RaceEthnicity,White,441
2024-06,Trauma and Stressor-related Disorders,Sex,All,396
2024-06,Trauma and Stressor-related Disorders,Sex,Female,410
2024-06,Trauma and Stressor-related Disorders,Sex,Male,377
2024-06,Trauma and Stressor-related Disorders,Total,All,396
2024-05,Trauma and Stressor-related Disorders,Age,12-17 years,869
2024-05,Trauma and Stressor-related Disorders,Age,18-34 years,492
2024-05,Trauma and Stressor-related Disorders,Age,35-64 years,482
2024-05,Trauma and Stressor-related Disorders,Age,65+ years,232
2024-05,Trauma and Stressor-related Disorders,Age,All,395
2024-05,Trauma and Stressor-related Disorders,RaceEthnicity,AI/AN,640
2024-05,Trauma and Stressor-related Disorders,RaceEthnicity,All,395
2024-05,Trauma and Stressor-related Disorders,RaceEthnicity,Asian,315
2024-05,Trauma and Stressor-related Disorders,RaceEthnicity,Black,337
2024-05,Trauma and Stressor-related Disorders,RaceEthnicity,Hispanic,324
2024-05,Trauma and Stressor-related Disorders,RaceEthnicity,Multiple/Other,454
2024-05,Trauma and Stressor-related Disorders,RaceEthnicity,NHOPI,372
2024-05,Trauma and Stressor-related Disorders,RaceEthnicity,White,440
2024-05,Trauma and Stressor-related Disorders,Sex,All,395
2024-05,Trauma and Stressor-related Disorders,Sex,Female,416
2024-05,Trauma and Stressor-related Disorders,Sex,Male,369
2024-05,Trauma and Stressor-related Disorders,Total,All,395
2024-04,Trauma and Stressor-related Disorders,Age,12-17 years,846
2024-04,Trauma and Stressor-related Disorders,Age,18-34 years,501
2024-04,Trauma and Stressor-related Disorders,Age,35-64 years,483
2024-04,Trauma and Stressor-related Disorders,Age,65+ years,235
2024-04,Trauma and Stressor-related Disorders,Age,All,398
2024-04,Trauma and Stressor-related Disorders,RaceEthnicity,AI/AN,588
2024-04,Trauma and Stressor-related Disorders,RaceEthnicity,All,398
2024-04,Trauma and Stressor-related Disorders,RaceEthnicity,Asian,316
2024-04,Trauma and Stressor-related Disorders,RaceEthnicity,Black,337
2024-04,Trauma and Stressor-related Disorders,RaceEthnicity,Hispanic,319
2024-04,Trauma and Stressor-related Disorders,RaceEthnicity,Multiple/Other,448
2024-04,Trauma and Stressor-related Disorders,RaceEthnicity,NHOPI,363
2024-04,Trauma and Stressor-related Disorders,RaceEthnicity,White,448
2024-04,Trauma and Stressor-related Disorders,Sex,All,398
2024-04,Trauma and Stressor-related Disorders,Sex,Female,417
2024-04,Trauma and Stressor-related Disorders,Sex,Male,376
2024-04,Trauma and Stressor-related Disorders,Total,All,398
2024-03,Trauma and Stressor-related Disorders,Age,12-17 years,859
2024-03,Trauma and Stressor-related Disorders,Age,18-34 years,490
2024-03,Trauma and Stressor-related Disorders,Age,35-64 years,488
2024-03,Trauma and Stressor-related Disorders,Age,65+ years,232
2024-03,Trauma and Stressor-related Disorders,Age,All,393
2024-03,Trauma and Stressor-related Disorders,RaceEthnicity,AI/AN,609
2024-03,Trauma and Stressor-related Disorders,RaceEthnicity,All,393
2024-03,Trauma and Stressor-related Disorders,RaceEthnicity,Asian,294
2024-03,Trauma and Stressor-related Disorders,RaceEthnicity,Black,334
2024-03,Trauma and Stressor-related Disorders,RaceEthnicity,Hispanic,309
2024-03,Trauma and Stressor-related Disorders,RaceEthnicity,Multiple/Other,446
2024-03,Trauma and Stressor-related Disorders,RaceEthnicity,NHOPI,354
2024-03,Trauma and Stressor-related Disorders,RaceEthnicity,White,442
2024-03,Trauma and Stressor-related Disorders,Sex,All,393
2024-03,Trauma and Stressor-related Disorders,Sex,Female,407
2024-03,Trauma and Stressor-related Disorders,Sex,Male,378
2024-03,Trauma and Stressor-related Disorders,Total,All,393
2024-02,Trauma and Stressor-related Disorders,Age,12-17 years,829
2024-02,Trauma and Stressor-related Disorders,Age,18-34 years,487
2024-02,Trauma and Stressor-related Disorders,Age,35-64 years,490
2024-02,Trauma and Stressor-related Disorders,Age,65+ years,233
2024-02,Trauma and Stressor-related Disorders,Age,All,394
2024-02,Trauma and Stressor-related Disorders,RaceEthnicity,AI/AN,614
2024-02,Trauma and Stressor-related Disorders,RaceEthnicity,All,394
2024-02,Trauma and Stressor-related Disorders,RaceEthnicity,Asian,331
2024-02,Trauma and Stressor-related Disorders,RaceEthnicity,Black,323
2024-02,Trauma and Stressor-related Disorders,RaceEthnicity,Hispanic,321
2024-02,Trauma and Stressor-related Disorders,RaceEthnicity,Multiple/Other,447
2024-02,Trauma and Stressor-related Disorders,RaceEthnicity,NHOPI,397
2024-02,Trauma and Stressor-related Disorders,RaceEthnicity,White,442
2024-02,Trauma and Stressor-related Disorders,Sex,All,394
2024-02,Trauma and Stressor-related Disorders,Sex,Female,406
2024-02,Trauma and Stressor-related Disorders,Sex,Male,381
2024-02,Trauma and Stressor-related Disorders,Total,All,394
2024-01,Trauma and Stressor-related Disorders,Age,12-17 years,853
2024-01,Trauma and Stressor-related Disorders,Age,18-34 years,478
2024-01,Trauma and Stressor-related Disorders,Age,35-64 years,474
2024-01,Trauma and Stressor-related Disorders,Age,65+ years,230
2024-01,Trauma and Stressor-related Disorders,Age,All,387
2024-01,Trauma and Stressor-related Disorders,RaceEthnicity,AI/AN,533
2024-01,Trauma and Stressor-related Disorders,RaceEthnicity,All,387
2024-01,Trauma and Stressor-related Disorders,RaceEthnicity,Asian,277
2024-01,Trauma and Stressor-related Disorders,RaceEthnicity,Black,322
2024-01,Trauma and Stressor-related Disorders,RaceEthnicity,Hispanic,310
2024-01,Trauma and Stressor-related Disorders,RaceEthnicity,Multiple/Other,451
2024-01,Trauma and Stressor-related Disorders,RaceEthnicity,NHOPI,390
2024-01,Trauma and Stressor-related Disorders,RaceEthnicity,White,437
2024-01,Trauma and Stressor-related Disorders,Sex,All,387
2024-01,Trauma and Stressor-related Disorders,Sex,Female,399
2024-01,Trauma and Stressor-related Disorders,Sex,Male,371
2024-01,Trauma and Stressor-related Disorders,Total,All,387
2023-12,Trauma and Stressor-related Disorders,Age,12-17 years,732
2023-12,Trauma and Stressor-related Disorders,Age,18-34 years,445
2023-12,Trauma and Stressor-related Disorders,Age,35-64 years,446
2023-12,Trauma and Stressor-related Disorders,Age,65+ years,211
2023-12,Trauma and Stressor-related Disorders,Age,All,345
2023-12,Trauma and Stressor-related Disorders,RaceEthnicity,AI/AN,556
2023-12,Trauma and Stressor-related Disorders,RaceEthnicity,All,345
2023-12,Trauma and Stressor-related Disorders,RaceEthnicity,Asian,247
2023-12,Trauma and Stressor-related Disorders,RaceEthnicity,Black,285
2023-12,Trauma and Stressor-related Disorders,RaceEthnicity,Hispanic,282
2023-12,Trauma and Stressor-related Disorders,RaceEthnicity,Multiple/Other,384
2023-12,Trauma and Stressor-related Disorders,RaceEthnicity,NHOPI,304
2023-12,Trauma and Stressor-related Disorders,RaceEthnicity,White,392
2023-12,Trauma and Stressor-related Disorders,Sex,All,345
2023-12,Trauma and Stressor-related Disorders,Sex,Female,357
2023-12,Trauma and Stressor-related Disorders,Sex,Male,332
2023-12,Trauma and Stressor-related Disorders,Total,All,345
2023-11,Trauma and Stressor-related Disorders,Age,12-17 years,838
2023-11,Trauma and Stressor-related Disorders,Age,18-34 years,489
2023-11,Trauma and Stressor-related Disorders,Age,35-64 years,482
2023-11,Trauma and Stressor-related Disorders,Age,65+ years,224
2023-11,Trauma and Stressor-related Disorders,Age,All,381
2023-11,Trauma and Stressor-related Disorders,RaceEthnicity,AI/AN,565
2023-11,Trauma and Stressor-related Disorders,RaceEthnicity,All,381
2023-11,Trauma and Stressor-related Disorders,RaceEthnicity,Asian,271
2023-11,Trauma and Stressor-related Disorders,RaceEthnicity,Black,313
2023-11,Trauma and Stressor-related Disorders,RaceEthnicity,Hispanic,312
2023-11,Trauma and Stressor-related Disorders,RaceEthnicity,Multiple/Other,427
2023-11,Trauma and Stressor-related Disorders,RaceEthnicity,NHOPI,411
2023-11,Trauma and Stressor-related Disorders,RaceEthnicity,White,435
2023-11,Trauma and Stressor-related Disorders,Sex,All,381
2023-11,Trauma and Stressor-related Disorders,Sex,Female,399
2023-11,Trauma and Stressor-related Disorders,Sex,Male,360
2023-11,Trauma and Stressor-related Disorders,Total,All,381
2023-10,Trauma and Stressor-related Disorders,Age,12-17 years,889
2023-10,Trauma and Stressor-related Disorders,Age,18-34 years,504
2023-10,Trauma and Stressor-related Disorders,Age,35-64 years,504
2023-10,Trauma and Stressor-related Disorders,Age,65+ years,231
2023-10,Trauma and Stressor-related Disorders,Age,All,406
2023-10,Trauma and Stressor-related Disorders,RaceEthnicity,AI/AN,594
2023-10,Trauma and Stressor-related Disorders,RaceEthnicity,All,406
2023-10,Trauma and Stressor-related Disorders,RaceEthnicity,Asian,295
2023-10,Trauma and Stressor-related Disorders,RaceEthnicity,Black,340
2023-10,Trauma and Stressor-related Disorders,RaceEthnicity,Hispanic,347
2023-10,Trauma and Stressor-related Disorders,RaceEthnicity,Multiple/Other,454
2023-10,Trauma and Stressor-related Disorders,RaceEthnicity,NHOPI,339
2023-10,Trauma and Stressor-related Disorders,RaceEthnicity,White,457
2023-10,Trauma and Stressor-related Disorders,Sex,All,406
2023-10,Trauma and Stressor-related Disorders,Sex,Female,427
2023-10,Trauma and Stressor-related Disorders,Sex,Male,383
2023-10,Trauma and Stressor-related Disorders,Total,All,406
2023-09,Trauma and Stressor-related Disorders,Age,12-17 years,770
2023-09,Trauma and Stressor-related Disorders,Age,18-34 years,496
2023-09,Trauma and Stressor-related Disorders,Age,35-64 years,490
2023-09,Trauma and Stressor-related Disorders,Age,65+ years,237
2023-09,Trauma and Stressor-related Disorders,Age,All,399
2023-09,Trauma and Stressor-related Disorders,RaceEthnicity,AI/AN,583
2023-09,Trauma and Stressor-related Disorders,RaceEthnicity,All,399
2023-09,Trauma and Stressor-related Disorders,RaceEthnicity,Asian,312
2023-09,Trauma and Stressor-related Disorders,RaceEthnicity,Black,333
2023-09,Trauma and Stressor-related Disorders,RaceEthnicity,Hispanic,336
2023-09,Trauma and Stressor-related Disorders,RaceEthnicity,Multiple/Other,447
2023-09,Trauma and Stressor-related Disorders,RaceEthnicity,NHOPI,335
2023-09,Trauma and Stressor-related Disorders,RaceEthnicity,White,449
2023-09,Trauma and Stressor-related Disorders,Sex,All,399
2023-09,Trauma and Stressor-related Disorders,Sex,Female,421
2023-09,Trauma and Stressor-related Disorders,Sex,Male,374
2023-09,Trauma and Stressor-related Disorders,Total,All,399
2023-08,Trauma and Stressor-related Disorders,Age,12-17 years,707
2023-08,Trauma and Stressor-related Disorders,Age,18-34 years,505
2023-08,Trauma and Stressor-related Disorders,Age,35-64 years,490
2023-08,Trauma and Stressor-related Disorders,Age,65+ years,234
2023-08,Trauma and Stressor-related Disorders,Age,All,397
2023-08,Trauma and Stressor-related Disorders,RaceEthnicity,AI/AN,637
2023-08,Trauma and Stressor-related Disorders,RaceEthnicity,All,397
2023-08,Trauma and Stressor-related Disorders,RaceEthnicity,Asian,288
2023-08,Trauma and Stressor-related Disorders,RaceEthnicity,Black,325
2023-08,Trauma and Stressor-related Disorders,RaceEthnicity,Hispanic,337
2023-08,Trauma and Stressor-related Disorders,RaceEthnicity,Multiple/Other,434
2023-08,Trauma and Stressor-related Disorders,RaceEthnicity,NHOPI,439
2023-08,Trauma and Stressor-related Disorders,RaceEthnicity,White,448
2023-08,Trauma and Stressor-related Disorders,Sex,All,397
2023-08,Trauma and Stressor-related Disorders,Sex,Female,418
2023-08,Trauma and Stressor-related Disorders,Sex,Male,375
2023-08,Trauma and Stressor-related Disorders,Total,All,397
2023-07,Trauma and Stressor-related Disorders,Age,12-17 years,763
2023-07,Trauma and Stressor-related Disorders,Age,18-34 years,510
2023-07,Trauma and Stressor-related Disorders,Age,35-64 years,501
2023-07,Trauma and Stressor-related Disorders,Age,65+ years,226
2023-07,Trauma and Stressor-related Disorders,Age,All,402
2023-07,Trauma and Stressor-related Disorders,RaceEthnicity,AI/AN,633
2023-07,Trauma and Stressor-related Disorders,RaceEthnicity,All,402
2023-07,Trauma and Stressor-related Disorders,RaceEthnicity,Asian,292
2023-07,Trauma and Stressor-related Disorders,RaceEthnicity,Black,341
2023-07,Trauma and Stressor-related Disorders,RaceEthnicity,Hispanic,347
2023-07,Trauma and Stressor-related Disorders,RaceEthnicity,Multiple/Other,424
2023-07,Trauma and Stressor-related Disorders,RaceEthnicity,NHOPI,450
2023-07,Trauma and Stressor-related Disorders,RaceEthnicity,White,447
2023-07,Trauma and Stressor-related Disorders,Sex,All,402
2023-07,Trauma and Stressor-related Disorders,Sex,Female,424
2023-07,Trauma and Stressor-related Disorders,Sex,Male,379
2023-07,Trauma and Stressor-related Disorders,Total,All,402
2023-06,Trauma and Stressor-related Disorders,Age,12-17 years,819
2023-06,Trauma and Stressor-related Disorders,Age,18-34 years,515
2023-06,Trauma and Stressor-related Disorders,Age,35-64 years,501
2023-06,Trauma and Stressor-related Disorders,Age,65+ years,239
2023-06,Trauma and Stressor-related Disorders,Age,All,406
2023-06,Trauma and Stressor-related Disorders,RaceEthnicity,AI/AN,651
2023-06,Trauma and Stressor-related Disorders,RaceEthnicity,All,406
2023-06,Trauma and Stressor-related Disorders,RaceEthnicity,Asian,300
2023-06,Trauma and Stressor-related Disorders,RaceEthnicity,Black,348
2023-06,Trauma and Stressor-related Disorders,RaceEthnicity,Hispanic,345
2023-06,Trauma and Stressor-related Disorders,RaceEthnicity,Multiple/Other,435
2023-06,Trauma and Stressor-related Disorders,RaceEthnicity,NHOPI,469
2023-06,Trauma and Stressor-related Disorders,RaceEthnicity,White,452
2023-06,Trauma and Stressor-related Disorders,Sex,All,406
2023-06,Trauma and Stressor-related Disorders,Sex,Female,426
2023-06,Trauma and Stressor-related Disorders,Sex,Male,384
2023-06,Trauma and Stressor-related Disorders,Total,All,406
2023-05,Trauma and Stressor-related Disorders,Age,12-17 years,939
2023-05,Trauma and Stressor-related Disorders,Age,18-34 years,520
2023-05,Trauma and Stressor-related Disorders,Age,35-64 years,505
2023-05,Trauma and Stressor-related Disorders,Age,65+ years,232
2023-05,Trauma and Stressor-related Disorders,Age,All,413
2023-05,Trauma and Stressor-related Disorders,RaceEthnicity,AI/AN,594
2023-05,Trauma and Stressor-related Disorders,RaceEthnicity,All,413
2023-05,Trauma and Stressor-related Disorders,RaceEthnicity,Asian,325
2023-05,Trauma and Stressor-related Disorders,RaceEthnicity,Black,347
2023-05,Trauma and Stressor-related Disorders,RaceEthnicity,Hispanic,353
2023-05,Trauma and Stressor-related Disorders,RaceEthnicity,Multiple/Other,422
2023-05,Trauma and Stressor-related Disorders,RaceEthnicity,NHOPI,438
2023-05,Trauma and Stressor-related Disorders,RaceEthnicity,White,464
2023-05,Trauma and Stressor-related Disorders,Sex,All,413
2023-05,Trauma and Stressor-related Disorders,Sex,Female,437
2023-05,Trauma and Stressor-related Disorders,Sex,Male,386
2023-05,Trauma and Stressor-related Disorders,Total,All,413
2023-04,Trauma and Stressor-related Disorders,Age,12-17 years,918
2023-04,Trauma and Stressor-related Disorders,Age,18-34 years,520
2023-04,Trauma and Stressor-related Disorders,Age,35-64 years,508
2023-04,Trauma and Stressor-related Disorders,Age,65+ years,239
2023-04,Trauma and Stressor-related Disorders,Age,All,413
2023-04,Trauma and Stressor-related Disorders,RaceEthnicity,AI/AN,650
2023-04,Trauma and Stressor-related Disorders,RaceEthnicity,All,413
2023-04,Trauma and Stressor-related Disorders,RaceEthnicity,Asian,319
2023-04,Trauma and Stressor-related Disorders,RaceEthnicity,Black,349
2023-04,Trauma and Stressor-related Disorders,RaceEthnicity,Hispanic,349
2023-04,Trauma and Stressor-related Disorders,RaceEthnicity,Multiple/Other,431
2023-04,Trauma and Stressor-related Disorders,RaceEthnicity,NHOPI,400
2023-04,Trauma and Stressor-related Disorders,RaceEthnicity,White,464
2023-04,Trauma and Stressor-related Disorders,Sex,All,413
2023-04,Trauma and Stressor-related Disorders,Sex,Female,442
2023-04,Trauma and Stressor-related Disorders,Sex,Male,380
2023-04,Trauma and Stressor-related Disorders,Total,All,413
2023-03,Trauma and Stressor-related Disorders,Age,12-17 years,1032
2023-03,Trauma and Stressor-related Disorders,Age,18-34 years,521
2023-03,Trauma and Stressor-related Disorders,Age,35-64 years,507
2023-03,Trauma and Stressor-related Disorders,Age,65+ years,232
2023-03,Trauma and Stressor-related Disorders,Age,All,419
2023-03,Trauma and Stressor-related Disorders,RaceEthnicity,AI/AN,632
2023-03,Trauma and Stressor-related Disorders,RaceEthnicity,All,419
2023-03,Trauma and Stressor-related Disorders,RaceEthnicity,Asian,314
2023-03,Trauma and Stressor-related Disorders,RaceEthnicity,Black,364
2023-03,Trauma and Stressor-related Disorders,RaceEthnicity,Hispanic,357
2023-03,Trauma and Stressor-related Disorders,RaceEthnicity,Multiple/Other,451
2023-03,Trauma and Stressor-related Disorders,RaceEthnicity,NHOPI,360
2023-03,Trauma and Stressor-related Disorders,RaceEthnicity,White,468
2023-03,Trauma and Stressor-related Disorders,Sex,All,419
2023-03,Trauma and Stressor-related Disorders,Sex,Female,440
2023-03,Trauma and Stressor-related Disorders,Sex,Male,396
2023-03,Trauma and Stressor-related Disorders,Total,All,419
2023-02,Trauma and Stressor-related Disorders,Age,12-17 years,976
2023-02,Trauma and Stressor-related Disorders,Age,18-34 years,536
2023-02,Trauma and Stressor-related Disorders,Age,35-64 years,506
2023-02,Trauma and Stressor-related Disorders,Age,65+ years,237
2023-02,Trauma and Stressor-related Disorders,Age,All,420
2023-02,Trauma and Stressor-related Disorders,RaceEthnicity,AI/AN,695
2023-02,Trauma and Stressor-related Disorders,RaceEthnicity,All,420
2023-02,Trauma and Stressor-related Disorders,RaceEthnicity,Asian,313
2023-02,Trauma and Stressor-related Disorders,RaceEthnicity,Black,354
2023-02,Trauma and Stressor-related Disorders,RaceEthnicity,Hispanic,349
2023-02,Trauma and Stressor-related Disorders,RaceEthnicity,Multiple/Other,455
2023-02,Trauma and Stressor-related Disorders,RaceEthnicity,NHOPI,380
2023-02,Trauma and Stressor-related Disorders,RaceEthnicity,White,474
2023-02,Trauma and Stressor-related Disorders,Sex,All,420
2023-02,Trauma and Stressor-related Disorders,Sex,Female,444
2023-02,Trauma and Stressor-related Disorders,Sex,Male,393
2023-02,Trauma and Stressor-related Disorders,Total,All,420
2023-01,Trauma and Stressor-related Disorders,Age,12-17 years,979
2023-01,Trauma and Stressor-related Disorders,Age,18-34 years,518
2023-01,Trauma and Stressor-related Disorders,Age,35-64 years,501
2023-01,Trauma and Stressor-related Disorders,Age,65+ years,236
2023-01,Trauma and Stressor-related Disorders,Age,All,417
2023-01,Trauma and Stressor-related Disorders,RaceEthnicity,AI/AN,706
2023-01,Trauma and Stressor-related Disorders,RaceEthnicity,All,417
2023-01,Trauma and Stressor-related Disorders,RaceEthnicity,Asian,313
2023-01,Trauma and Stressor-related Disorders,RaceEthnicity,Black,355
2023-01,Trauma and Stressor-related Disorders,RaceEthnicity,Hispanic,351
2023-01,Trauma and Stressor-related Disorders,RaceEthnicity,Multiple/Other,438
2023-01,Trauma and Stressor-related Disorders,RaceEthnicity,NHOPI,443
2023-01,Trauma and Stressor-related Disorders,RaceEthnicity,White,469
2023-01,Trauma and Stressor-related Disorders,Sex,All,417
2023-01,Trauma and Stressor-related Disorders,Sex,Female,441
2023-01,Trauma and Stressor-related Disorders,Sex,Male,390
2023-01,Trauma and Stressor-related Disorders,Total,All,417
2022-12,Trauma and Stressor-related Disorders,Age,12-17 years,755
2022-12,Trauma and Stressor-related Disorders,Age,18-34 years,468
2022-12,Trauma and Stressor-related Disorders,Age,35-64 years,454
2022-12,Trauma and Stressor-related Disorders,Age,65+ years,216
2022-12,Trauma and Stressor-related Disorders,Age,All,357
2022-12,Trauma and Stressor-related Disorders,RaceEthnicity,AI/AN,594
2022-12,Trauma and Stressor-related Disorders,RaceEthnicity,All,357
2022-12,Trauma and Stressor-related Disorders,RaceEthnicity,Asian,272
2022-12,Trauma and Stressor-related Disorders,RaceEthnicity,Black,312
2022-12,Trauma and Stressor-related Disorders,RaceEthnicity,Hispanic,288
2022-12,Trauma and Stressor-related Disorders,RaceEthnicity,Multiple/Other,349
2022-12,Trauma and Stressor-related Disorders,RaceEthnicity,NHOPI,391
2022-12,Trauma and Stressor-related Disorders,RaceEthnicity,White,404
2022-12,Trauma and Stressor-related Disorders,Sex,All,357
2022-12,Trauma and Stressor-related Disorders,Sex,Female,374
2022-12,Trauma and Stressor-related Disorders,Sex,Male,339
2022-12,Trauma and Stressor-related Disorders,Total,All,357
2022-11,Trauma and Stressor-related Disorders,Age,12-17 years,733
2022-11,Trauma and Stressor-related Disorders,Age,18-34 years,459
2022-11,Trauma and Stressor-related Disorders,Age,35-64 years,458
2022-11,Trauma and Stressor-related Disorders,Age,65+ years,224
2022-11,Trauma and Stressor-related Disorders,Age,All,353
2022-11,Trauma and Stressor-related Disorders,RaceEthnicity,AI/AN,629
2022-11,Trauma and Stressor-related Disorders,RaceEthnicity,All,353
2022-11,Trauma and Stressor-related Disorders,RaceEthnicity,Asian,271
2022-11,Trauma and Stressor-related Disorders,RaceEthnicity,Black,291
2022-11,Trauma and Stressor-related Disorders,RaceEthnicity,Hispanic,278
2022-11,Trauma and Stressor-related Disorders,RaceEthnicity,Multiple/Other,335
2022-11,Trauma and Stressor-related Disorders,RaceEthnicity,NHOPI,295
2022-11,Trauma and Stressor-related Disorders,RaceEthnicity,White,411
2022-11,Trauma and Stressor-related Disorders,Sex,All,353
2022-11,Trauma and Stressor-related Disorders,Sex,Female,372
2022-11,Trauma and Stressor-related Disorders,Sex,Male,332
2022-11,Trauma and Stressor-related Disorders,Total,All,353
2022-10,Trauma and Stressor-related Disorders,Age,12-17 years,802
2022-10,Trauma and Stressor-related Disorders,Age,18-34 years,500
2022-10,Trauma and Stressor-related Disorders,Age,35-64 years,474
2022-10,Trauma and Stressor-related Disorders,Age,65+ years,223
2022-10,Trauma and Stressor-related Disorders,Age,All,377
2022-10,Trauma and Stressor-related Disorders,RaceEthnicity,AI/AN,680
2022-10,Trauma and Stressor-related Disorders,RaceEthnicity,All,377
2022-10,Trauma and Stressor-related Disorders,RaceEthnicity,Asian,299
2022-10,Trauma and Stressor-related Disorders,RaceEthnicity,Black,306
2022-10,Trauma and Stressor-related Disorders,RaceEthnicity,Hispanic,319
2022-10,Trauma and Stressor-related Disorders,RaceEthnicity,Multiple/Other,384
2022-10,Trauma and Stressor-related Disorders,RaceEthnicity,NHOPI,373
2022-10,Trauma and Stressor-related Disorders,RaceEthnicity,White,429
2022-10,Trauma and Stressor-related Disorders,Sex,All,377
2022-10,Trauma and Stressor-related Disorders,Sex,Female,397
2022-10,Trauma and Stressor-related Disorders,Sex,Male,355
2022-10,Trauma and Stressor-related Disorders,Total,All,377
2022-09,Trauma and Stressor-related Disorders,Age,12-17 years,762
2022-09,Trauma and Stressor-related Disorders,Age,18-34 years,503
2022-09,Trauma and Stressor-related Disorders,Age,35-64 years,487
2022-09,Trauma and Stressor-related Disorders,Age,65+ years,227
2022-09,Trauma and Stressor-related Disorders,Age,All,390
2022-09,Trauma and Stressor-related Disorders,RaceEthnicity,AI/AN,646
2022-09,Trauma and Stressor-related Disorders,RaceEthnicity,All,390
2022-09,Trauma and Stressor-related Disorders,RaceEthnicity,Asian,307
2022-09,Trauma and Stressor-related Disorders,RaceEthnicity,Black,325
2022-09,Trauma and Stressor-related Disorders,RaceEthnicity,Hispanic,326
2022-09,Trauma and Stressor-related Disorders,RaceEthnicity,Multiple/Other,384
2022-09,Trauma and Stressor-related Disorders,RaceEthnicity,NHOPI,396
2022-09,Trauma and Stressor-related Disorders,RaceEthnicity,White,444
2022-09,Trauma and Stressor-related Disorders,Sex,All,390
2022-09,Trauma and Stressor-related Disorders,Sex,Female,415
2022-09,Trauma and Stressor-related Disorders,Sex,Male,361
2022-09,Trauma and Stressor-related Disorders,Total,All,390
2022-08,Trauma and Stressor-related Disorders,Age,12-17 years,688
2022-08,Trauma and Stressor-related Disorders,Age,18-34 years,504
2022-08,Trauma and Stressor-related Disorders,Age,35-64 years,475
2022-08,Trauma and Stressor-related Disorders,Age,65+ years,223
2022-08,Trauma and Stressor-related Disorders,Age,All,385
2022-08,Trauma and Stressor-related Disorders,RaceEthnicity,AI/AN,619
2022-08,Trauma and Stressor-related Disorders,RaceEthnicity,All,385
2022-08,Trauma and Stressor-related Disorders,RaceEthnicity,Asian,297
2022-08,Trauma and Stressor-related Disorders,RaceEthnicity,Black,316
2022-08,Trauma and Stressor-related Disorders,RaceEthnicity,Hispanic,326
2022-08,Trauma and Stressor-related Disorders,RaceEthnicity,Multiple/Other,392
2022-08,Trauma and Stressor-related Disorders,RaceEthnicity,NHOPI,385
2022-08,Trauma and Stressor-related Disorders,RaceEthnicity,White,436
2022-08,Trauma and Stressor-related Disorders,Sex,All,385
2022-08,Trauma and Stressor-related Disorders,Sex,Female,410
2022-08,Trauma and Stressor-related Disorders,Sex,Male,357
2022-08,Trauma and Stressor-related Disorders,Total,All,385
2022-07,Trauma and Stressor-related Disorders,Age,12-17 years,736
2022-07,Trauma and Stressor-related Disorders,Age,18-34 years,490
2022-07,Trauma and Stressor-related Disorders,Age,35-64 years,471
2022-07,Trauma and Stressor-related Disorders,Age,65+ years,215
2022-07,Trauma and Stressor-related Disorders,Age,All,380
2022-07,Trauma and Stressor-related Disorders,RaceEthnicity,AI/AN,679
2022-07,Trauma and Stressor-related Disorders,RaceEthnicity,All,380
2022-07,Trauma and Stressor-related Disorders,RaceEthnicity,Asian,272
2022-07,Trauma and Stressor-related Disorders,RaceEthnicity,Black,324
2022-07,Trauma and Stressor-related Disorders,RaceEthnicity,Hispanic,319
2022-07,Trauma and Stressor-related Disorders,RaceEthnicity,Multiple/Other,318
2022-07,Trauma and Stressor-related Disorders,RaceEthnicity,NHOPI,349
2022-07,Trauma and Stressor-related Disorders,RaceEthnicity,White,432
2022-07,Trauma and Stressor-related Disorders,Sex,All,380
2022-07,Trauma and Stressor-related Disorders,Sex,Female,401
2022-07,Trauma and Stressor-related Disorders,Sex,Male,355
2022-07,Trauma and Stressor-related Disorders,Total,All,380
2022-06,Trauma and Stressor-related Disorders,Age,12-17 years,876
2022-06,Trauma and Stressor-related Disorders,Age,18-34 years,511
2022-06,Trauma and Stressor-related Disorders,Age,35-64 years,483
2022-06,Trauma and Stressor-related Disorders,Age,65+ years,229
2022-06,Trauma and Stressor-related Disorders,Age,All,397
2022-06,Trauma and Stressor-related Disorders,RaceEthnicity,AI/AN,734
2022-06,Trauma and Stressor-related Disorders,RaceEthnicity,All,397
2022-06,Trauma and Stressor-related Disorders,RaceEthnicity,Asian,262
2022-06,Trauma and Stressor-related Disorders,RaceEthnicity,Black,345
2022-06,Trauma and Stressor-related Disorders,RaceEthnicity,Hispanic,331
2022-06,Trauma and Stressor-related Disorders,RaceEthnicity,Multiple/Other,397
2022-06,Trauma and Stressor-related Disorders,RaceEthnicity,NHOPI,405
2022-06,Trauma and Stressor-related Disorders,RaceEthnicity,White,444
2022-06,Trauma and Stressor-related Disorders,Sex,All,397
2022-06,Trauma and Stressor-related Disorders,Sex,Female,414
2022-06,Trauma and Stressor-related Disorders,Sex,Male,375
2022-06,Trauma and Stressor-related Disorders,Total,All,397
2022-05,Trauma and Stressor-related Disorders,Age,12-17 years,910
2022-05,Trauma and Stressor-related Disorders,Age,18-34 years,517
2022-05,Trauma and Stressor-related Disorders,Age,35-64 years,494
2022-05,Trauma and Stressor-related Disorders,Age,65+ years,218
2022-05,Trauma and Stressor-related Disorders,Age,All,403
2022-05,Trauma and Stressor-related Disorders,RaceEthnicity,AI/AN,692
2022-05,Trauma and Stressor-related Disorders,RaceEthnicity,All,403
2022-05,Trauma and Stressor-related Disorders,RaceEthnicity,Asian,270
2022-05,Trauma and Stressor-related Disorders,RaceEthnicity,Black,347
2022-05,Trauma and Stressor-related Disorders,RaceEthnicity,Hispanic,339
2022-05,Trauma and Stressor-related Disorders,RaceEthnicity,Multiple/Other,423
2022-05,Trauma and Stressor-related Disorders,RaceEthnicity,NHOPI,341
2022-05,Trauma and Stressor-related Disorders,RaceEthnicity,White,451
2022-05,Trauma and Stressor-related Disorders,Sex,All,403
2022-05,Trauma and Stressor-related Disorders,Sex,Female,429
2022-05,Trauma and Stressor-related Disorders,Sex,Male,372
2022-05,Trauma and Stressor-related Disorders,Total,All,403
2022-04,Trauma and Stressor-related Disorders,Age,12-17 years,900
2022-04,Trauma and Stressor-related Disorders,Age,18-34 years,530
2022-04,Trauma and Stressor-related Disorders,Age,35-64 years,517
2022-04,Trauma and Stressor-related Disorders,Age,65+ years,231
2022-04,Trauma and Stressor-related Disorders,Age,All,421
2022-04,Trauma and Stressor-related Disorders,RaceEthnicity,AI/AN,743
2022-04,Trauma and Stressor-related Disorders,RaceEthnicity,All,421
2022-04,Trauma and Stressor-related Disorders,RaceEthnicity,Asian,282
2022-04,Trauma and Stressor-related Disorders,RaceEthnicity,Black,354
2022-04,Trauma and Stressor-related Disorders,RaceEthnicity,Hispanic,352
2022-04,Trauma and Stressor-related Disorders,RaceEthnicity,Multiple/Other,424
2022-04,Trauma and Stressor-related Disorders,RaceEthnicity,NHOPI,388
2022-04,Trauma and Stressor-related Disorders,RaceEthnicity,White,477
2022-04,Trauma and Stressor-related Disorders,Sex,All,421
2022-04,Trauma and Stressor-related Disorders,Sex,Female,445
2022-04,Trauma and Stressor-related Disorders,Sex,Male,394
2022-04,Trauma and Stressor-related Disorders,Total,All,421
2022-03,Trauma and Stressor-related Disorders,Age,12-17 years,1065
2022-03,Trauma and Stressor-related Disorders,Age,18-34 years,552
2022-03,Trauma and Stressor-related Disorders,Age,35-64 years,535
2022-03,Trauma and Stressor-related Disorders,Age,65+ years,234
2022-03,Trauma and Stressor-related Disorders,Age,All,447
2022-03,Trauma and Stressor-related Disorders,RaceEthnicity,AI/AN,824
2022-03,Trauma and Stressor-related Disorders,RaceEthnicity,All,447
2022-03,Trauma and Stressor-related Disorders,RaceEthnicity,Asian,322
2022-03,Trauma and Stressor-related Disorders,RaceEthnicity,Black,373
2022-03,Trauma and Stressor-related Disorders,RaceEthnicity,Hispanic,380
2022-03,Trauma and Stressor-related Disorders,RaceEthnicity,Multiple/Other,445
2022-03,Trauma and Stressor-related Disorders,RaceEthnicity,NHOPI,398
2022-03,Trauma and Stressor-related Disorders,RaceEthnicity,White,503
2022-03,Trauma and Stressor-related Disorders,Sex,All,447
2022-03,Trauma and Stressor-related Disorders,Sex,Female,473
2022-03,Trauma and Stressor-related Disorders,Sex,Male,419
2022-03,Trauma and Stressor-related Disorders,Total,All,447
2022-02,Trauma and Stressor-related Disorders,Age,12-17 years,1131
2022-02,Trauma and Stressor-related Disorders,Age,18-34 years,579
2022-02,Trauma and Stressor-related Disorders,Age,35-64 years,537
2022-02,Trauma and Stressor-related Disorders,Age,65+ years,237
2022-02,Trauma and Stressor-related Disorders,Age,All,459
2022-02,Trauma and Stressor-related Disorders,RaceEthnicity,AI/AN,776
2022-02,Trauma and Stressor-related Disorders,RaceEthnicity,All,459
2022-02,Trauma and Stressor-related Disorders,RaceEthnicity,Asian,311
2022-02,Trauma and Stressor-related Disorders,RaceEthnicity,Black,383
2022-02,Trauma and Stressor-related Disorders,RaceEthnicity,Hispanic,407
2022-02,Trauma and Stressor-related Disorders,RaceEthnicity,Multiple/Other,448
2022-02,Trauma and Stressor-related Disorders,RaceEthnicity,NHOPI,412
2022-02,Trauma and Stressor-related Disorders,RaceEthnicity,White,508
2022-02,Trauma and Stressor-related Disorders,Sex,All,459
2022-02,Trauma and Stressor-related Disorders,Sex,Female,491
2022-02,Trauma and Stressor-related Disorders,Sex,Male,424
2022-02,Trauma and Stressor-related Disorders,Total,All,459
2022-01,Trauma and Stressor-related Disorders,Age,12-17 years,818
2022-01,Trauma and Stressor-related Disorders,Age,18-34 years,455
2022-01,Trauma and Stressor-related Disorders,Age,35-64 years,437
2022-01,Trauma and Stressor-related Disorders,Age,65+ years,219
2022-01,Trauma and Stressor-related Disorders,Age,All,372
2022-01,Trauma and Stressor-related Disorders,RaceEthnicity,AI/AN,703
2022-01,Trauma and Stressor-related Disorders,RaceEthnicity,All,372
2022-01,Trauma and Stressor-related Disorders,RaceEthnicity,Asian,255
2022-01,Trauma and Stressor-related Disorders,RaceEthnicity,Black,288
2022-01,Trauma and Stressor-related Disorders,RaceEthnicity,Hispanic,316
2022-01,Trauma and Stressor-related Disorders,RaceEthnicity,Multiple/Other,368
2022-01,Trauma and Stressor-related Disorders,RaceEthnicity,NHOPI,315
2022-01,Trauma and Stressor-related Disorders,RaceEthnicity,White,427
2022-01,Trauma and Stressor-related Disorders,Sex,All,372
2022-01,Trauma and Stressor-related Disorders,Sex,Female,384
2022-01,Trauma and Stressor-related Disorders,Sex,Male,360
2022-01,Trauma and Stressor-related Disorders,Total,All,372
2021-12,Trauma and Stressor-related Disorders,Age,12-17 years,861
2021-12,Trauma and Stressor-related Disorders,Age,18-34 years,422
2021-12,Trauma and Stressor-related Disorders,Age,35-64 years,430
2021-12,Trauma and Stressor-related Disorders,Age,65+ years,200
2021-12,Trauma and Stressor-related Disorders,Age,All,352
2021-12,Trauma and Stressor-related Disorders,RaceEthnicity,AI/AN,724
2021-12,Trauma and Stressor-related Disorders,RaceEthnicity,All,352
2021-12,Trauma and Stressor-related Disorders,RaceEthnicity,Asian,248
2021-12,Trauma and Stressor-related Disorders,RaceEthnicity,Black,271
2021-12,Trauma and Stressor-related Disorders,RaceEthnicity,Hispanic,302
2021-12,Trauma and Stressor-related Disorders,RaceEthnicity,Multiple/Other,330
2021-12,Trauma and Stressor-related Disorders,RaceEthnicity,NHOPI,349
2021-12,Trauma and Stressor-related Disorders,RaceEthnicity,White,408
2021-12,Trauma and Stressor-related Disorders,Sex,All,352
2021-12,Trauma and Stressor-related Disorders,Sex,Female,371
2021-12,Trauma and Stressor-related Disorders,Sex,Male,335
2021-12,Trauma and Stressor-related Disorders,Total,All,352
2021-11,Trauma and Stressor-related Disorders,Age,12-17 years,917
2021-11,Trauma and Stressor-related Disorders,Age,18-34 years,510
2021-11,Trauma and Stressor-related Disorders,Age,35-64 years,477
2021-11,Trauma and Stressor-related Disorders,Age,65+ years,216
2021-11,Trauma and Stressor-related Disorders,Age,All,396
2021-11,Trauma and Stressor-related Disorders,RaceEthnicity,AI/AN,737
2021-11,Trauma and Stressor-related Disorders,RaceEthnicity,All,396
2021-11,Trauma and Stressor-related Disorders,RaceEthnicity,Asian,290
2021-11,Trauma and Stressor-related Disorders,RaceEthnicity,Black,339
2021-11,Trauma and Stressor-related Disorders,RaceEthnicity,Hispanic,350
2021-11,Trauma and Stressor-related Disorders,RaceEthnicity,Multiple/Other,370
2021-11,Trauma and Stressor-related Disorders,RaceEthnicity,NHOPI,391
2021-11,Trauma and Stressor-related Disorders,RaceEthnicity,White,442
2021-11,Trauma and Stressor-related Disorders,Sex,All,396
2021-11,Trauma and Stressor-related Disorders,Sex,Female,425
2021-11,Trauma and Stressor-related Disorders,Sex,Male,368
2021-11,Trauma and Stressor-related Disorders,Total,All,396
2021-10,Trauma and Stressor-related Disorders,Age,12-17 years,897
2021-10,Trauma and Stressor-related Disorders,Age,18-34 years,523
2021-10,Trauma and Stressor-related Disorders,Age,35-64 years,498
2021-10,Trauma and Stressor-related Disorders,Age,65+ years,226
2021-10,Trauma and Stressor-related Disorders,Age,All,414
2021-10,Trauma and Stressor-related Disorders,RaceEthnicity,AI/AN,751
2021-10,Trauma and Stressor-related Disorders,RaceEthnicity,All,414
2021-10,Trauma and Stressor-related Disorders,RaceEthnicity,Asian,285
2021-10,Trauma and Stressor-related Disorders,RaceEthnicity,Black,336
2021-10,Trauma and Stressor-related Disorders,RaceEthnicity,Hispanic,357
2021-10,Trauma and Stressor-related Disorders,RaceEthnicity,Multiple/Other,401
2021-10,Trauma and Stressor-related Disorders,RaceEthnicity,NHOPI,382
2021-10,Trauma and Stressor-related Disorders,RaceEthnicity,White,468
2021-10,Trauma and Stressor-related Disorders,Sex,All,414
2021-10,Trauma and Stressor-related Disorders,Sex,Female,445
2021-10,Trauma and Stressor-related Disorders,Sex,Male,383
2021-10,Trauma and Stressor-related Disorders,Total,All,414
2021-09,Trauma and Stressor-related Disorders,Age,12-17 years,744
2021-09,Trauma and Stressor-related Disorders,Age,18-34 years,499
2021-09,Trauma and Stressor-related Disorders,Age,35-64 years,474
2021-09,Trauma and Stressor-related Disorders,Age,65+ years,219
2021-09,Trauma and Stressor-related Disorders,Age,All,391
2021-09,Trauma and Stressor-related Disorders,RaceEthnicity,AI/AN,717
2021-09,Trauma and Stressor-related Disorders,RaceEthnicity,All,391
2021-09,Trauma and Stressor-related Disorders,RaceEthnicity,Asian,275
2021-09,Trauma and Stressor-related Disorders,RaceEthnicity,Black,300
2021-09,Trauma and Stressor-related Disorders,RaceEthnicity,Hispanic,337
2021-09,Trauma and Stressor-related Disorders,RaceEthnicity,Multiple/Other,377
2021-09,Trauma and Stressor-related Disorders,RaceEthnicity,NHOPI,371
2021-09,Trauma and Stressor-related Disorders,RaceEthnicity,White,448
2021-09,Trauma and Stressor-related Disorders,Sex,All,391
2021-09,Trauma and Stressor-related Disorders,Sex,Female,421
2021-09,Trauma and Stressor-related Disorders,Sex,Male,361
2021-09,Trauma and Stressor-related Disorders,Total,All,391
2021-08,Trauma and Stressor-related Disorders,Age,12-17 years,600
2021-08,Trauma and Stressor-related Disorders,Age,18-34 years,468
2021-08,Trauma and Stressor-related Disorders,Age,35-64 years,454
2021-08,Trauma and Stressor-related Disorders,Age,65+ years,222
2021-08,Trauma and Stressor-related Disorders,Age,All,368
2021-08,Trauma and Stressor-related Disorders,RaceEthnicity,AI/AN,669
2021-08,Trauma and Stressor-related Disorders,RaceEthnicity,All,368
2021-08,Trauma and Stressor-related Disorders,RaceEthnicity,Asian,240
2021-08,Trauma and Stressor-related Disorders,RaceEthnicity,Black,274
2021-08,Trauma and Stressor-related Disorders,RaceEthnicity,Hispanic,314
2021-08,Trauma and Stressor-related Disorders,RaceEthnicity,Multiple/Other,409
2021-08,Trauma and Stressor-related Disorders,RaceEthnicity,NHOPI,285
2021-08,Trauma and Stressor-related Disorders,RaceEthnicity,White,422
2021-08,Trauma and Stressor-related Disorders,Sex,All,368
2021-08,Trauma and Stressor-related Disorders,Sex,Female,393
2021-08,Trauma and Stressor-related Disorders,Sex,Male,344
2021-08,Trauma and Stressor-related Disorders,Total,All,368
2021-07,Trauma and Stressor-related Disorders,Age,12-17 years,737
2021-07,Trauma and Stressor-related Disorders,Age,18-34 years,498
2021-07,Trauma and Stressor-related Disorders,Age,35-64 years,486
2021-07,Trauma and Stressor-related Disorders,Age,65+ years,218
2021-07,Trauma and Stressor-related Disorders,Age,All,391
2021-07,Trauma and Stressor-related Disorders,RaceEthnicity,AI/AN,757
2021-07,Trauma and Stressor-related Disorders,RaceEthnicity,All,391
2021-07,Trauma and Stressor-related Disorders,RaceEthnicity,Asian,236
2021-07,Trauma and Stressor-related Disorders,RaceEthnicity,Black,305
2021-07,Trauma and Stressor-related Disorders,RaceEthnicity,Hispanic,336
2021-07,Trauma and Stressor-related Disorders,RaceEthnicity,Multiple/Other,441
2021-07,Trauma and Stressor-related Disorders,RaceEthnicity,NHOPI,418
2021-07,Trauma and Stressor-related Disorders,RaceEthnicity,White,442
2021-07,Trauma and Stressor-related Disorders,Sex,All,391
2021-07,Trauma and Stressor-related Disorders,Sex,Female,416
2021-07,Trauma and Stressor-related Disorders,Sex,Male,367
2021-07,Trauma and Stressor-related Disorders,Total,All,391
2021-06,Trauma and Stressor-related Disorders,Age,12-17 years,843
2021-06,Trauma and Stressor-related Disorders,Age,18-34 years,539
2021-06,Trauma and Stressor-related Disorders,Age,35-64 years,518
2021-06,Trauma and Stressor-related Disorders,Age,65+ years,232
2021-06,Trauma and Stressor-related Disorders,Age,All,423
2021-06,Trauma and Stressor-related Disorders,RaceEthnicity,AI/AN,769
2021-06,Trauma and Stressor-related Disorders,RaceEthnicity,All,423
2021-06,Trauma and Stressor-related Disorders,RaceEthnicity,Asian,270
2021-06,Trauma and Stressor-related Disorders,RaceEthnicity,Black,338
2021-06,Trauma and Stressor-related Disorders,RaceEthnicity,Hispanic,377
2021-06,Trauma and Stressor-related Disorders,RaceEthnicity,Multiple/Other,471
2021-06,Trauma and Stressor-related Disorders,RaceEthnicity,NHOPI,304
2021-06,Trauma and Stressor-related Disorders,RaceEthnicity,White,473
2021-06,Trauma and Stressor-related Disorders,Sex,All,423
2021-06,Trauma and Stressor-related Disorders,Sex,Female,457
2021-06,Trauma and Stressor-related Disorders,Sex,Male,389
2021-06,Trauma and Stressor-related Disorders,Total,All,423
2021-05,Trauma and Stressor-related Disorders,Age,12-17 years,1020
2021-05,Trauma and Stressor-related Disorders,Age,18-34 years,550
2021-05,Trauma and Stressor-related Disorders,Age,35-64 years,523
2021-05,Trauma and Stressor-related Disorders,Age,65+ years,234
2021-05,Trauma and Stressor-related Disorders,Age,All,441
2021-05,Trauma and Stressor-related Disorders,RaceEthnicity,AI/AN,770
2021-05,Trauma and Stressor-related Disorders,RaceEthnicity,All,441
2021-05,Trauma and Stressor-related Disorders,RaceEthnicity,Asian,285
2021-05,Trauma and Stressor-related Disorders,RaceEthnicity,Black,339
2021-05,Trauma and Stressor-related Disorders,RaceEthnicity,Hispanic,405
2021-05,Trauma and Stressor-related Disorders,RaceEthnicity,Multiple/Other,500
2021-05,Trauma and Stressor-related Disorders,RaceEthnicity,NHOPI,435
2021-05,Trauma and Stressor-related Disorders,RaceEthnicity,White,496
2021-05,Trauma and Stressor-related Disorders,Sex,All,441
2021-05,Trauma and Stressor-related Disorders,Sex,Female,477
2021-05,Trauma and Stressor-related Disorders,Sex,Male,405
2021-05,Trauma and Stressor-related Disorders,Total,All,441
2021-04,Trauma and Stressor-related Disorders,Age,12-17 years,940
2021-04,Trauma and Stressor-related Disorders,Age,18-34 years,548
2021-04,Trauma and Stressor-related Disorders,Age,35-64 years,521
2021-04,Trauma and Stressor-related Disorders,Age,65+ years,238
2021-04,Trauma and Stressor-related Disorders,Age,All,443
2021-04,Trauma and Stressor-related Disorders,RaceEthnicity,AI/AN,777
2021-04,Trauma and Stressor-related Disorders,RaceEthnicity,All,443
2021-04,Trauma and Stressor-related Disorders,RaceEthnicity,Asian,294
2021-04,Trauma and Stressor-related Disorders,RaceEthnicity,Black,346
2021-04,Trauma and Stressor-related Disorders,RaceEthnicity,Hispanic,405
2021-04,Trauma and Stressor-related Disorders,RaceEthnicity,Multiple/Other,463
2021-04,Trauma and Stressor-related Disorders,RaceEthnicity,NHOPI,375
2021-04,Trauma and Stressor-related Disorders,RaceEthnicity,White,499
2021-04,Trauma and Stressor-related Disorders,Sex,All,443
2021-04,Trauma and Stressor-related Disorders,Sex,Female,475
2021-04,Trauma and Stressor-related Disorders,Sex,Male,413
2021-04,Trauma and Stressor-related Disorders,Total,All,443
2021-03,Trauma and Stressor-related Disorders,Age,12-17 years,1046
2021-03,Trauma and Stressor-related Disorders,Age,18-34 years,597
2021-03,Trauma and Stressor-related Disorders,Age,35-64 years,558
2021-03,Trauma and Stressor-related Disorders,Age,65+ years,243
2021-03,Trauma and Stressor-related Disorders,Age,All,477
2021-03,Trauma and Stressor-related Disorders,RaceEthnicity,AI/AN,941
2021-03,Trauma and Stressor-related Disorders,RaceEthnicity,All,477
2021-03,Trauma and Stressor-related Disorders,RaceEthnicity,Asian,304
2021-03,Trauma and Stressor-related Disorders,RaceEthnicity,Black,373
2021-03,Trauma and Stressor-related Disorders,RaceEthnicity,Hispanic,446
2021-03,Trauma and Stressor-related Disorders,RaceEthnicity,Multiple/Other,510
2021-03,Trauma and Stressor-related Disorders,RaceEthnicity,NHOPI,511
2021-03,Trauma and Stressor-related Disorders,RaceEthnicity,White,534
2021-03,Trauma and Stressor-related Disorders,Sex,All,477
2021-03,Trauma and Stressor-related Disorders,Sex,Female,509
2021-03,Trauma and Stressor-related Disorders,Sex,Male,448
2021-03,Trauma and Stressor-related Disorders,Total,All,477
2021-02,Trauma and Stressor-related Disorders,Age,12-17 years,1157
2021-02,Trauma and Stressor-related Disorders,Age,18-34 years,629
2021-02,Trauma and Stressor-related Disorders,Age,35-64 years,568
2021-02,Trauma and Stressor-related Disorders,Age,65+ years,245
2021-02,Trauma and Stressor-related Disorders,Age,All,497
2021-02,Trauma and Stressor-related Disorders,RaceEthnicity,AI/AN,867
2021-02,Trauma and Stressor-related Disorders,RaceEthnicity,All,497
2021-02,Trauma and Stressor-related Disorders,RaceEthnicity,Asian,308
2021-02,Trauma and Stressor-related Disorders,RaceEthnicity,Black,412
2021-02,Trauma and Stressor-related Disorders,RaceEthnicity,Hispanic,461
2021-02,Trauma and Stressor-related Disorders,RaceEthnicity,Multiple/Other,524
2021-02,Trauma and Stressor-related Disorders,RaceEthnicity,NHOPI,475
2021-02,Trauma and Stressor-related Disorders,RaceEthnicity,White,554
2021-02,Trauma and Stressor-related Disorders,Sex,All,497
2021-02,Trauma and Stressor-related Disorders,Sex,Female,527
2021-02,Trauma and Stressor-related Disorders,Sex,Male,471
2021-02,Trauma and Stressor-related Disorders,Total,All,497
2021-01,Trauma and Stressor-related Disorders,Age,12-17 years,1071
2021-01,Trauma and Stressor-related Disorders,Age,18-34 years,583
2021-01,Trauma and Stressor-related Disorders,Age,35-64 years,536
2021-01,Trauma and Stressor-related Disorders,Age,65+ years,238
2021-01,Trauma and Stressor-related Disorders,Age,All,469
2021-01,Trauma and Stressor-related Disorders,RaceEthnicity,AI/AN,910
2021-01,Trauma and Stressor-related Disorders,RaceEthnicity,All,469
2021-01,Trauma and Stressor-related Disorders,RaceEthnicity,Asian,316
2021-01,Trauma and Stressor-related Disorders,RaceEthnicity,Black,368
2021-01,Trauma and Stressor-related Disorders,RaceEthnicity,Hispanic,436
2021-01,Trauma and Stressor-related Disorders,RaceEthnicity,Multiple/Other,465
2021-01,Trauma and Stressor-related Disorders,RaceEthnicity,NHOPI,557
2021-01,Trauma and Stressor-related Disorders,RaceEthnicity,White,525
2021-01,Trauma and Stressor-related Disorders,Sex,All,469
2021-01,Trauma and Stressor-related Disorders,Sex,Female,493
2021-01,Trauma and Stressor-related Disorders,Sex,Male,446
2021-01,Trauma and Stressor-related Disorders,Total,All,469
2020-12,Trauma and Stressor-related Disorders,Age,12-17 years,1026
2020-12,Trauma and Stressor-related Disorders,Age,18-34 years,573
2020-12,Trauma and Stressor-related Disorders,Age,35-64 years,525
2020-12,Trauma and Stressor-related Disorders,Age,65+ years,225
2020-12,Trauma and Stressor-related Disorders,Age,All,452
2020-12,Trauma and Stressor-related Disorders,RaceEthnicity,AI/AN,872
2020-12,Trauma and Stressor-related Disorders,RaceEthnicity,All,452
2020-12,Trauma and Stressor-related Disorders,RaceEthnicity,Asian,263
2020-12,Trauma and Stressor-related Disorders,RaceEthnicity,Black,359
2020-12,Trauma and Stressor-related Disorders,RaceEthnicity,Hispanic,417
2020-12,Trauma and Stressor-related Disorders,RaceEthnicity,Multiple/Other,441
2020-12,Trauma and Stressor-related Disorders,RaceEthnicity,NHOPI,400
2020-12,Trauma and Stressor-related Disorders,RaceEthnicity,White,508
2020-12,Trauma and Stressor-related Disorders,Sex,All,452
2020-12,Trauma and Stressor-related Disorders,Sex,Female,472
2020-12,Trauma and Stressor-related Disorders,Sex,Male,431
2020-12,Trauma and Stressor-related Disorders,Total,All,452
2020-11,Trauma and Stressor-related Disorders,Age,12-17 years,1026
2020-11,Trauma and Stressor-related Disorders,Age,18-34 years,578
2020-11,Trauma and Stressor-related Disorders,Age,35-64 years,535
2020-11,Trauma and Stressor-related Disorders,Age,65+ years,234
2020-11,Trauma and Stressor-related Disorders,Age,All,464
2020-11,Trauma and Stressor-related Disorders,RaceEthnicity,AI/AN,794
2020-11,Trauma and Stressor-related Disorders,RaceEthnicity,All,464
2020-11,Trauma and Stressor-related Disorders,RaceEthnicity,Asian,315
2020-11,Trauma and Stressor-related Disorders,RaceEthnicity,Black,373
2020-11,Trauma and Stressor-related Disorders,RaceEthnicity,Hispanic,429
2020-11,Trauma and Stressor-related Disorders,RaceEthnicity,Multiple/Other,454
2020-11,Trauma and Stressor-related Disorders,RaceEthnicity,NHOPI,335
2020-11,Trauma and Stressor-related Disorders,RaceEthnicity,White,525
2020-11,Trauma and Stressor-related Disorders,Sex,All,464
2020-11,Trauma and Stressor-related Disorders,Sex,Female,486
2020-11,Trauma and Stressor-related Disorders,Sex,Male,441
2020-11,Trauma and Stressor-related Disorders,Total,All,464
2020-10,Trauma and Stressor-related Disorders,Age,12-17 years,1022
2020-10,Trauma and Stressor-related Disorders,Age,18-34 years,614
2020-10,Trauma and Stressor-related Disorders,Age,35-64 years,571
2020-10,Trauma and Stressor-related Disorders,Age,65+ years,242
2020-10,Trauma and Stressor-related Disorders,Age,All,492
2020-10,Trauma and Stressor-related Disorders,RaceEthnicity,AI/AN,910
2020-10,Trauma and Stressor-related Disorders,RaceEthnicity,All,492
2020-10,Trauma and Stressor-related Disorders,RaceEthnicity,Asian,323
2020-10,Trauma and Stressor-related Disorders,RaceEthnicity,Black,405
2020-10,Trauma and Stressor-related Disorders,RaceEthnicity,Hispanic,454
2020-10,Trauma and Stressor-related Disorders,RaceEthnicity,Multiple/Other,483
2020-10,Trauma and Stressor-related Disorders,RaceEthnicity,NHOPI,560
2020-10,Trauma and Stressor-related Disorders,RaceEthnicity,White,559
2020-10,Trauma and Stressor-related Disorders,Sex,All,492
2020-10,Trauma and Stressor-related Disorders,Sex,Female,526
2020-10,Trauma and Stressor-related Disorders,Sex,Male,456
2020-10,Trauma and Stressor-related Disorders,Total,All,492
2020-09,Trauma and Stressor-related Disorders,Age,12-17 years,962
2020-09,Trauma and Stressor-related Disorders,Age,18-34 years,635
2020-09,Trauma and Stressor-related Disorders,Age,35-64 years,599
2020-09,Trauma and Stressor-related Disorders,Age,65+ years,246
2020-09,Trauma and Stressor-related Disorders,Age,All,506
2020-09,Trauma and Stressor-related Disorders,RaceEthnicity,AI/AN,795
2020-09,Trauma and Stressor-related Disorders,RaceEthnicity,All,506
2020-09,Trauma and Stressor-related Disorders,RaceEthnicity,Asian,337
2020-09,Trauma and Stressor-related Disorders,RaceEthnicity,Black,405
2020-09,Trauma and Stressor-related Disorders,RaceEthnicity,Hispanic,472
2020-09,Trauma and Stressor-related Disorders,RaceEthnicity,Multiple/Other,493
2020-09,Trauma and Stressor-related Disorders,RaceEthnicity,NHOPI,511
2020-09,Trauma and Stressor-related Disorders,RaceEthnicity,White,578
2020-09,Trauma and Stressor-related Disorders,Sex,All,506
2020-09,Trauma and Stressor-related Disorders,Sex,Female,540
2020-09,Trauma and Stressor-related Disorders,Sex,Male,469
2020-09,Trauma and Stressor-related Disorders,Total,All,506
2020-08,Trauma and Stressor-related Disorders,Age,12-17 years,878
2020-08,Trauma and Stressor-related Disorders,Age,18-34 years,645
2020-08,Trauma and Stressor-related Disorders,Age,35-64 years,615
2020-08,Trauma and Stressor-related Disorders,Age,65+ years,260
2020-08,Trauma and Stressor-related Disorders,Age,All,515
2020-08,Trauma and Stressor-related Disorders,RaceEthnicity,AI/AN,859
2020-08,Trauma and Stressor-related Disorders,RaceEthnicity,All,515
2020-08,Trauma and Stressor-related Disorders,RaceEthnicity,Asian,345
2020-08,Trauma and Stressor-related Disorders,RaceEthnicity,Black,407
2020-08,Trauma and Stressor-related Disorders,RaceEthnicity,Hispanic,487
2020-08,Trauma and Stressor-related Disorders,RaceEthnicity,Multiple/Other,498
2020-08,Trauma and Stressor-related Disorders,RaceEthnicity,NHOPI,584
2020-08,Trauma and Stressor-related Disorders,RaceEthnicity,White,589
2020-08,Trauma and Stressor-related Disorders,Sex,All,515
2020-08,Trauma and Stressor-related Disorders,Sex,Female,555
2020-08,Trauma and Stressor-related Disorders,Sex,Male,472
2020-08,Trauma and Stressor-related Disorders,Total,All,515
2020-07,Trauma and Stressor-related Disorders,Age,12-17 years,856
2020-07,Trauma and Stressor-related Disorders,Age,18-34 years,611
2020-07,Trauma and Stressor-related Disorders,Age,35-64 years,598
2020-07,Trauma and Stressor-related Disorders,Age,65+ years,257
2020-07,Trauma and Stressor-related Disorders,Age,All,501
2020-07,Trauma and Stressor-related Disorders,RaceEthnicity,AI/AN,823
2020-07,Trauma and Stressor-related Disorders,RaceEthnicity,All,501
2020-07,Trauma and Stressor-related Disorders,RaceEthnicity,Asian,311
2020-07,Trauma and Stressor-related Disorders,RaceEthnicity,Black,402
2020-07,Trauma and Stressor-related Disorders,RaceEthnicity,Hispanic,429
2020-07,Trauma and Stressor-related Disorders,RaceEthnicity,Multiple/Other,472
2020-07,Trauma and Stressor-related Disorders,RaceEthnicity,NHOPI,533
2020-07,Trauma and Stressor-related Disorders,RaceEthnicity,White,580
2020-07,Trauma and Stressor-related Disorders,Sex,All,501
2020-07,Trauma and Stressor-related Disorders,Sex,Female,528
2020-07,Trauma and Stressor-related Disorders,Sex,Male,472
2020-07,Trauma and Stressor-related Disorders,Total,All,501
2020-06,Trauma and Stressor-related Disorders,Age,12-17 years,920
2020-06,Trauma and Stressor-related Disorders,Age,18-34 years,655
2020-06,Trauma and Stressor-related Disorders,Age,35-64 years,625
2020-06,Trauma and Stressor-related Disorders,Age,65+ years,253
2020-06,Trauma and Stressor-related Disorders,Age,All,523
2020-06,Trauma and Stressor-related Disorders,RaceEthnicity,AI/AN,893
2020-06,Trauma and Stressor-related Disorders,RaceEthnicity,All,523
2020-06,Trauma and Stressor-related Disorders,RaceEthnicity,Asian,370
2020-06,Trauma and Stressor-related Disorders,RaceEthnicity,Black,417
2020-06,Trauma and Stressor-related Disorders,RaceEthnicity,Hispanic,459
2020-06,Trauma and Stressor-related Disorders,RaceEthnicity,Multiple/Other,513
2020-06,Trauma and Stressor-related Disorders,RaceEthnicity,NHOPI,443
2020-06,Trauma and Stressor-related Disorders,RaceEthnicity,White,594
2020-06,Trauma and Stressor-related Disorders,Sex,All,523
2020-06,Trauma and Stressor-related Disorders,Sex,Female,555
2020-06,Trauma and Stressor-related Disorders,Sex,Male,488
2020-06,Trauma and Stressor-related Disorders,Total,All,523
2020-05,Trauma and Stressor-related Disorders,Age,12-17 years,1112
2020-05,Trauma and Stressor-related Disorders,Age,18-34 years,722
2020-05,Trauma and Stressor-related Disorders,Age,35-64 years,655
2020-05,Trauma and Stressor-related Disorders,Age,65+ years,267
2020-05,Trauma and Stressor-related Disorders,Age,All,559
2020-05,Trauma and Stressor-related Disorders,RaceEthnicity,AI/AN,946
2020-05,Trauma and Stressor-related Disorders,RaceEthnicity,All,559
2020-05,Trauma and Stressor-related Disorders,RaceEthnicity,Asian,319
2020-05,Trauma and Stressor-related Disorders,RaceEthnicity,Black,442
2020-05,Trauma and Stressor-related Disorders,RaceEthnicity,Hispanic,495
2020-05,Trauma and Stressor-related Disorders,RaceEthnicity,Multiple/Other,490
2020-05,Trauma and Stressor-related Disorders,RaceEthnicity,NHOPI,505
2020-05,Trauma and Stressor-related Disorders,RaceEthnicity,White,625
2020-05,Trauma and Stressor-related Disorders,Sex,All,559
2020-05,Trauma and Stressor-related Disorders,Sex,Female,596
2020-05,Trauma and Stressor-related Disorders,Sex,Male,521
2020-05,Trauma and Stressor-related Disorders,Total,All,559
2020-04,Trauma and Stressor-related Disorders,Age,12-17 years,1286
2020-04,Trauma and Stressor-related Disorders,Age,18-34 years,734
2020-04,Trauma and Stressor-related Disorders,Age,35-64 years,643
2020-04,Trauma and Stressor-related Disorders,Age,65+ years,265
2020-04,Trauma and Stressor-related Disorders,Age,All,563
2020-04,Trauma and Stressor-related Disorders,RaceEthnicity,AI/AN,1086
2020-04,Trauma and Stressor-related Disorders,RaceEthnicity,All,563
2020-04,Trauma and Stressor-related Disorders,RaceEthnicity,Asian,294
2020-04,Trauma and Stressor-related Disorders,RaceEthnicity,Black,425
2020-04,Trauma and Stressor-related Disorders,RaceEthnicity,Hispanic,493
2020-04,Trauma and Stressor-related Disorders,RaceEthnicity,Multiple/Other,494
2020-04,Trauma and Stressor-related Disorders,RaceEthnicity,NHOPI,575
2020-04,Trauma and Stressor-related Disorders,RaceEthnicity,White,638
2020-04,Trauma and Stressor-related Disorders,Sex,All,563
2020-04,Trauma and Stressor-related Disorders,Sex,Female,590
2020-04,Trauma and Stressor-related Disorders,Sex,Male,535
2020-04,Trauma and Stressor-related Disorders,Total,All,563
2020-03,Trauma and Stressor-related Disorders,Age,12-17 years,994
2020-03,Trauma and Stressor-related Disorders,Age,18-34 years,566
2020-03,Trauma and Stressor-related Disorders,Age,35-64 years,551
2020-03,Trauma and Stressor-related Disorders,Age,65+ years,233
2020-03,Trauma and Stressor-related Disorders,Age,All,457
2020-03,Trauma and Stressor-related Disorders,RaceEthnicity,AI/AN,774
2020-03,Trauma and Stressor-related Disorders,RaceEthnicity,All,457
2020-03,Trauma and Stressor-related Disorders,RaceEthnicity,Asian,268
2020-03,Trauma and Stressor-related Disorders,RaceEthnicity,Black,337
2020-03,Trauma and Stressor-related Disorders,RaceEthnicity,Hispanic,358
2020-03,Trauma and Stressor-related Disorders,RaceEthnicity,Multiple/Other,384
2020-03,Trauma and Stressor-related Disorders,RaceEthnicity,NHOPI,433
2020-03,Trauma and Stressor-related Disorders,RaceEthnicity,White,542
2020-03,Trauma and Stressor-related Disorders,Sex,All,457
2020-03,Trauma and Stressor-related Disorders,Sex,Female,477
2020-03,Trauma and Stressor-related Disorders,Sex,Male,437
2020-03,Trauma and Stressor-related Disorders,Total,All,457
2020-02,Trauma and Stressor-related Disorders,Age,12-17 years,853
2020-02,Trauma and Stressor-related Disorders,Age,18-34 years,584
2020-02,Trauma and Stressor-related Disorders,Age,35-64 years,569
2020-02,Trauma and Stressor-related Disorders,Age,65+ years,230
2020-02,Trauma and Stressor-related Disorders,Age,All,450
2020-02,Trauma and Stressor-related Disorders,RaceEthnicity,AI/AN,766
2020-02,Trauma and Stressor-related Disorders,RaceEthnicity,All,450
2020-02,Trauma and Stressor-related Disorders,RaceEthnicity,Asian,305
2020-02,Trauma and Stressor-related Disorders,RaceEthnicity,Black,342
2020-02,Trauma and Stressor-related Disorders,RaceEthnicity,Hispanic,371
2020-02,Trauma and Stressor-related Disorders,RaceEthnicity,Multiple/Other,379
2020-02,Trauma and Stressor-related Disorders,RaceEthnicity,NHOPI,340
2020-02,Trauma and Stressor-related Disorders,RaceEthnicity,White,526
2020-02,Trauma and Stressor-related Disorders,Sex,All,450
2020-02,Trauma and Stressor-related Disorders,Sex,Female,469
2020-02,Trauma and Stressor-related Disorders,Sex,Male,431
2020-02,Trauma and Stressor-related Disorders,Total,All,450
2020-01,Trauma and Stressor-related Disorders,Age,12-17 years,825
2020-01,Trauma and Stressor-related Disorders,Age,18-34 years,550
2020-01,Trauma and Stressor-related Disorders,Age,35-64 years,551
2020-01,Trauma and Stressor-related Disorders,Age,65+ years,221
2020-01,Trauma and Stressor-related Disorders,Age,All,430
2020-01,Trauma and Stressor-related Disorders,RaceEthnicity,AI/AN,747
2020-01,Trauma and Stressor-related Disorders,RaceEthnicity,All,430
2020-01,Trauma and Stressor-related Disorders,RaceEthnicity,Asian,272
2020-01,Trauma and Stressor-related Disorders,RaceEthnicity,Black,324
2020-01,Trauma and Stressor-related Disorders,RaceEthnicity,Hispanic,348
2020-01,Trauma and Stressor-related Disorders,RaceEthnicity,Multiple/Other,361
2020-01,Trauma and Stressor-related Disorders,RaceEthnicity,NHOPI,360
2020-01,Trauma and Stressor-related Disorders,RaceEthnicity,White,512
2020-01,Trauma and Stressor-related Disorders,Sex,All,430
2020-01,Trauma and Stressor-related Disorders,Sex,Female,445
2020-01,Trauma and Stressor-related Disorders,Sex,Male,414
2020-01,Trauma and Stressor-related Disorders,Total,All,430
2019-12,Trauma and Stressor-related Disorders,Age,12-17 years,759
2019-12,Trauma and Stressor-related Disorders,Age,18-34 years,533
2019-12,Trauma and Stressor-related Disorders,Age,35-64 years,537
2019-12,Trauma and Stressor-related Disorders,Age,65+ years,220
2019-12,Trauma and Stressor-related Disorders,Age,All,406
2019-12,Trauma and Stressor-related Disorders,RaceEthnicity,AI/AN,686
2019-12,Trauma and Stressor-related Disorders,RaceEthnicity,All,406
2019-12,Trauma and Stressor-related Disorders,RaceEthnicity,Asian,249
2019-12,Trauma and Stressor-related Disorders,RaceEthnicity,Black,300
2019-12,Trauma and Stressor-related Disorders,RaceEthnicity,Hispanic,358
2019-12,Trauma and Stressor-related Disorders,RaceEthnicity,Multiple/Other,325
2019-12,Trauma and Stressor-related Disorders,RaceEthnicity,NHOPI,309
2019-12,Trauma and Stressor-related Disorders,RaceEthnicity,White,477
2019-12,Trauma and Stressor-related Disorders,Sex,All,406
2019-12,Trauma and Stressor-related Disorders,Sex,Female,421
2019-12,Trauma and Stressor-related Disorders,Sex,Male,391
2019-12,Trauma and Stressor-related Disorders,Total,All,406
2019-11,Trauma and Stressor-related Disorders,Age,12-17 years,857
2019-11,Trauma and Stressor-related Disorders,Age,18-34 years,577
2019-11,Trauma and Stressor-related Disorders,Age,35-64 years,561
2019-11,Trauma and Stressor-related Disorders,Age,65+ years,225
2019-11,Trauma and Stressor-related Disorders,Age,All,439
2019-11,Trauma and Stressor-related Disorders,RaceEthnicity,AI/AN,888
2019-11,Trauma and Stressor-related Disorders,RaceEthnicity,All,439
2019-11,Trauma and Stressor-related Disorders,RaceEthnicity,Asian,278
2019-11,Trauma and Stressor-related Disorders,RaceEthnicity,Black,336
2019-11,Trauma and Stressor-related Disorders,RaceEthnicity,Hispanic,396
2019-11,Trauma and Stressor-related Disorders,RaceEthnicity,Multiple/Other,366
2019-11,Trauma and Stressor-related Disorders,RaceEthnicity,NHOPI,259
2019-11,Trauma and Stressor-related Disorders,RaceEthnicity,White,498
2019-11,Trauma and Stressor-related Disorders,Sex,All,439
2019-11,Trauma and Stressor-related Disorders,Sex,Female,459
2019-11,Trauma and Stressor-related Disorders,Sex,Male,421
2019-11,Trauma and Stressor-related Disorders,Total,All,439
2019-10,Trauma and Stressor-related Disorders,Age,12-17 years,867
2019-10,Trauma and Stressor-related Disorders,Age,18-34 years,590
2019-10,Trauma and Stressor-related Disorders,Age,35-64 years,567
2019-10,Trauma and Stressor-related Disorders,Age,65+ years,221
2019-10,Trauma and Stressor-related Disorders,Age,All,460
2019-10,Trauma and Stressor-related Disorders,RaceEthnicity,AI/AN,872
2019-10,Trauma and Stressor-related Disorders,RaceEthnicity,All,460
2019-10,Trauma and Stressor-related Disorders,RaceEthnicity,Asian,301
2019-10,Trauma and Stressor-related Disorders,RaceEthnicity,Black,339
2019-10,Trauma and Stressor-related Disorders,RaceEthnicity,Hispanic,416
2019-10,Trauma and Stressor-related Disorders,RaceEthnicity,Multiple/Other,390
2019-10,Trauma and Stressor-related Disorders,RaceEthnicity,NHOPI,411
2019-10,Trauma and Stressor-related Disorders,RaceEthnicity,White,533
2019-10,Trauma and Stressor-related Disorders,Sex,All,460
2019-10,Trauma and Stressor-related Disorders,Sex,Female,486
2019-10,Trauma and Stressor-related Disorders,Sex,Male,436
2019-10,Trauma and Stressor-related Disorders,Total,All,460
2019-09,Trauma and Stressor-related Disorders,Age,12-17 years,762
2019-09,Trauma and Stressor-related Disorders,Age,18-34 years,590
2019-09,Trauma and Stressor-related Disorders,Age,35-64 years,564
2019-09,Trauma and Stressor-related Disorders,Age,65+ years,231
2019-09,Trauma and Stressor-related Disorders,Age,All,457
2019-09,Trauma and Stressor-related Disorders,RaceEthnicity,AI/AN,825
2019-09,Trauma and Stressor-related Disorders,RaceEthnicity,All,457
2019-09,Trauma and Stressor-related Disorders,RaceEthnicity,Asian,306
2019-09,Trauma and Stressor-related Disorders,RaceEthnicity,Black,343
2019-09,Trauma and Stressor-related Disorders,RaceEthnicity,Hispanic,408
2019-09,Trauma and Stressor-related Disorders,RaceEthnicity,Multiple/Other,383
2019-09,Trauma and Stressor-related Disorders,RaceEthnicity,NHOPI,279
2019-09,Trauma and Stressor-related Disorders,RaceEthnicity,White,525
2019-09,Trauma and Stressor-related Disorders,Sex,All,457
2019-09,Trauma and Stressor-related Disorders,Sex,Female,485
2019-09,Trauma and Stressor-related Disorders,Sex,Male,431
2019-09,Trauma and Stressor-related Disorders,Total,All,457
2019-08,Trauma and Stressor-related Disorders,Age,12-17 years,689
2019-08,Trauma and Stressor-related Disorders,Age,18-34 years,595
2019-08,Trauma and Stressor-related Disorders,Age,35-64 years,577
2019-08,Trauma and Stressor-related Disorders,Age,65+ years,233
2019-08,Trauma and Stressor-related Disorders,Age,All,458
2019-08,Trauma and Stressor-related Disorders,RaceEthnicity,AI/AN,751
2019-08,Trauma and Stressor-related Disorders,RaceEthnicity,All,458
2019-08,Trauma and Stressor-related Disorders,RaceEthnicity,Asian,264
2019-08,Trauma and Stressor-related Disorders,RaceEthnicity,Black,341
2019-08,Trauma and Stressor-related Disorders,RaceEthnicity,Hispanic,413
2019-08,Trauma and Stressor-related Disorders,RaceEthnicity,Multiple/Other,387
2019-08,Trauma and Stressor-related Disorders,RaceEthnicity,NHOPI,368
2019-08,Trauma and Stressor-related Disorders,RaceEthnicity,White,524
2019-08,Trauma and Stressor-related Disorders,Sex,All,458
2019-08,Trauma and Stressor-related Disorders,Sex,Female,480
2019-08,Trauma and Stressor-related Disorders,Sex,Male,438
2019-08,Trauma and Stressor-related Disorders,Total,All,458
2019-07,Trauma and Stressor-related Disorders,Age,12-17 years,637
2019-07,Trauma and Stressor-related Disorders,Age,18-34 years,564
2019-07,Trauma and Stressor-related Disorders,Age,35-64 years,552
2019-07,Trauma and Stressor-related Disorders,Age,65+ years,225
2019-07,Trauma and Stressor-related Disorders,Age,All,436
2019-07,Trauma and Stressor-related Disorders,RaceEthnicity,AI/AN,759
2019-07,Trauma and Stressor-related Disorders,RaceEthnicity,All,436
2019-07,Trauma and Stressor-related Disorders,RaceEthnicity,Asian,249
2019-07,Trauma and Stressor-related Disorders,RaceEthnicity,Black,344
2019-07,Trauma and Stressor-related Disorders,RaceEthnicity,Hispanic,382
2019-07,Trauma and Stressor-related Disorders,RaceEthnicity,Multiple/Other,374
2019-07,Trauma and Stressor-related Disorders,RaceEthnicity,NHOPI,419
2019-07,Trauma and Stressor-related Disorders,RaceEthnicity,White,497
2019-07,Trauma and Stressor-related Disorders,Sex,All,436
2019-07,Trauma and Stressor-related Disorders,Sex,Female,460
2019-07,Trauma and Stressor-related Disorders,Sex,Male,412
2019-07,Trauma and Stressor-related Disorders,Total,All,436
2019-06,Trauma and Stressor-related Disorders,Age,12-17 years,739
2019-06,Trauma and Stressor-related Disorders,Age,18-34 years,550
2019-06,Trauma and Stressor-related Disorders,Age,35-64 years,534
2019-06,Trauma and Stressor-related Disorders,Age,65+ years,211
2019-06,Trauma and Stressor-related Disorders,Age,All,424
2019-06,Trauma and Stressor-related Disorders,RaceEthnicity,AI/AN,750
2019-06,Trauma and Stressor-related Disorders,RaceEthnicity,All,424
2019-06,Trauma and Stressor-related Disorders,RaceEthnicity,Asian,279
2019-06,Trauma and Stressor-related Disorders,RaceEthnicity,Black,325
2019-06,Trauma and Stressor-related Disorders,RaceEthnicity,Hispanic,369
2019-06,Trauma and Stressor-related Disorders,RaceEthnicity,Multiple/Other,370
2019-06,Trauma and Stressor-related Disorders,RaceEthnicity,NHOPI,382
2019-06,Trauma and Stressor-related Disorders,RaceEthnicity,White,479
2019-06,Trauma and Stressor-related Disorders,Sex,All,424
2019-06,Trauma and Stressor-related Disorders,Sex,Female,448
2019-06,Trauma and Stressor-related Disorders,Sex,Male,401
2019-06,Trauma and Stressor-related Disorders,Total,All,424
2019-05,Trauma and Stressor-related Disorders,Age,12-17 years,837
2019-05,Trauma and Stressor-related Disorders,Age,18-34 years,549
2019-05,Trauma and Stressor-related Disorders,Age,35-64 years,514
2019-05,Trauma and Stressor-related Disorders,Age,65+ years,207
2019-05,Trauma and Stressor-related Disorders,Age,All,423
2019-05,Trauma and Stressor-related Disorders,RaceEthnicity,AI/AN,875
2019-05,Trauma and Stressor-related Disorders,RaceEthnicity,All,423
2019-05,Trauma and Stressor-related Disorders,RaceEthnicity,Asian,270
2019-05,Trauma and Stressor-related Disorders,RaceEthnicity,Black,316
2019-05,Trauma and Stressor-related Disorders,RaceEthnicity,Hispanic,352
2019-05,Trauma and Stressor-related Disorders,RaceEthnicity,Multiple/Other,366
2019-05,Trauma and Stressor-related Disorders,RaceEthnicity,NHOPI,351
2019-05,Trauma and Stressor-related Disorders,RaceEthnicity,White,483
2019-05,Trauma and Stressor-related Disorders,Sex,All,423
2019-05,Trauma and Stressor-related Disorders,Sex,Female,446
2019-05,Trauma and Stressor-related Disorders,Sex,Male,399
2019-05,Trauma and Stressor-related Disorders,Total,All,423
2019-04,Trauma and Stressor-related Disorders,Age,12-17 years,794
2019-04,Trauma and Stressor-related Disorders,Age,18-34 years,552
2019-04,Trauma and Stressor-related Disorders,Age,35-64 years,528
2019-04,Trauma and Stressor-related Disorders,Age,65+ years,206
2019-04,Trauma and Stressor-related Disorders,Age,All,424
2019-04,Trauma and Stressor-related Disorders,RaceEthnicity,AI/AN,943
2019-04,Trauma and Stressor-related Disorders,RaceEthnicity,All,424
2019-04,Trauma and Stressor-related Disorders,RaceEthnicity,Asian,252
2019-04,Trauma and Stressor-related Disorders,RaceEthnicity,Black,326
2019-04,Trauma and Stressor-related Disorders,RaceEthnicity,Hispanic,360
2019-04,Trauma and Stressor-related Disorders,RaceEthnicity,Multiple/Other,366
2019-04,Trauma and Stressor-related Disorders,RaceEthnicity,NHOPI,315
2019-04,Trauma and Stressor-related Disorders,RaceEthnicity,White,480
2019-04,Trauma and Stressor-related Disorders,Sex,All,424
2019-04,Trauma and Stressor-related Disorders,Sex,Female,442
2019-04,Trauma and Stressor-related Disorders,Sex,Male,402
2019-04,Trauma and Stressor-related Disorders,Total,All,424
2019-03,Trauma and Stressor-related Disorders,Age,12-17 years,789
2019-03,Trauma and Stressor-related Disorders,Age,18-34 years,517
2019-03,Trauma and Stressor-related Disorders,Age,35-64 years,493
2019-03,Trauma and Stressor-related Disorders,Age,65+ years,193
2019-03,Trauma and Stressor-related Disorders,Age,All,396
2019-03,Trauma and Stressor-related Disorders,RaceEthnicity,AI/AN,813
2019-03,Trauma and Stressor-related Disorders,RaceEthnicity,All,396
2019-03,Trauma and Stressor-related Disorders,RaceEthnicity,Asian,238
2019-03,Trauma and Stressor-related Disorders,RaceEthnicity,Black,299
2019-03,Trauma and Stressor-related Disorders,RaceEthnicity,Hispanic,317
2019-03,Trauma and Stressor-related Disorders,RaceEthnicity,Multiple/Other,357
2019-03,Trauma and Stressor-related Disorders,RaceEthnicity,NHOPI,293
2019-03,Trauma and Stressor-related Disorders,RaceEthnicity,White,449
2019-03,Trauma and Stressor-related Disorders,Sex,All,396
2019-03,Trauma and Stressor-related Disorders,Sex,Female,409
2019-03,Trauma and Stressor-related Disorders,Sex,Male,382
2019-03,Trauma and Stressor-related Disorders,Total,All,396
2019-02,Trauma and Stressor-related Disorders,Age,12-17 years,765
2019-02,Trauma and Stressor-related Disorders,Age,18-34 years,508
2019-02,Trauma and Stressor-related Disorders,Age,35-64 years,485
2019-02,Trauma and Stressor-related Disorders,Age,65+ years,196
2019-02,Trauma and Stressor-related Disorders,Age,All,389
2019-02,Trauma and Stressor-related Disorders,RaceEthnicity,AI/AN,775
2019-02,Trauma and Stressor-related Disorders,RaceEthnicity,All,389
2019-02,Trauma and Stressor-related Disorders,RaceEthnicity,Asian,244
2019-02,Trauma and Stressor-related Disorders,RaceEthnicity,Black,287
2019-02,Trauma and Stressor-related Disorders,RaceEthnicity,Hispanic,307
2019-02,Trauma and Stressor-related Disorders,RaceEthnicity,Multiple/Other,352
2019-02,Trauma and Stressor-related Disorders,RaceEthnicity,NHOPI,276
2019-02,Trauma and Stressor-related Disorders,RaceEthnicity,White,449
2019-02,Trauma and Stressor-related Disorders,Sex,All,389
2019-02,Trauma and Stressor-related Disorders,Sex,Female,400
2019-02,Trauma and Stressor-related Disorders,Sex,Male,378
2019-02,Trauma and Stressor-related Disorders,Total,All,389
2019-01,Trauma and Stressor-related Disorders,Age,12-17 years,716
2019-01,Trauma and Stressor-related Disorders,Age,18-34 years,465
2019-01,Trauma and Stressor-related Disorders,Age,35-64 years,456
2019-01,Trauma and Stressor-related Disorders,Age,65+ years,193
2019-01,Trauma and Stressor-related Disorders,Age,All,366
2019-01,Trauma and Stressor-related Disorders,RaceEthnicity,AI/AN,782
2019-01,Trauma and Stressor-related Disorders,RaceEthnicity,All,366
2019-01,Trauma and Stressor-related Disorders,RaceEthnicity,Asian,268
2019-01,Trauma and Stressor-related Disorders,RaceEthnicity,Black,281
2019-01,Trauma and Stressor-related Disorders,RaceEthnicity,Hispanic,309
2019-01,Trauma and Stressor-related Disorders,RaceEthnicity,Multiple/Other,319
2019-01,Trauma and Stressor-related Disorders,RaceEthnicity,NHOPI,290
2019-01,Trauma and Stressor-related Disorders,RaceEthnicity,White,432
2019-01,Trauma and Stressor-related Disorders,Sex,All,366
2019-01,Trauma and Stressor-related Disorders,Sex,Female,378
2019-01,Trauma and Stressor-related Disorders,Sex,Male,353
2019-01,Trauma and Stressor-related Disorders,Total,All,366